Frame Offset; Left Frame Index; Right Frame Index; Left Frame Time (ms); Left time from first frame (ms); Right Frame Time (ms); Right time from first frame (ms); Frame Time Diff (ms)
0;1;1;21.09;0;27.4533;0;6.3633
1;2;2;18.0963;21.0900001525879;8.7146;27.4533004760742;-9.381701
2;3;3;25.2189;39.18630027771;7.9665;36.1679000854492;-17.2524
3;4;4;25.1747;64.405200958252;10.0158;44.1343998908997;-15.1589
4;5;5;24.7321;89.5799007415771;6.1889;54.1501994132996;-18.5432
5;6;6;25.574;114.312000274658;6.6576;60.339099407196;-18.9164
6;7;7;25.2584;139.885999679565;6.8669;66.9966993331909;-18.3915
7;8;8;26.2826;165.144399642944;6.7336;73.8635993003845;-19.549
8;9;9;26.0739;191.427000045776;5.478;80.5971994400024;-20.5959
9;10;10;27.6225;217.500900268555;6.1904;86.0751996040344;-21.4321
10;11;11;25.0355;245.123399734497;5.371;92.2655997276306;-19.6645
11;12;12;25.7124;270.158899307251;5.3139;97.6365995407104;-20.3985
12;13;13;25.8152;295.871299743652;5.0352;102.950499534607;-20.78
13;14;14;28.1532;321.686500549316;5.3792;107.985699653625;-22.774
14;15;15;26.385;349.839700698853;8.0546;113.364899635315;-18.3304
15;16;16;25.4525;376.224700927734;8.5296;121.419499397278;-16.9229
16;17;17;25.6055;401.677200317383;5.1241;129.94909954071;-20.4814
17;18;18;25.8956;427.282699584961;5.2812;135.073199748993;-20.6144
18;19;19;26.8028;453.178298950195;5.4135;140.354399681091;-21.3893
19;20;20;25.0634;479.981098175049;5.622;145.767899513245;-19.4414
20;21;21;26.9852;505.044498443604;5.925;151.389899730682;-21.0602
21;22;22;25.6664;532.029699325562;5.9316;157.314899921417;-19.7348
22;23;23;25.1013;557.696098327637;7.8314;163.246500015259;-17.2699
23;24;24;26.1519;582.797397613525;6.2585;171.077899932861;-19.8934
24;25;25;24.8546;608.949296951294;4.9297;177.336400032043;-19.9249
25;26;26;26.584;633.803895950317;4.7404;182.26609992981;-21.8436
26;27;27;24.9463;660.387895584106;5.7955;187.006499767303;-19.1508
27;28;28;25.7318;685.334196090698;5.3354;192.801999568939;-20.3964
28;29;29;27.8436;711.065996170044;5.6364;198.137399673462;-22.2072
29;30;30;25.1515;738.909595489502;5.8894;203.77379989624;-19.2621
30;31;31;25.549;764.061096191406;5.4169;209.663199901581;-20.1321
31;32;32;25.4457;789.610095977783;5.2694;215.080100059509;-20.1763
32;33;33;25.7173;815.055795669556;5.4262;220.349500179291;-20.2911
33;34;34;25.2455;840.773096084595;5.1898;225.775700092316;-20.0557
34;35;35;25.5431;866.01859664917;5.1052;230.96549987793;-20.4379
35;36;36;25.5;891.561697006226;4.4005;236.070699691772;-21.0995
36;37;37;26.5343;917.061697006226;4.6678;240.471199512482;-21.8665
37;38;38;25.6151;943.595996856689;4.7637;245.138999462128;-20.8514
38;39;39;25.0729;969.211097717285;4.4924;249.90269947052;-20.5805
39;40;40;24.8597;994.28399848938;4.435;254.395099639893;-20.4247
40;41;41;25.4088;1019.14369773865;5.8132;258.830099582672;-19.5956
41;42;42;26.1715;1044.55249786377;4.6636;264.64329957962;-21.5079
42;43;43;24.9092;1070.72399711609;4.6739;269.306899547577;-20.2353
43;44;44;25.6393;1095.63319778442;6.0304;273.980799674988;-19.6089
44;45;45;25.2773;1121.27249717712;5.4584;280.011199474335;-19.8189
45;46;46;25.5511;1146.54979705811;4.9512;285.469599246979;-20.5999
46;47;47;25.6629;1172.10089683533;5.07;290.420799255371;-20.5929
47;48;48;28.8948;1197.76379585266;5.2368;295.490799427032;-23.658
48;49;49;24.9971;1226.65859603882;5.042;300.727599620819;-19.9551
49;50;50;26.1324;1251.6556968689;5.956;305.769599437714;-20.1764
50;51;51;26.2114;1277.78809738159;5.5644;311.72559928894;-20.647
51;52;52;24.2455;1303.99949645996;7.0547;317.289999485016;-17.1908
52;53;53;25.4593;1328.24499702454;6.0084;324.344699382782;-19.4509
53;54;54;25.6589;1353.70429611206;5.0265;330.353099346161;-20.6324
54;55;55;25.0724;1379.36319541931;4.9017;335.379599571228;-20.1707
55;56;56;25.4254;1404.43559455872;4.783;340.281299591064;-20.6424
56;57;57;25.6882;1429.86099433899;4.6528;345.064299583435;-21.0354
57;58;58;25.6427;1455.54919433594;4.7931;349.717099666595;-20.8496
58;59;59;25.7865;1481.19189453125;5.1773;354.510199546814;-20.6092
59;60;60;24.9379;1506.97839355469;5.6729;359.687499523163;-19.265
60;61;61;25.4917;1531.9162940979;4.9729;365.360399723053;-20.5188
61;62;62;25.7191;1557.40799331665;6.3597;370.333299636841;-19.3594
62;63;63;25.7885;1583.12709236145;5.5243;376.692999839783;-20.2642
63;64;64;24.7514;1608.9155921936;5.1175;382.217299938202;-19.6339
64;65;65;26.051;1633.6669921875;5.0703;387.334799766541;-20.9807
65;66;66;25.2633;1659.71799278259;6.1785;392.405099868774;-19.0848
66;67;67;26.4364;1684.98129272461;5.6476;398.58360004425;-20.7888
67;68;68;27.8535;1711.41769218445;5.1393;404.231200218201;-22.7142
68;69;69;25.1873;1739.27119255066;5.5658;409.370500087738;-19.6215
69;70;70;25.5891;1764.45849227905;6.6611;414.93630027771;-18.928
70;71;71;25.8494;1790.04759216309;7.2804;421.597400188446;-18.569
71;72;72;25.172;1815.89699172974;5.4715;428.877799987793;-19.7005
72;73;73;25.5806;1841.06899261475;5.7557;434.349299907684;-19.8249
73;74;74;25.5901;1866.64959335327;4.8569;440.105000019073;-20.7332
74;75;75;25.2479;1892.23969268799;5.6114;444.961900234222;-19.6365
75;76;76;25.8508;1917.48759269714;4.9189;450.573300361633;-20.9319
76;77;77;25.3551;1943.33839225769;5.0299;455.492200374603;-20.3252
77;78;78;26.823;1968.6934928894;5.2261;460.522100448608;-21.5969
78;79;79;23.9858;1995.51649284363;6.9689;465.748200416565;-17.0169
79;80;80;25.1957;2019.50229263306;4.9622;472.71710062027;-20.2335
80;81;81;25.6441;2044.69799232483;5.8642;477.679300785065;-19.7799
81;82;82;25.1807;2070.34209251404;5.1547;483.543500900269;-20.026
82;83;83;25.5969;2095.52279281616;5.9026;488.698200702667;-19.6943
83;84;84;25.7864;2121.11969184875;5.9358;494.600800514221;-19.8506
84;85;85;25.7444;2146.90609169006;4.5148;500.536600589752;-21.2296
85;86;86;24.6417;2172.65049171448;5.9295;505.051400661469;-18.7122
86;87;87;28.9187;2197.29219245911;5.1994;510.980900764465;-23.7193
87;88;88;25.5553;2226.21089172363;5.8286;516.180300712585;-19.7267
88;89;89;26.1296;2251.76619148254;6.5952;522.008900642395;-19.5344
89;90;90;24.7657;2277.89579200745;7.1773;528.604100704193;-17.5884
90;91;91;25.6105;2302.66149139404;7.6166;535.781400680542;-17.9939
91;92;92;25.5122;2328.27199172974;5.5313;543.398000717163;-19.9809
92;93;93;26.5012;2353.78419113159;4.8616;548.929300785065;-21.6396
93;94;94;24.478;2380.28539085388;5.2552;553.790900707245;-19.2228
94;95;95;25.6452;2404.76339149475;5.2449;559.046100616455;-20.4003
95;96;96;4.0334;2430.40859222412;5.0058;564.291000366211;0.9723997
96;97;97;21.036;2434.44199228287;4.4458;569.296800136566;-16.5902
97;98;98;51.488;2455.47799158096;5.4156;573.742599964142;-46.0724
98;99;99;25.6191;2506.96599054337;6.1569;579.15819978714;-19.4622
99;100;100;25.3609;2532.58509111404;5.0534;585.315099716187;-20.3075
100;101;101;25.3503;2557.94599199295;4.5708;590.368499755859;-20.7795
101;102;102;25.4731;2583.29629182816;4.5936;594.939299583435;-20.8795
102;103;103;25.7259;2608.76939249039;5.6085;599.53289937973;-20.1174
103;104;104;25.1676;2634.49529314041;4.6588;605.141399383545;-20.5088
104;105;105;25.2611;2659.66289377213;4.9094;609.800199508667;-20.3517
105;106;106;26.0587;2684.92399454117;5.1779;614.709599494934;-20.8808
106;107;107;28.1984;2710.98269510269;4.5275;619.887499332428;-23.6709
107;108;108;26.0873;2739.18109560013;5.3567;624.414999485016;-20.7306
108;109;109;25.1169;2765.26839494705;5.3424;629.771699428558;-19.7745
109;110;110;25.4893;2790.38529443741;6.4334;635.114099502563;-19.0559
110;111;111;25.3865;2815.87459421158;4.8736;641.547499656677;-20.5129
111;112;112;25.5016;2841.26109361649;4.4329;646.421099662781;-21.0687
112;113;113;25.9428;2866.76269388199;4.5772;650.853999614716;-21.3656
113;114;114;25.1911;2892.70549440384;5.2096;655.431199550629;-19.9815
114;115;115;25.3399;2917.89659357071;5.8792;660.6407995224;-19.4607
115;116;116;25.3893;2943.23649263382;4.8443;666.519999504089;-20.545
116;117;117;26.5478;2968.62579202652;4.5857;671.364299297333;-21.9621
117;118;118;24.4977;2995.17359209061;5.352;675.949999332428;-19.1457
118;119;119;25.444;3019.67129182816;5.7472;681.301999092102;-19.6968
119;120;120;25.5555;3045.1152920723;5.105;687.049199104309;-20.4505
120;121;121;25.231;3070.67079210281;4.4419;692.154199123383;-20.7891
121;122;122;25.518;3095.90179109573;4.8736;696.596098899841;-20.6444
122;123;123;26.3359;3121.41979074478;4.6758;701.469698905945;-21.6601
123;124;124;25.1719;3147.75569009781;4.4684;706.145498752594;-20.7035
124;125;125;25.2196;3172.92758989334;5.3095;710.61389875412;-19.9101
125;126;126;28.6139;3198.14719057083;4.9577;715.923398971558;-23.6562
126;127;127;25.6091;3226.76108980179;5.5578;720.881098747253;-20.0513
127;128;128;25.6681;3252.37019014359;6.3777;726.438898563385;-19.2904
128;129;129;24.805;3278.03829050064;5.9827;732.816598415375;-18.8223
129;130;130;26.405;3302.84329080582;4.5399;738.799298286438;-21.8651
130;131;131;24.7404;3329.24829149246;4.4954;743.339198112488;-20.245
131;132;132;26.3464;3353.98869180679;4.5982;747.834598064423;-21.7482
132;133;133;24.6379;3380.33509111404;4.7355;752.432797908783;-19.9024
133;134;134;26.6162;3404.97299051285;4.4118;757.168297767639;-22.2044
134;135;135;24.6233;3431.58919000626;4.4563;761.580097675323;-20.167
135;136;136;25.6307;3456.21249055862;4.4968;766.036397457123;-21.1339
136;137;137;25.8364;3481.84318971634;4.3889;770.533197402954;-21.4475
137;138;138;24.6247;3507.67958879471;4.5569;774.922097206116;-20.0678
138;139;139;25.3675;3532.30428934097;4.9923;779.47899723053;-20.3752
139;140;140;25.8672;3557.67178964615;5.4226;784.471297264099;-20.4446
140;141;141;25.2644;3583.53899049759;4.7327;789.89389705658;-20.5317
141;142;142;25.3565;3608.80339097977;5.7538;794.626596927643;-19.6027
142;143;143;25.6097;3634.15989160538;4.495;800.380396842957;-21.1147
143;144;144;25.5383;3659.76959085464;4.6949;804.875396728516;-20.8434
144;145;145;26.0531;3685.30789041519;5.3799;809.570296764374;-20.6732
145;146;146;28.1357;3711.36099100113;5.142;814.950196743011;-22.9937
146;147;147;25.2354;3739.49669122696;4.5285;820.092196941376;-20.7069
147;148;148;25.7765;3764.73209047318;4.8798;824.620697021484;-20.8967
148;149;149;25.517;3790.50859117508;5.3866;829.500496864319;-20.1304
149;150;150;25.7997;3816.02559137344;5.1474;834.887096881866;-20.6523
150;151;151;25.7981;3841.82529115677;5.6048;840.03449678421;-20.1933
151;152;152;25.0283;3867.62339067459;6.4962;845.639296531677;-18.5321
152;153;153;24.7595;3892.65169000626;6.3909;852.135496616364;-18.3686
153;154;154;4.2246;3917.4111905098;6.2071;858.526396751404;1.9825
154;155;155;47.5924;3921.63579034805;5.0836;864.733496665955;-42.5088
155;156;156;24.749;3969.22818994522;4.7812;869.817096710205;-19.9678
156;157;157;25.3799;3993.97719049454;4.8721;874.598296642303;-20.5078
157;158;158;25.8148;4019.35709047318;5.5716;879.470396518707;-20.2432
158;159;159;25.2811;4045.17189073563;5.4159;885.041996479034;-19.8652
159;160;160;25.6861;4070.45299005508;4.8651;890.457896232605;-20.821
160;161;161;25.296;4096.13909006119;5.0145;895.322996139526;-20.2815
161;162;162;25.5451;4121.43508958817;5.5793;900.33749628067;-19.9658
162;163;163;25.3986;4146.98018884659;5.0385;905.916796207428;-20.3601
163;164;164;25.1927;4172.37878847122;4.925;910.955296039581;-20.2677
164;165;165;29.249;4197.57148790359;5.5297;915.880296230316;-23.7193
165;166;166;25.0347;4226.82048845291;5.1581;921.409996032715;-19.8766
166;167;167;25.6522;4251.85518884659;5.5044;926.568096160889;-20.1478
167;168;168;25.487;4277.50738954544;5.8078;932.072495937347;-19.6792
168;169;169;25.8581;4302.99438905716;4.5744;937.880295753479;-21.2837
169;170;170;25.1231;4328.85248804092;4.8512;942.454695701599;-20.2719
170;171;171;26.2898;4353.97558832169;5.1156;947.305895805359;-21.1742
171;172;172;26.2576;4380.26538896561;4.6967;952.421495914459;-21.5609
172;173;173;24.0741;4406.52298974991;4.9849;957.11819601059;-19.0892
173;174;174;25.0847;4430.59709024429;4.635;962.103096008301;-20.4497
174;175;175;26.0368;4455.68178987503;4.6362;966.738095760345;-21.4006
175;176;176;25.2814;4481.71859025955;5.4665;971.374295711517;-19.8149
176;177;177;25.2669;4506.99999094009;6.0029;976.840795516968;-19.264
177;178;178;715.3085;4532.26689004898;5.5374;982.843695640564;-709.7711
178;179;179;25.0044;5247.57536172867;4.6223;988.381095409393;-20.3821
179;180;180;25.4715;5272.57976198196;4.7861;993.003395557404;-20.6854
180;181;181;24.9783;5298.05126237869;4.5466;997.78949546814;-20.4317
181;182;182;25.4103;5323.0295624733;4.4536;1002.3360953331;-20.9567
182;183;183;25.4624;5348.43986177444;6.0042;1006.78969526291;-19.4582
183;184;184;25.5792;5373.90226221085;4.7147;1012.7938952446;-20.8645
184;185;185;25.8337;5399.48146295547;5.1356;1017.50859546661;-20.6981
185;186;186;25.4948;5425.31516313553;4.9715;1022.64419555664;-20.5233
186;187;187;24.9486;5450.80996370316;5.5294;1027.61569547653;-19.4192
187;188;188;25.4099;5475.7585644722;5.5455;1033.14509534836;-19.8644
188;189;189;25.9485;5501.16846513748;4.7619;1038.69059514999;-21.1866
189;190;190;25.0231;5527.11696481705;4.6703;1043.45249509811;-20.3528
190;191;191;28.0002;5552.14006471634;4.5783;1048.12279510498;-23.4219
191;192;192;24.423;5580.14026498795;5.2066;1052.70109510422;-19.2164
192;193;193;24.1512;5604.56326532364;4.8444;1057.90769529343;-19.3068
193;194;194;25.4293;5628.71446466446;4.3705;1062.75209522247;-21.0588
194;195;195;26.0595;5654.14376497269;4.792;1067.12259531021;-21.2675
195;196;196;25.1525;5680.20326471329;4.5819;1071.91459512711;-20.5706
196;197;197;28.797;5705.35576486588;4.704;1076.49649524689;-24.093
197;198;198;25.0765;5734.15276384354;5.8146;1081.20049524307;-19.2619
198;199;199;25.4209;5759.2292637825;5.8882;1087.01509523392;-19.5327
199;200;200;25.5473;5784.65016412735;4.7181;1092.90329504013;-20.8292
200;201;201;25.37;5810.19746446609;4.316;1097.62139511108;-21.054
201;202;202;26.2656;5835.56746530533;4.4723;1101.93739509583;-21.7933
202;203;203;25.0691;5861.8330655098;4.5385;1106.40969514847;-20.5306
203;204;204;25.907;5886.90216493607;4.4811;1110.94819498062;-21.4259
204;205;205;25.4108;5912.80916452408;4.9544;1115.42929506302;-20.4564
205;206;206;24.5542;5938.21996355057;4.6976;1120.38369512558;-19.8566
206;207;207;25.5023;5962.77416276932;5.1042;1125.08129501343;-20.3981
207;208;208;25.4025;5988.27646303177;6.128;1130.18549489975;-19.2745
208;209;209;25.6398;6013.67896318436;4.8807;1136.31349468231;-20.7591
209;210;210;25.7525;6039.3187623024;5.1249;1141.1941947937;-20.6276
210;211;211;25.8489;6065.07126283646;4.7942;1146.3190946579;-21.0547
211;212;212;24.8357;6090.92016267776;4.6901;1151.11329460144;-20.1456
212;213;213;25.1244;6115.75586175919;4.8041;1155.80339479446;-20.3203
213;214;214;25.8357;6140.88026094437;5.0688;1160.60749483109;-20.7669
214;215;215;25.9682;6166.71596002579;5.2341;1165.67629480362;-20.7341
215;216;216;27.6918;6192.68416070938;5.4108;1170.91039466858;-22.281
216;217;217;25.7338;6220.3759598732;5.0544;1176.32119464874;-20.6794
217;218;218;25.8127;6246.10976076126;5.2297;1181.37559461594;-20.583
218;219;219;25.9062;6271.92246103287;5.9197;1186.60529470444;-19.9865
219;220;220;24.7721;6297.8286614418;6.0713;1192.52499485016;-18.7008
220;221;221;25.4086;6322.60076189041;4.9406;1198.59629487991;-20.468
221;222;222;26.2277;6348.00936174393;4.1647;1203.53689479828;-22.063
222;223;223;24.8578;6374.23706102371;4.3695;1207.70159482956;-20.4883
223;224;224;25.3653;6399.09486055374;4.4481;1212.07109498978;-20.9172
224;225;225;25.566;6424.46015977859;4.375;1216.5191950798;-21.191
225;226;226;25.3713;6450.02615976334;5.0883;1220.8941950798;-20.283
226;227;227;25.6129;6475.39745950699;7.0196;1225.98249483109;-18.5933
227;228;228;25.6352;6501.01035928726;5.3858;1233.00209474564;-20.2494
228;229;229;25.0529;6526.64555978775;5.3342;1238.38789463043;-19.7187
229;230;230;25.4968;6551.69846010208;4.4467;1243.72209453583;-21.0501
230;231;231;25.7717;6577.19525957108;4.523;1248.16879463196;-21.2487
231;232;232;25.4993;6602.96695947647;4.4313;1252.69179439545;-21.068
232;233;233;25.3039;6628.46625947952;4.7474;1257.12309455872;-20.5565
233;234;234;25.5063;6653.77015924454;4.7961;1261.87049436569;-20.7102
234;235;235;25.9873;6679.27645921707;4.8074;1266.66659450531;-21.1799
235;236;236;27.9568;6705.26376008987;4.4629;1271.47399425507;-23.4939
236;237;237;25.6522;6733.22056055069;4.8429;1275.93689441681;-20.8093
237;238;238;25.7524;6758.87276124954;4.5951;1280.77979421616;-21.1573
238;239;239;25.5449;6784.62516069412;4.3788;1285.37489414215;-21.1661
239;240;240;4.6897;6810.17005968094;5.2564;1289.75369405746;0.5667
240;241;241;46.2701;6814.85975980759;5.0931;1295.0100941658;-41.177
241;242;242;25.2297;6861.12985944748;4.5676;1300.10319423676;-20.6621
242;243;243;26.494;6886.35955953598;4.7656;1304.67079401016;-21.7284
243;244;244;24.743;6912.85355901718;5.4574;1309.43639421463;-19.2856
244;245;245;25.0423;6937.5965590477;4.4769;1314.89379405975;-20.5654
245;246;246;25.8494;6962.63885831833;4.3058;1319.37069416046;-21.5436
246;247;247;25.0319;6988.48825788498;4.2644;1323.67649412155;-20.7675
247;248;248;25.6446;7013.52015829086;6.4933;1327.94089412689;-19.1513
248;249;249;25.6444;7039.16475820541;5.9553;1334.43419408798;-19.6891
249;250;250;25.286;7064.80915784836;6.4427;1340.38949394226;-18.8433
250;251;251;25.6935;7090.09515714645;5.1298;1346.83219385147;-20.5637
251;252;252;25.4579;7115.78865766525;4.5471;1351.96199369431;-20.9108
252;253;253;26.0457;7141.24655675888;4.9316;1356.50909376144;-21.1141
253;254;254;24.6276;7167.29225683212;4.9413;1361.44069385529;-19.6863
254;255;255;27.5839;7191.91985654831;4.7648;1366.3819937706;-22.8191
255;256;256;27.2048;7219.50375699997;4.8869;1371.14679384232;-22.3179
256;257;257;25.0866;7246.70855665207;4.7232;1376.03369379044;-20.3634
257;258;258;25.6394;7271.79515600204;4.5628;1380.7568936348;-21.0766
258;259;259;25.2373;7297.43455648422;4.512;1385.31969356537;-20.7253
259;260;260;25.5444;7322.67185735703;6.2246;1389.83169364929;-19.3198
260;261;261;25.2537;7348.2162566185;4.9819;1396.05629348755;-20.2718
261;262;262;25.9371;7373.46995687485;4.9132;1401.0381937027;-21.0239
262;263;263;25.1576;7399.40705633163;4.8298;1405.95139360428;-20.3278
263;264;264;26.3827;7424.56465673447;5.6368;1410.78119373322;-20.7459
264;265;265;24.3881;7450.9473567009;4.5855;1416.41799354553;-19.8026
265;266;266;25.6256;7475.33545637131;4.5;1421.00349330902;-21.1256
266;267;267;25.9675;7500.96105718613;5.2814;1425.50349330902;-20.6861
267;268;268;24.9532;7526.92855787277;5.6244;1430.78489351273;-19.3288
268;269;269;25.7021;7551.88175725937;5.8218;1436.40929365158;-19.8803
269;270;270;25.3479;7577.58385801315;6.8442;1442.23109340668;-18.5037
270;271;271;25.3248;7602.93175840378;4.9117;1449.07529354095;-20.4131
271;272;272;25.7254;7628.25655889511;5.0372;1453.98699331284;-20.6882
272;273;273;25.1302;7653.98195791245;5.4285;1459.0241932869;-19.7017
273;274;274;26.5505;7679.11215734482;5.0191;1464.45269346237;-21.5314
274;275;275;27.7261;7705.66265821457;5.2438;1469.47179365158;-22.4823
275;276;276;25.1875;7733.38875722885;5.2235;1474.71559381485;-19.964
276;277;277;25.6558;7758.57625722885;5.1204;1479.93909358978;-20.5354
277;278;278;26.1269;7784.23205709457;4.82;1485.05949354172;-21.3069
278;279;279;24.6747;7810.35895681381;6.0928;1489.87949371338;-18.5819
279;280;280;25.5669;7835.03365659714;5.3611;1495.97229385376;-20.2058
280;281;281;25.4459;7860.60055685043;5.0399;1501.3333940506;-20.406
281;282;282;25.9526;7886.04645681381;5.0317;1506.37329387665;-20.9209
282;283;283;25.1578;7911.99905729294;4.7868;1511.40499401093;-20.371
283;284;284;25.6743;7937.15685796738;4.4676;1516.19179391861;-21.2067
284;285;285;25.5642;7962.83115720749;4.8689;1520.65939378738;-20.6953
285;286;286;25.5227;7988.39535665512;5.3713;1525.52829360962;-20.1514
286;287;287;25.6635;8013.9180560112;5.9289;1530.89959383011;-19.7346
287;288;288;24.703;8039.58155584335;5.3136;1536.82849359512;-19.3894
288;289;289;25.5096;8064.28455495834;6.384;1542.14209365845;-19.1256
289;290;290;25.5744;8089.79415464401;4.9077;1548.52609348297;-20.6667
290;291;291;25.4691;8115.36855459213;4.5809;1553.43379354477;-20.8882
291;292;292;25.6402;8140.83765363693;5.9188;1558.01469373703;-19.7214
292;293;293;25.1078;8166.47785329819;5.3273;1563.9334936142;-19.7805
293;294;294;27.6413;8191.58565282822;5.9638;1569.26079368591;-21.6775
294;295;295;27.3714;8219.22695302963;6.0139;1575.22459363937;-21.3575
295;296;296;24.5671;8246.59835386276;5.6575;1581.23849344254;-18.9096
296;297;297;25.579;8271.16545438766;5.6327;1586.89599323273;-19.9463
297;298;298;25.4599;8296.74445486069;5.3217;1592.52869319916;-20.1382
298;299;299;25.3162;8322.20435476303;4.5534;1597.85039329529;-20.7628
299;300;300;25.5989;8347.52055501938;5.1219;1602.40379333496;-20.477
300;301;301;25.7519;8373.11945486069;5.4836;1607.5256934166;-20.2683
301;302;302;25.5194;8398.87135457993;4.8183;1613.00929355621;-20.7011
302;303;303;25.3717;8424.39075422287;4.3403;1617.82759332657;-21.0314
303;304;304;25.3162;8449.76245450974;4.2962;1622.16789340973;-21.02
304;305;305;25.3903;8475.07865476608;5.0028;1626.46409320831;-20.3875
305;306;306;25.6697;8500.46895551682;4.9124;1631.46689319611;-20.7573
306;307;307;25.4266;8526.13865613937;4.8452;1636.37929296494;-20.5814
307;308;308;25.4457;8551.56525564194;5.99;1641.22449302673;-19.4557
308;309;309;25.2374;8577.01095533371;4.5329;1647.21449279785;-20.7045
309;310;310;25.8194;8602.24835538864;4.4209;1651.74739265442;-21.3985
310;311;311;26.659;8628.06775617599;4.4879;1656.16829252243;-22.1711
311;312;312;24.2852;8654.72675657272;6.1007;1660.6561923027;-18.1845
312;313;313;25.2003;8679.01195669174;4.7478;1666.75689220428;-20.4525
313;314;314;28.7216;8704.21225690842;5.4875;1671.50469207764;-23.2341
314;315;315;25.154;8732.93385648727;4.8739;1676.99219226837;-20.2801
315;316;316;25.4606;8758.08785581589;4.2377;1681.86609220505;-21.2229
316;317;317;26.6161;8783.54845571518;4.3761;1686.10379219055;-22.24
317;318;318;24.4346;8810.16455602646;5.5679;1690.47989225388;-18.8667
318;319;319;25.5621;8834.59915685654;4.6821;1696.04779243469;-20.88
319;320;320;25.2251;8860.16125631332;4.4615;1700.72989225388;-20.7636
320;321;321;25.805;8885.38635587692;4.6348;1705.19139242172;-21.1702
321;322;322;25.4705;8911.1913561821;4.5849;1709.826192379;-20.8856
322;323;323;25.2251;8936.66185522079;4.6482;1714.41109228134;-20.5769
323;324;324;25.359;8961.88695478439;4.7481;1719.05929231644;-20.6109
324;325;325;25.4058;8987.24595403671;5.5001;1723.80739212036;-19.9057
325;326;326;1507.151;9012.65175390244;5.8637;1729.30749225616;-1501.287
326;327;327;8.0785;10519.8025107384;5.4904;1735.17119216919;-2.5881
327;328;328;21.5567;10527.8810105324;5.3547;1740.66159200668;-16.202
328;329;329;24.8488;10549.4377102852;4.6157;1746.01629209518;-20.2331
329;330;330;25.8864;10574.2865109444;4.4436;1750.63199186325;-21.4428
330;331;331;24.9723;10600.1729111671;5.0712;1755.07559204102;-19.9011
331;332;332;25.583;10625.145210743;5.8775;1760.14679193497;-19.7055
332;333;333;25.5846;10650.7282109261;4.651;1766.02429199219;-20.9336
333;334;334;25.4318;10676.3128113747;5.0667;1770.67529201508;-20.3651
334;335;335;4.8353;10701.7446122169;4.7154;1775.74199199677;-0.1198997
335;336;336;49.8071;10706.5799121857;4.2174;1780.45739221573;-45.5897
336;337;337;25.1128;10756.3870105743;4.5856;1784.67479228973;-20.5272
337;338;338;25.2789;10781.4998111725;5.3786;1789.26039218903;-19.9003
338;339;339;25.5456;10806.778711319;4.8995;1794.63899230957;-20.6461
339;340;340;25.768;10832.3243103027;4.3617;1799.53849220276;-21.4063
340;341;341;25.4714;10858.0923099518;4.5387;1803.90019226074;-20.9327
341;342;342;25.3634;10883.563709259;4.8135;1808.4388923645;-20.5499
342;343;343;25.4446;10908.9271087646;4.5274;1813.25239229202;-20.9172
343;344;344;25.4482;10934.3717079163;4.7668;1817.77979230881;-20.6814
344;345;345;25.4839;10959.8199081421;4.5863;1822.54659223557;-20.8976
345;346;346;25.3461;10985.3038082123;4.8747;1827.13289213181;-20.4714
346;347;347;24.9969;11010.6499080658;5.2536;1832.00759220123;-19.7433
347;348;348;25.7126;11035.6468086243;4.9126;1837.26119232178;-20.8
348;349;349;25.9124;11061.3594093323;5.7288;1842.17379236221;-20.1836
349;350;350;25.179;11087.2718086243;5.0763;1847.90259218216;-20.1027
350;351;351;25.4126;11112.4508094788;4.5559;1852.97889232635;-20.8567
351;352;352;25.4752;11137.8634090424;4.9315;1857.53479242325;-20.5437
352;353;353;26.1811;11163.3386096954;4.4518;1862.46629238129;-21.7293
353;354;354;25.3389;11189.5197105408;4.6141;1866.91809225082;-20.7248
354;355;355;28.1281;11214.8586101532;4.4044;1871.53219223022;-23.7237
355;356;356;25.8006;11242.9867095947;5.4213;1875.93659210205;-20.3793
356;357;357;25.3588;11268.7873096466;4.9486;1881.35789203644;-20.4102
357;358;358;25.0166;11294.1461105347;4.6906;1886.30649185181;-20.326
358;359;359;25.5368;11319.1627101898;5.7229;1890.99709177017;-19.8139
359;360;360;25.6495;11344.6995105743;4.592;1896.71999168396;-21.0575
360;361;361;25.6172;11370.3490104675;4.2966;1901.31199169159;-21.3206
361;362;362;25.2321;11395.966211319;4.7801;1905.60859155655;-20.452
362;363;363;26.5602;11421.1983108521;5.2869;1910.38869142532;-21.2733
363;364;364;24.3602;11447.7585105896;5.3917;1915.67559146881;-18.9685
364;365;365;4.5519;11472.1187114716;5.2064;1921.06729125977;0.6545
365;366;366;46.6718;11476.6706113815;5.6842;1926.27369117737;-40.9876
366;367;367;25.4009;11523.3424100876;4.3915;1931.9578909874;-21.0094
367;368;368;25.4439;11548.7433099747;5.3518;1936.34939098358;-20.0921
368;369;369;26.1684;11574.1872091293;6.0329;1941.70119094849;-20.1355
369;370;370;24.827;11600.3556089401;4.6564;1947.73409080505;-20.1706
370;371;371;25.2317;11625.1826086044;4.689;1952.39049100876;-20.5427
371;372;372;25.4246;11650.4143075943;5.1977;1957.07949113846;-20.2269
372;373;373;26.0554;11675.8389081955;5.4583;1962.27719116211;-20.5971
373;374;374;28.1143;11701.8943090439;4.8933;1967.73549127579;-23.221
374;375;375;25.3619;11730.0086088181;5.1343;1972.62879133224;-20.2276
375;376;376;27.7209;11755.3705091476;5.4529;1977.76309108734;-22.268
376;377;377;23.75;11783.0914087296;4.5771;1983.2159910202;-19.1729
377;378;378;25.3559;11806.8414087296;5.3843;1987.79309082031;-19.9716
378;379;379;25.6066;11832.1973085403;5.1879;1993.17739057541;-20.4187
379;380;380;25.3512;11857.8039083481;4.3399;1998.36529064178;-21.0113
380;381;381;25.4887;11883.1551084518;5.0277;2002.70519065857;-20.461
381;382;382;25.4003;11908.6438093185;5.8136;2007.73289060593;-19.5867
382;383;383;24.9229;11934.0441083908;4.4482;2013.54649066925;-20.4747
383;384;384;26.7905;11958.967007637;4.3695;2017.99469089508;-22.421
384;385;385;24.3677;11985.7575082779;4.208;2022.3641910553;-20.1597
385;386;386;25.4337;12010.1252088547;4.5926;2026.5721912384;-20.8411
386;387;387;25.6334;12035.5589094162;5.4323;2031.16479110718;-20.2011
387;388;388;26.3893;12061.1923093796;6.2236;2036.59709119797;-20.1657
388;389;389;24.7716;12087.5816087723;5.821;2042.8206911087;-18.9506
389;390;390;25.1163;12112.3532094955;4.7164;2048.64169120789;-20.3999
390;391;391;25.3577;12137.4695100784;4.7909;2053.35809135437;-20.5668
391;392;392;26.5322;12162.8272104263;4.7901;2058.14899110794;-21.7421
392;393;393;25.0304;12189.3594102859;5.6678;2062.9390912056;-19.3626
393;394;394;28.1879;12214.3898096085;5.4524;2068.60689115524;-22.7355
394;395;395;25.0927;12242.5777101517;4.7893;2074.05929136276;-20.3034
395;396;396;4.3462;12267.6704092026;4.9115;2078.84859132767;0.5653
396;397;397;47.0465;12272.0166091919;4.6134;2083.76009130478;-42.4331
397;398;398;25.0345;12319.0631103516;5.7874;2088.37349128723;-19.2471
398;399;399;26.1319;12344.0976104736;5.8725;2094.16089105606;-20.2594
399;400;400;25.1536;12370.229511261;4.4524;2100.03339099884;-20.7012
400;401;401;25.2729;12395.3831119537;5.0257;2104.48579120636;-20.2472
401;402;402;25.4222;12420.6560115814;5.5495;2109.51149129868;-19.8727
402;403;403;25.5201;12446.0782108307;4.5592;2115.06099128723;-20.9609
403;404;404;25.5616;12471.5983104706;4.5034;2119.62019109726;-21.0582
404;405;405;26.0873;12497.159910202;12.8398;2124.1235909462;-13.2475
405;406;406;33.1144;12523.247209549;4.7513;2136.96339082718;-28.3631
406;407;407;18.7376;12556.3616085052;5.6119;2141.71469068527;-13.1257
407;408;408;24.6028;12575.0992088318;4.2699;2147.32659053802;-20.3329
408;409;409;25.416;12599.702009201;4.2204;2151.59649038315;-21.1956
409;410;410;24.9921;12625.1180095673;4.5039;2155.81689023972;-20.4882
410;411;411;25.5096;12650.1101093292;4.5355;2160.32079029083;-20.9741
411;412;412;25.3491;12675.6197090149;4.828;2164.85629034042;-20.5211
412;413;413;30.0336;12700.9688091278;4.779;2169.68429040909;-25.2546
413;414;414;23.8589;12731.0024089813;4.8224;2174.46329021454;-19.0365
414;415;415;26.1062;12754.8613090515;4.7941;2179.28569030762;-21.3121
415;416;416;25.6209;12780.967508316;4.5319;2184.07979011536;-21.089
416;417;417;24.8998;12806.5884075165;5.0229;2188.6116900444;-19.8769
417;418;418;25.5263;12831.4882068634;5.7203;2193.63459014893;-19.806
418;419;419;25.6025;12857.0145072937;4.5802;2199.35489034653;-21.0223
419;420;420;25.4763;12882.6170063019;4.4378;2203.93509054184;-21.0385
420;421;421;25.0195;12908.0933055878;5.4009;2208.37289047241;-19.6186
421;422;422;25.4006;12933.1128063202;5.0195;2213.7737903595;-20.3811
422;423;423;25.8618;12958.5134067535;5.9386;2218.79329013824;-19.9232
423;424;424;25.2451;12984.3752059937;6.1397;2224.73189020157;-19.1054
424;425;425;25.9256;13009.620306015;5.6391;2230.87159013748;-20.2865
425;426;426;24.9306;13035.5459060669;5.8785;2236.51069021225;-19.0521
426;427;427;26.4284;13060.4765052795;5.2845;2242.38919019699;-21.1439
427;428;428;24.6103;13086.9049053192;4.6094;2247.67369031906;-20.0009
428;429;429;25.2605;13111.5152053833;4.5327;2252.28309011459;-20.7278
429;430;430;26.2642;13136.7757053375;4.8163;2256.81579017639;-21.4479
430;431;431;24.8374;13163.0399055481;4.7578;2261.63209009171;-20.0796
431;432;432;26.3886;13187.8773059845;5.1766;2266.38989019394;-21.212
432;433;433;27.9805;13214.2659053802;5.189;2271.56649017334;-22.7915
433;434;434;25.093;13242.2464046478;4.9432;2276.75549030304;-20.1498
434;435;435;25.9996;13267.3394050598;4.2949;2281.69869041443;-21.7047
435;436;436;25.7014;13293.3390045166;4.071;2285.99359035492;-21.6304
436;437;437;24.7954;13319.0404052734;4.9382;2290.0645904541;-19.8572
437;438;438;25.9226;13343.8358058929;6.2919;2295.00279045105;-19.6307
438;439;439;25.6173;13369.7584056854;4.5343;2301.29469060898;-21.083
439;440;440;25.3878;13395.375705719;4.4643;2305.82899045944;-20.9235
440;441;441;25.1788;13420.7635059357;4.805;2310.29329061508;-20.3738
441;442;442;25.7595;13445.9423065186;4.7988;2315.09829044342;-20.9607
442;443;443;25.4028;13471.7018070221;4.4664;2319.89709043503;-20.9364
443;444;444;25.5513;13497.1046066284;4.534;2324.36349058151;-21.0173
444;445;445;25.1597;13522.6559066772;4.2141;2328.8974905014;-20.9456
445;446;446;25.5163;13547.8156070709;4.603;2333.11159038544;-20.9133
446;447;447;25.5109;13573.3319072723;5.2807;2337.71459054947;-20.2302
447;448;448;25.7625;13598.8428077698;5.6136;2342.99529075623;-20.1489
448;449;449;24.978;13624.6053085327;4.8774;2348.60889053345;-20.1006
449;450;450;25.6801;13649.5833091736;4.3255;2353.48629045486;-21.3546
450;451;451;25.3564;13675.2634086609;6.3089;2357.81179046631;-19.0475
451;452;452;27.8623;13700.619808197;5.8665;2364.12069034576;-21.9958
452;453;453;26.5835;13728.4821090698;5.594;2369.98719024658;-20.9895
453;454;454;24.912;13755.0656089783;4.8925;2375.58119010925;-20.0195
454;455;455;26.3827;13779.9776096344;5.1032;2380.47369003296;-21.2795
455;456;456;24.9501;13806.3603096008;4.3261;2385.57688999176;-20.624
456;457;457;25.3231;13831.3104095459;5.5022;2389.90298986435;-19.8209
457;458;458;25.3618;13856.6335086823;5.6669;2395.405189991;-19.6949
458;459;459;26.1207;13881.9953079224;4.5166;2401.07209014893;-21.6041
459;460;460;24.9813;13908.1160087585;6.0313;2405.58869028091;-18.95
460;461;461;25.175;13933.0973091125;4.4128;2411.61999034882;-20.7622
461;462;462;25.4738;13958.2723083496;4.3007;2416.03279018402;-21.1731
462;463;463;25.4997;13983.7461090088;4.4042;2420.3334903717;-21.0955
463;464;464;25.4473;14009.2458095551;4.77;2424.73769044876;-20.6773
464;465;465;25.5744;14034.6931095123;4.3775;2429.50769042969;-21.1969
465;466;466;25.4183;14060.2675094604;4.2688;2433.88519048691;-21.1495
466;467;467;25.5062;14085.6858100891;5.1708;2438.15399026871;-20.3354
467;468;468;25.3763;14111.1920108795;6.5344;2443.32479047775;-18.8419
468;469;469;25.639;14136.5683116913;5.6245;2449.85919046402;-20.0145
469;470;470;25.5241;14162.2073116302;6.3521;2455.48369026184;-19.172
470;471;471;25.7774;14187.7314109802;4.8574;2461.83579015732;-20.92
471;472;472;28.3831;14213.5088100433;4.9512;2466.69319009781;-23.4319
472;473;473;25.8249;14241.891910553;5.2001;2471.6443901062;-20.6248
473;474;474;24.6641;14267.7168102264;5.5515;2476.84449005127;-19.1126
474;475;475;26.2939;14292.3809108734;5.0118;2482.39598989487;-21.2821
475;476;476;24.5877;14318.6748104095;4.4737;2487.40778970718;-20.114
476;477;477;25.9303;14343.2625102997;6.3155;2491.88148975372;-19.6148
477;478;478;25.7736;14369.1928100586;5.005;2498.19698953629;-20.7686
478;479;479;25.499;14394.9664096832;5.1764;2503.20198965073;-20.3226
479;480;480;24.969;14420.4654102325;5.3304;2508.37838983536;-19.6386
480;481;481;26.2348;14445.4344100952;5.3486;2513.70878982544;-20.8862
481;482;482;24.4754;14471.669210434;5.1824;2519.05738973618;-19.293
482;483;483;25.8751;14496.1446094513;5.1153;2524.23978948593;-20.7598
483;484;484;25.4794;14522.0197086334;5.2707;2529.35508966446;-20.2087
484;485;485;24.9541;14547.4991092682;4.7322;2534.62578964233;-20.2219
485;486;486;25.7707;14572.4532089233;6.1308;2539.35798978806;-19.6399
486;487;487;25.4636;14598.2239093781;7.119;2545.48878955841;-18.3446
487;488;488;25.5105;14623.6875095367;4.9343;2552.60778951645;-20.5762
488;489;489;25.2545;14649.198009491;5.3766;2557.54208946228;-19.8779
489;490;490;26.3042;14674.4525089264;5.5413;2562.91868925095;-20.7629
490;491;491;26.7451;14700.7567081451;5.0861;2568.45998907089;-21.659
491;492;492;27.615;14727.5018081665;5.1657;2573.54608917236;-22.4493
492;493;493;24.4348;14755.1168079376;5.4214;2578.71178913116;-19.0134
493;494;494;25.4416;14779.551607132;5.5643;2584.13318920135;-19.8773
494;495;495;25.574;14804.9932079315;6.0823;2589.69748926163;-19.4917
495;496;496;25.0001;14830.5672073364;5.4608;2595.77978944778;-19.5393
496;497;497;25.7626;14855.5673065186;4.739;2601.24058961868;-21.0236
497;498;498;26.0731;14881.3299064636;5.4583;2605.97958946228;-20.6148
498;499;499;25.1928;14907.4030056;5.424;2611.43788957596;-19.7688
499;500;500;25.2636;14932.5958061218;4.6107;2616.86188936234;-20.6529
500;501;501;25.2235;14957.8594055176;4.5864;2621.4725894928;-20.6371
501;502;502;25.6966;14983.0829048157;4.6743;2626.05898952484;-21.0223
502;503;503;25.2873;15008.779504776;4.5911;2630.73328971863;-20.6962
503;504;504;25.3803;15034.0668048859;4.726;2635.32438993454;-20.6543
504;505;505;25.4828;15059.4471054077;5.3848;2640.05038976669;-20.098
505;506;506;25.7557;15084.9299049377;6.1672;2645.43518972397;-19.5885
506;507;507;25.624;15110.6856040955;5.1261;2651.60238981247;-20.4979
507;508;508;24.9877;15136.3096046448;4.4539;2656.72848987579;-20.5338
508;509;509;25.7677;15161.2973041534;4.6675;2661.18238973618;-21.1002
509;510;510;25.9714;15187.0650043488;5.5681;2665.84988975525;-20.4033
510;511;511;27.7942;15213.036403656;4.5419;2671.41798973083;-23.2523
511;512;512;25.3897;15240.8306026459;4.5229;2675.95988988876;-20.8668
512;513;513;25.599;15266.2203025818;4.5992;2680.48278999329;-20.9998
513;514;514;25.4855;15291.8193016052;4.9834;2685.08198976517;-20.5021
514;515;515;25.4281;15317.3048019409;4.4776;2690.06538963318;-20.9505
515;516;516;25.3469;15342.7329025269;6.0326;2694.54298973083;-19.3143
516;517;517;25.441;15368.0798015594;5.0594;2700.57558965683;-20.3816
517;518;518;25.6021;15393.5208015442;4.7028;2705.63498973846;-20.8993
518;519;519;25.54;15419.1229019165;5.026;2710.33778953552;-20.514
519;520;520;25.5197;15444.6629009247;5.1551;2715.36378955841;-20.3646
520;521;521;26.6061;15470.1826000214;4.3765;2720.51888942719;-22.2296
521;522;522;24.7823;15496.7887001038;5.7205;2724.89538955688;-19.0618
522;523;523;26.0438;15521.5709991455;4.7272;2730.61588954926;-21.3166
523;524;524;24.4133;15547.6147994995;4.5053;2735.34308958054;-19.908
524;525;525;26.0246;15572.0280990601;4.5144;2739.84838962555;-21.5102
525;526;526;24.6759;15598.0526981354;4.7694;2744.36278963089;-19.9065
526;527;527;25.865;15622.728597641;4.8303;2749.13218975067;-21.0347
527;528;528;25.0456;15648.5935974121;4.8806;2753.96248960495;-20.165
528;529;529;25.5891;15673.6391963959;4.5558;2758.84308958054;-21.0333
529;530;530;27.9815;15699.2282962799;5.1128;2763.39888954163;-22.8687
530;531;531;26.625;15727.2097969055;4.5546;2768.51168966293;-22.0704
531;532;532;24.8783;15753.8347969055;4.6529;2773.0662894249;-20.2254
532;533;533;25.5168;15778.7130966187;4.8639;2777.71918964386;-20.6529
533;534;534;25.7231;15804.2298965454;4.7548;2782.58308982849;-20.9683
534;535;535;25.1114;15829.9529972076;4.5899;2787.33788967133;-20.5215
535;536;536;26.2079;15855.0643978119;6.1801;2791.92778968811;-20.0278
536;537;537;24.9421;15881.2722969055;5.0555;2798.10788965225;-19.8866
537;538;538;25.7636;15906.2143974304;4.5001;2803.16338968277;-21.2635
538;539;539;24.7859;15931.9779968262;4.4979;2807.66348981857;-20.288
539;540;540;25.7888;15956.7638969421;5.151;2812.16138982773;-20.6378
540;541;541;25.1981;15982.552696228;4.1004;2817.31238985062;-21.0977
541;542;542;25.796;16007.7507953644;4.6864;2821.41278982162;-21.1096
542;543;543;25.2496;16033.5467948914;4.6536;2826.0991897583;-20.596
543;544;544;26.1213;16058.7963943481;4.1714;2830.75278997421;-21.9499
544;545;545;25.2559;16084.9176940918;5.5034;2834.9241900444;-19.7525
545;546;546;24.7908;16110.1735935211;5.1281;2840.42758989334;-19.6627
546;547;547;25.445;16134.9643936157;5.509;2845.55568981171;-19.936
547;548;548;25.5514;16160.4093933105;4.8257;2851.06468963623;-20.7257
548;549;549;25.9047;16185.9607925415;4.5383;2855.89038944244;-21.3664
549;550;550;28.2568;16211.8654918671;4.5114;2860.42868947983;-23.7454
550;551;551;25.5826;16240.1222915649;4.5301;2864.94008970261;-21.0525
551;552;552;26.0624;16265.7048912048;4.3989;2869.47018957138;-21.6635
552;553;553;25.6642;16291.7672920227;4.43;2873.86908960342;-21.2342
553;554;554;24.2897;16317.4314918518;4.2452;2878.29908943176;-20.0445
554;555;555;26.1629;16341.7211914063;4.2145;2882.54428958893;-21.9484
555;556;556;24.9514;16367.8840904236;5.0102;2886.75878953934;-19.9412
556;557;557;25.864;16392.8354911804;5.4844;2891.76898956299;-20.3796
557;558;558;25.2785;16418.6994915009;5.1021;2897.25338935852;-20.1764
558;559;559;25.1003;16443.9779911041;4.5784;2902.355489254;-20.5219
559;560;560;25.5868;16469.0782909393;4.4459;2906.93388938904;-21.1409
560;561;561;26.2484;16494.6650905609;4.3423;2911.37978935242;-21.9061
561;562;562;25.1893;16520.9134902954;4.8313;2915.72208929062;-20.358
562;563;563;25.1818;16546.1027908325;4.8944;2920.55338907242;-20.2874
563;564;564;25.1532;16571.2845916748;5.0317;2925.4477891922;-20.1215
564;565;565;25.3674;16596.4377918243;4.5551;2930.47948932648;-20.8123
565;566;566;25.5813;16621.80519104;4.8311;2935.03458929062;-20.7502
566;567;567;25.4776;16647.3864917755;4.5979;2939.86568927765;-20.8797
567;568;568;26.4581;16672.8640918732;5.6217;2944.46358919144;-20.8364
568;569;569;26.4456;16699.3221912384;5.2191;2950.08528900146;-21.2265
569;570;570;27.4583;16725.767791748;5.0428;2955.30438899994;-22.4155
570;571;571;24.5822;16753.2260913849;5.7262;2960.34718894958;-18.856
571;572;572;25.4835;16777.8082904816;4.9752;2966.07338905334;-20.5083
572;573;573;26.0735;16803.2917900085;4.7256;2971.04858922958;-21.3479
573;574;574;25.0895;16829.3652896881;4.8723;2975.77418899536;-20.2172
574;575;575;25.5037;16854.4547901154;4.5017;2980.64648914337;-21.002
575;576;576;25.65;16879.9584903717;4.5279;2985.14818906784;-21.1221
576;577;577;25.1269;16905.6084899902;4.5009;2989.6760892868;-20.626
577;578;578;25.2367;16930.7353897095;5.8079;2994.17698907852;-19.4288
578;579;579;26.323;16955.9720897675;5.521;2999.98488903046;-20.802
579;580;580;24.5086;16982.2950897217;5.3001;3005.5058889389;-19.2085
580;581;581;25.8115;17006.8036899567;4.8854;3010.8059887886;-20.9261
581;582;582;25.3808;17032.615190506;4.542;3015.69138860703;-20.8388
582;583;583;25.4557;17057.9959907532;4.526;3020.23338842392;-20.9297
583;584;584;25.3867;17083.4516906738;4.3046;3024.75938844681;-21.0821
584;585;585;25.6864;17108.8383903503;4.5538;3029.06398820877;-21.1326
585;586;586;25.2311;17134.5247898102;4.2865;3033.61778831482;-20.9446
586;587;587;25.6983;17159.7558898926;4.6844;3037.90428829193;-21.0139
587;588;588;25.9486;17185.4541893005;5.1293;3042.58868837357;-20.8193
588;589;589;28.4858;17211.4027900696;5.6281;3047.71798849106;-22.8577
589;590;590;25.3212;17239.888589859;4.7175;3053.34608840942;-20.6037
590;591;591;25.0777;17265.2097892761;5.7639;3058.06358861923;-19.3138
591;592;592;25.5177;17290.2874889374;4.3833;3063.82748842239;-21.1344
592;593;593;25.6795;17315.8051891327;4.4633;3068.21078824997;-21.2162
593;594;594;25.3574;17341.4846897125;4.498;3072.67408800125;-20.8594
594;595;595;25.5164;17366.8420886993;4.7875;3077.17208814621;-20.7289
595;596;596;25.5253;17392.3584880829;4.7913;3081.95958805084;-20.734
596;597;597;25.2532;17417.8837871552;4.6724;3086.75088787079;-20.5808
597;598;598;26.0003;17443.1369876862;4.8828;3091.4232878685;-21.1175
598;599;599;25.0565;17469.1372871399;5.6962;3096.30608797073;-19.3603
599;600;600;25.2831;17494.1937866211;5.6794;3102.00228786469;-19.6037
600;601;601;25.4282;17519.4768867493;4.7494;3107.68168783188;-20.6788
601;602;602;25.5203;17544.9050865173;4.6477;3112.43108797073;-20.8726
602;603;603;26.0588;17570.4253864288;4.5864;3117.07878780365;-21.4724
603;604;604;25.0684;17596.4841861725;4.4272;3121.66518783569;-20.6412
604;605;605;25.6085;17621.5525856018;4.8661;3126.09238767624;-20.7424
605;606;606;25.0726;17647.1610851288;4.5623;3130.95848751068;-20.5103
606;607;607;25.5021;17672.2336845398;4.4985;3135.52078771591;-21.0036
607;608;608;27.762;17697.7357845306;4.4782;3140.01928758621;-23.2838
608;609;609;26.6696;17725.4977836609;5.6071;3144.49748754501;-21.0625
609;610;610;24.9;17752.167383194;4.6613;3150.10458755493;-20.2387
610;611;611;25.5962;17777.0673828125;4.5561;3154.76588773727;-21.0401
611;612;612;25.8445;17802.6635818481;5.0715;3159.32198762894;-20.773
612;613;613;25.4227;17828.5080814362;4.4927;3164.39348745346;-20.93
613;614;614;25.2291;17853.9307823181;4.6203;3168.88618755341;-20.6088
614;615;615;25.6647;17879.1598815918;4.6972;3173.50648736954;-20.9675
615;616;616;25.4298;17904.8245811462;5.6862;3178.20368719101;-19.7436
616;617;617;25.0405;17930.2543811798;4.5422;3183.88988733292;-20.4983
617;618;618;25.6523;17955.2948818207;5.0013;3188.43208742142;-20.651
618;619;619;26.5576;17980.9471817017;5.7228;3193.43338727951;-20.8348
619;620;620;24.5974;18007.504781723;5.102;3199.1561870575;-19.4954
620;621;621;25.0973;18032.1021823883;4.6173;3204.25818681717;-20.48
621;622;622;25.5447;18057.1994819641;4.7518;3208.87548685074;-20.7929
622;623;623;25.3153;18082.7441825867;4.6401;3213.62728691101;-20.6752
623;624;624;25.8398;18108.0594825745;5.0437;3218.2673869133;-20.7961
624;625;625;25.4825;18133.8992824554;5.1086;3223.3110871315;-20.3739
625;626;626;25.7333;18159.3817825317;9.5191;3228.41968727112;-16.2142
626;627;627;25.0588;18185.1150817871;5.5422;3237.93878746033;-19.5166
627;628;628;28.3698;18210.1738815308;4.8743;3243.48098754883;-23.4955
628;629;629;25.2804;18238.5436820984;4.2186;3248.35528755188;-21.0618
629;630;630;25.8773;18263.8240814209;5.0349;3252.57388734818;-20.8424
630;631;631;25.0372;18289.7013816833;5.0504;3257.60878753662;-19.9868
631;632;632;25.669;18314.7385807037;5.9203;3262.65918731689;-19.7487
632;633;633;25.6865;18340.4075813293;4.5223;3268.57948732376;-21.1642
633;634;634;25.4342;18366.0940818787;4.4509;3273.1017870903;-20.9833
634;635;635;24.969;18391.5282821655;4.7679;3277.55268716812;-20.2011
635;636;636;25.8738;18416.4972820282;4.59;3282.3205871582;-21.2838
636;637;637;25.9739;18442.3710823059;4.6617;3286.91058731079;-21.3122
637;638;638;24.5994;18468.3449821472;4.8845;3291.57228708267;-19.7149
638;639;639;25.6488;18492.9443817139;5.5315;3296.45678710938;-20.1173
639;640;640;25.476;18518.5931816101;4.9649;3301.98828697205;-20.5111
640;641;641;25.2018;18544.0691814423;5.6589;3306.95318698883;-19.5429
641;642;642;25.9285;18569.270980835;4.6745;3312.61208677292;-21.254
642;643;643;24.9754;18595.1994800568;5.0765;3317.28658676147;-19.8989
643;644;644;25.7139;18620.1748790741;4.4817;3322.36308670044;-21.2322
644;645;645;25.3767;18645.8887786865;5.0143;3326.84478664398;-20.3624
645;646;646;25.9753;18671.2654781342;4.6136;3331.85908651352;-21.3617
646;647;647;26.1901;18697.2407779694;4.4477;3336.47268629074;-21.7424
647;648;648;27.1421;18723.4308776855;4.3711;3340.92038631439;-22.771
648;649;649;25.7581;18750.572977066;5.7227;3345.29148626328;-20.0354
649;650;650;25.2449;18776.3310775757;4.5512;3351.01418638229;-20.6937
650;651;651;25.8199;18801.5759773254;4.4687;3355.56538629532;-21.3512
651;652;652;25.8893;18827.3958778381;5.2471;3360.03408622742;-20.6422
652;653;653;25.0299;18853.2851772308;4.9271;3365.28118610382;-20.1028
653;654;654;25.5541;18878.315076828;5.1035;3370.2082862854;-20.4506
654;655;655;25.2581;18903.8691768646;5.3944;3375.31178617477;-19.8637
655;656;656;4.5173;18929.1272773743;4.8026;3380.70618629456;0.2852998
656;657;657;46.6739;18933.6445775032;5.498;3385.50878620148;-41.1759
657;658;658;25.5876;18980.3184781075;4.6889;3391.00678634644;-20.8987
658;659;659;25.0293;19005.9060788155;6.0038;3395.69568634033;-19.0255
659;660;660;25.3365;19030.9353795052;4.7984;3401.69948625565;-20.5381
660;661;661;25.9469;19056.271879673;4.4543;3406.49788618088;-21.4926
661;662;662;25.5745;19082.2187790871;5.0331;3410.95218610764;-20.5414
662;663;663;24.8586;19107.7932782173;4.5473;3415.98528623581;-20.3113
663;664;664;25.27;19132.6518788338;4.498;3420.53258609772;-20.772
664;665;665;25.7196;19157.9218792915;4.7127;3425.03058624268;-21.0069
665;666;666;25.474;19183.641479969;4.8839;3429.74328613281;-20.5901
666;667;667;28.7267;19209.1154789925;4.5718;3434.62718629837;-24.1549
667;668;668;25.4765;19237.8421788216;4.6109;3439.19898605347;-20.8656
668;669;669;25.3624;19263.3186783791;6.357;3443.8098859787;-19.0054
669;670;670;25.2726;19288.681078434;5.4294;3450.16688585281;-19.8432
670;671;671;25.7738;19313.9536786079;5.0393;3455.59628582001;-20.7345
671;672;672;25.095;19339.7274785042;5.4314;3460.63558578491;-19.6636
672;673;673;25.5635;19364.8224778175;5.169;3466.06698560715;-20.3945
673;674;674;25.4217;19390.3859772682;6.5329;3471.23598575592;-18.8888
674;675;675;26.1134;19415.8076767921;5.8211;3477.76888561249;-20.2923
675;676;676;24.833;19441.9210762978;5.855;3483.58998537064;-18.978
676;677;677;25.3775;19466.7540764809;5.1012;3489.44498538971;-20.2763
677;678;678;4.6824;19492.1315770149;6.7409;3494.54618549347;2.0585
678;679;679;47.0323;19496.8139772415;5.327;3501.28708553314;-41.7053
679;680;680;24.6393;19543.8462762833;5.1635;3506.61408567429;-19.4758
680;681;681;26.2269;19568.485575676;5.2575;3511.77758550644;-20.9694
681;682;682;25.0295;19594.7124757767;4.9826;3517.0350856781;-20.0469
682;683;683;25.611;19619.7419748306;4.923;3522.0176858902;-20.688
683;684;684;24.8268;19645.3529748917;4.9884;3526.94068574905;-19.8384
684;685;685;25.8101;19670.1797742844;5.3072;3531.92908573151;-20.5029
685;686;686;25.551;19695.9898748398;5.1477;3537.23628568649;-20.4033
686;687;687;28.7908;19721.5408754349;5.3935;3542.38398551941;-23.3973
687;688;688;24.8733;19750.3316755295;5.8476;3547.77748537064;-19.0257
688;689;689;25.9956;19775.2049760818;4.9289;3553.62508535385;-21.0667
689;690;690;24.9155;19801.2005758286;5.2708;3558.55398511887;-19.6447
690;691;691;25.4632;19826.1160764694;4.773;3563.82478523254;-20.6902
691;692;692;25.244;19851.5792760849;4.5776;3568.59778499603;-20.6664
692;693;693;26.1946;19876.8232755661;5.8018;3573.17538499832;-20.3928
693;694;694;25.145;19903.0178747177;5.1312;3578.97718477249;-20.0138
694;695;695;25.5716;19928.1628751755;4.9353;3584.10838460922;-20.6363
695;696;696;25.9481;19953.7344751358;5.1292;3589.04368448257;-20.8189
696;697;697;24.6437;19979.6825742722;6.1154;3594.17288446426;-18.5283
697;698;698;25.8113;20004.3262739182;5.0046;3600.28828430176;-20.8067
698;699;699;25.1304;20030.1375741959;4.801;3605.29288434982;-20.3294
699;700;700;25.5684;20055.2679738998;5.2763;3610.09388446808;-20.2921
700;701;701;25.0174;20080.8363733292;5.3392;3615.37018442154;-19.6782
701;702;702;25.5838;20105.8537740707;4.1265;3620.70938444138;-21.4573
702;703;703;25.6064;20131.4375734329;4.9606;3624.83588457108;-20.6458
703;704;704;25.5819;20157.0439729691;4.2419;3629.79648447037;-21.34
704;705;705;25.9077;20182.625872612;4.5573;3634.03838443756;-21.3504
705;706;706;28.5353;20208.533572197;5.0889;3638.59568452835;-23.4464
706;707;707;25.1629;20237.0688714981;5.5611;3643.68458461761;-19.6018
707;708;708;25.4508;20262.2317705154;5.0835;3649.24568462372;-20.3673
708;709;709;25.2272;20287.6825704575;4.9384;3654.32918453217;-20.2888
709;710;710;25.8093;20312.9097700119;5.4452;3659.26758432388;-20.3641
710;711;711;25.1316;20338.7190694809;5.1133;3664.71278429031;-20.0183
711;712;712;25.3901;20363.8506689072;4.7509;3669.82608413696;-20.6392
712;713;713;25.7473;20389.2407693863;4.7953;3674.57698392868;-20.952
713;714;714;25.4592;20414.9880685806;5.9185;3679.37228393555;-19.5407
714;715;715;25.6345;20440.447268486;4.2725;3685.29078388214;-21.362
715;716;716;24.9616;20466.0817689896;4.3494;3689.56328392029;-20.6122
716;717;717;25.9984;20491.0433683395;4.8985;3693.91268396378;-21.0999
717;718;718;24.953;20517.041768074;5.4642;3698.81118392944;-19.4888
718;719;719;26.9226;20541.994767189;4.1645;3704.27538394928;-22.7581
719;720;720;24.3784;20568.9173669815;4.7547;3708.43988370895;-19.6237
720;721;721;25.4385;20593.2957677841;5.2221;3713.19458389282;-20.2164
721;722;722;24.9581;20618.7342672348;5.9425;3718.41668367386;-19.0156
722;723;723;25.8649;20643.6923666;4.5142;3724.3591837883;-21.3507
723;724;724;25.6211;20669.557267189;5.6654;3728.87338399887;-19.9557
724;725;725;25.7716;20695.1783666611;5.4379;3734.5387840271;-20.3337
725;726;726;28.0571;20720.9499673843;5.0956;3739.97668409348;-22.9615
726;727;727;25.0877;20749.0070676804;5.4962;3745.07228422165;-19.5915
727;728;728;26.0203;20774.0947675705;4.9268;3750.56848430634;-21.0935
728;729;729;26.9254;20800.115067482;4.724;3755.49528408051;-22.2014
729;730;730;23.5033;20827.0404672623;4.6469;3760.21928405762;-18.8564
730;731;731;25.3005;20850.5437669754;4.5583;3764.86618423462;-20.7422
731;732;732;25.9752;20875.8442678452;4.3605;3769.42448425293;-21.6147
732;733;733;25.1223;20901.8194684982;5.0411;3773.78498411179;-20.0812
733;734;734;25.8592;20926.9417676926;5.9861;3778.82608413696;-19.8731
734;735;735;25.2172;20952.8009672165;4.7523;3784.8121843338;-20.4649
735;736;736;25.1585;20978.0181665421;4.5446;3789.56448411942;-20.6139
736;737;737;25.7366;21003.1766672134;5.8961;3794.10908412933;-19.8405
737;738;738;25.3265;21028.9132680893;5.2116;3800.00518417358;-20.1149
738;739;739;25.3267;21054.2397680283;5.3631;3805.2167840004;-19.9636
739;740;740;25.4624;21079.5664682388;4.8516;3810.57988405228;-20.6108
740;741;741;25.6059;21105.0288686752;4.9096;3815.43148422241;-20.6963
741;742;742;26.1006;21130.634768486;5.3856;3820.34108400345;-20.715
742;743;743;25.3979;21156.735367775;4.6524;3825.72668409348;-20.7455
743;744;744;24.7408;21182.1332674026;4.7624;3830.37908411026;-19.9784
744;745;745;27.3723;21206.8740682602;4.4838;3835.14148426056;-22.8885
745;746;746;27.2039;21234.2463674545;5.7199;3839.62528419495;-21.484
746;747;747;24.7774;21261.4502668381;6.2159;3845.34518432617;-18.5615
747;748;748;25.8314;21286.2276659012;5.1081;3851.56108427048;-20.7233
748;749;749;25.1869;21312.0590658188;4.6028;3856.66918420792;-20.5841
749;750;750;25.9299;21337.245965004;5.2189;3861.27198410034;-20.711
750;751;751;25.3653;21363.1758642197;4.142;3866.49088430405;-21.2233
751;752;752;25.1564;21388.5411634445;4.303;3870.63288450241;-20.8534
752;753;753;25.6635;21413.6975641251;4.9452;3874.93588447571;-20.7183
753;754;754;25.1312;21439.3610639572;5.3706;3879.88108444214;-19.7606
754;755;755;25.7223;21464.4922647476;4.5791;3885.25168466568;-21.1432
755;756;756;25.3298;21490.2145643234;4.6451;3889.83078479767;-20.6847
756;757;757;25.9023;21515.5443639755;4.6704;3894.4758849144;-21.2319
757;758;758;25.1677;21541.4466638565;5.9013;3899.14628505707;-19.2664
758;759;759;25.7621;21566.6143636703;5.5574;3905.04758501053;-20.2047
759;760;760;25.272;21592.3764638901;4.7432;3910.60498476028;-20.5288
760;761;761;25.5893;21617.6484632492;4.747;3915.34818458557;-20.8423
761;762;762;25.6026;21643.2377634048;4.9794;3920.09518480301;-20.6232
762;763;763;24.9516;21668.8403635025;4.776;3925.07458496094;-20.1756
763;764;764;26.2755;21693.7919626236;4.4829;3929.85058498383;-21.7926
764;765;765;27.872;21720.0674619675;5.1957;3934.3334851265;-22.6763
765;766;766;26.3557;21747.9394617081;5.4494;3939.5291852951;-20.9063
766;767;767;24.672;21774.2951612473;5.3341;3944.97858524323;-19.3379
767;768;768;24.9625;21798.9671621323;5.4276;3950.31268501282;-19.5349
768;769;769;25.6824;21823.9296617508;4.928;3955.74028491974;-20.7544
769;770;770;25.3443;21849.6120615005;4.4745;3960.66828489304;-20.8698
770;771;771;26.2467;21874.956360817;4.9856;3965.14278507233;-21.2611
771;772;772;24.7297;21901.2030611038;4.2605;3970.12838506699;-20.4692
772;773;773;25.9226;21925.9327611923;4.799;3974.38888502121;-21.1236
773;774;774;24.9188;21951.8553609848;4.3018;3979.18788480759;-20.617
774;775;775;26.5988;21976.7741613388;4.1744;3983.48968458176;-22.4244
775;776;776;24.5404;22003.372961998;5.3295;3987.66408443451;-19.2109
776;777;777;25.3437;22027.9133615494;4.5647;3992.99358463287;-20.779
777;778;778;25.3851;22053.2570619583;5.8916;3997.55828475952;-19.4935
778;779;779;25.5175;22078.6421613693;5.7059;4003.44988489151;-19.8116
779;780;780;25.7858;22104.159661293;5.0983;4009.15578508377;-20.6875
780;781;781;25.067;22129.9454603195;4.7962;4014.25408506393;-20.2708
781;782;782;25.3449;22155.0124597549;4.1593;4019.05028486252;-21.1856
782;783;783;25.4496;22180.3573598862;4.3523;4023.20958471298;-21.0973
783;784;784;28.8661;22205.8069601059;4.9749;4027.56188488007;-23.8912
784;785;785;25.7261;22234.6730604172;4.7363;4032.5367846489;-20.9898
785;786;786;24.9846;22260.3991594315;4.2657;4037.2730846405;-20.7189
786;787;787;25.355;22285.3837594986;4.8554;4041.53878450394;-20.4996
787;788;788;25.4643;22310.7387590408;5.7692;4046.39418458939;-19.6951
788;789;789;25.7497;22336.2030591965;4.96;4052.16338443756;-20.7897
789;790;790;24.9747;22361.9527597427;4.5976;4057.12338447571;-20.3771
790;791;791;26.7192;22386.9274587631;4.2962;4061.72098445892;-22.423
791;792;792;24.4445;22413.6466588974;4.632;4066.01718425751;-19.8125
792;793;793;25.4934;22438.0911588669;4.3294;4070.64918422699;-21.164
793;794;794;25.3409;22463.5845594406;5.8657;4074.97858428955;-19.4752
794;795;795;25.6796;22488.9254598618;4.0507;4080.84428405762;-21.6289
795;796;796;25.1061;22514.6050596237;5.7568;4084.8949842453;-19.3493
796;797;797;25.682;22539.7111597061;5.0981;4090.65178442001;-20.5839
797;798;798;25.6092;22565.3931589127;4.7066;4095.74988460541;-20.9026
798;799;799;25.3262;22591.0023584366;5.2505;4100.45648479462;-20.0757
799;800;800;25.4419;22616.3285589218;4.5725;4105.7069849968;-20.8694
800;801;801;25.8721;22641.7704591751;5.0919;4110.27948474884;-20.7802
801;802;802;25.9264;22667.6425600052;4.4651;4115.37138462067;-21.4613
802;803;803;25.1486;22693.5689592361;4.2626;4119.83648443222;-20.886
803;804;804;28.5153;22718.7175588608;5.1015;4124.09908437729;-23.4138
804;805;805;25.7077;22747.2328596115;4.1548;4129.20058441162;-21.5529
805;806;806;24.8706;22772.9405603409;4.6284;4133.35538434982;-20.2422
806;807;807;25.7648;22797.8111600876;4.6977;4137.98378419876;-21.0671
807;808;808;25.5163;22823.5759592056;4.7659;4142.68148422241;-20.7504
808;809;809;25.4013;22849.092259407;6.1667;4147.44738435745;-19.2346
809;810;810;25.2367;22874.4935598373;4.6719;4153.61408424377;-20.5648
810;811;811;25.5696;22899.7302598953;4.3848;4158.28598403931;-21.1848
811;812;812;25.6818;22925.2998590469;4.7851;4162.67078399658;-20.8967
812;813;813;25.2825;22950.9816598892;5.5321;4167.4558839798;-19.7504
813;814;814;25.2422;22976.2641592026;4.7745;4172.98798418045;-20.4677
814;815;815;26.1372;23001.506360054;4.3067;4177.76248407364;-21.8305
815;816;816;25.2369;23027.6435594559;4.1404;4182.06918382645;-21.0965
816;817;817;25.2019;23052.8804597855;5.3842;4186.20958375931;-19.8177
817;818;818;25.5045;23078.0823602676;4.2869;4191.59378385544;-21.2176
818;819;819;25.211;23103.5868597031;4.3281;4195.88068389893;-20.8829
819;820;820;25.6582;23128.7978601456;6.0882;4200.20878410339;-19.57
820;821;821;25.4596;23154.4560594559;4.8866;4206.29698419571;-20.573
821;822;822;25.2915;23179.9156599045;5.1615;4211.18358421326;-20.13
822;823;823;28.5012;23205.207159996;5.2501;4216.34508419037;-23.2511
823;824;824;26.4103;23233.7083597183;5.1647;4221.59518432617;-21.2456
824;825;825;25.1973;23260.1186590195;5.3112;4226.75988435745;-19.8861
825;826;826;26.862;23285.3159589767;8.7327;4232.07108449936;-18.1293
826;827;827;23.972;23312.1779584885;4.8562;4240.80378484726;-19.1158
827;828;828;25.552;23336.1499586105;5.8435;4245.65998506546;-19.7085
828;829;829;25.7243;23361.7019586563;4.3981;4251.50348520279;-21.3262
829;830;830;25.2598;23387.4262590408;5.0193;4255.90158510208;-20.2405
830;831;831;25.4873;23412.6860589981;4.3547;4260.92088508606;-21.1326
831;832;832;25.2941;23438.1733598709;4.3012;4265.27558517456;-20.9929
832;833;833;25.5238;23463.4674596786;4.4741;4269.57678508759;-21.0497
833;834;834;25.3032;23488.9912595749;5.2756;4274.0508852005;-20.0276
834;835;835;25.81;23514.294459343;4.7016;4279.32648515701;-21.1084
835;836;836;25.4147;23540.1044588089;4.4659;4284.02808523178;-20.9488
836;837;837;25.3083;23565.5191583633;4.7946;4288.49398517609;-20.5137
837;838;838;25.362;23590.8274583817;4.8995;4293.288585186;-20.4625
838;839;839;25.5016;23616.1894578934;6.3356;4298.18808507919;-19.166
839;840;840;25.6013;23641.6910581589;4.8364;4304.52368497849;-20.7649
840;841;841;25.4151;23667.2923574448;4.9155;4309.36008501053;-20.4996
841;842;842;25.622;23692.7074575424;4.2526;4314.27558517456;-21.3694
842;843;843;28.9883;23718.329457283;4.6736;4318.52818536758;-24.3147
843;844;844;25.2877;23747.3177576065;4.199;4323.20178556442;-21.0887
844;845;845;25.4203;23772.6054582596;6.25;4327.40078544617;-19.1703
845;846;846;25.4578;23798.0257577896;4.7848;4333.65078544617;-20.673
846;847;847;25.4678;23823.4835577011;4.8525;4338.43558549881;-20.6153
847;848;848;25.6644;23848.9513578415;5.543;4343.28808546066;-20.1214
848;849;849;25.4315;23874.6157579422;5.8272;4348.83108568192;-19.6043
849;850;850;25.1261;23900.0472574234;4.9526;4354.65828561783;-20.1735
850;851;851;27.2395;23925.1733579636;4.8161;4359.61088562012;-22.4234
851;852;852;23.9926;23952.4128580093;4.627;4364.42698574066;-19.3656
852;853;853;25.4121;23976.4054574966;4.8168;4369.0539855957;-20.5953
853;854;854;26.5443;24001.8175573349;4.8685;4373.8707857132;-21.6758
854;855;855;24.1858;24028.3618574142;4.3451;4378.73928546906;-19.8407
855;856;856;25.7157;24052.5476579666;4.3256;4383.08438539505;-21.3901
856;857;857;25.2853;24078.2633581161;5.4182;4387.4099855423;-19.8671
857;858;858;26.0341;24103.5486574173;5.3723;4392.82818555832;-20.6618
858;859;859;24.9661;24129.5827569962;5.1732;4398.20048570633;-19.7929
859;860;860;25.4716;24154.5488576889;5.0322;4403.37368583679;-20.4394
860;861;861;25.5297;24180.0204572678;4.6413;4408.40588569641;-20.8884
861;862;862;27.5107;24205.5501565933;4.8277;4413.04718589783;-22.683
862;863;863;27.1738;24233.0608568192;4.2888;4417.87488603592;-22.885
863;864;864;25.1747;24260.2346563339;4.128;4422.16368579865;-21.0467
864;865;865;25.3215;24285.4093561172;4.5759;4426.29168558121;-20.7456
865;866;866;25.306;24310.7308568954;4.9713;4430.86758565903;-20.3347
866;867;867;25.5387;24336.0368566513;4.5134;4435.83888578415;-21.0253
867;868;868;25.4086;24361.5755567551;4.5143;4440.35228586197;-20.8943
868;869;869;25.4183;24386.9841566086;4.6964;4444.86658573151;-20.7219
869;870;870;25.4595;24412.4024572372;6.7005;4449.56298589706;-18.759
870;871;871;25.5709;24437.8619565964;5.786;4456.26348590851;-19.7849
871;872;872;25.1438;24463.4328565598;5.2691;4462.04948568344;-19.8747
872;873;873;25.678;24488.5766572952;4.9655;4467.31858587265;-20.7125
873;874;874;26.4344;24514.2546567917;5.4662;4472.28408575058;-20.9682
874;875;875;26.1368;24540.6890573502;5.8426;4477.75028562546;-20.2942
875;876;876;4.2881;24566.8258581161;5.1738;4483.59288549423;0.8857002
876;877;877;0;24571.1139578819;5.2968;4488.76668548584;5.2968
877;878;878;0;24571.1139578819;5.6138;4494.06348562241;5.6138
878;879;879;0;24571.1139578819;7.383;4499.67728567123;7.383
879;880;880;0;24571.1139578819;5.1082;4507.06028556824;5.1082
880;881;881;0;24571.1139578819;4.5709;4512.16848564148;4.5709
881;882;882;0;24571.1139578819;4.562;4516.73938560486;4.562
882;883;883;0;24571.1139578819;5.1183;4521.30138540268;5.1183
883;884;884;0;24571.1139578819;5.1849;4526.41968536377;5.1849
884;885;885;0;24571.1139578819;5.0918;4531.60458517075;5.0918
885;886;886;0;24571.1139578819;4.4823;4536.69638538361;4.4823
886;887;887;0;24571.1139578819;4.9538;4541.17868518829;4.9538
887;888;888;0;24571.1139578819;5.8015;4546.13248538971;5.8015
888;889;889;0;24571.1139578819;5.3082;4551.93398523331;5.3082
889;890;890;0;24571.1139578819;4.7364;4557.24218511581;4.7364
890;891;891;0;24571.1139578819;4.3557;4561.97858524323;4.3557
891;892;892;0;24571.1139578819;4.7302;4566.33428525925;4.7302
892;893;893;0;24571.1139578819;5.0671;4571.06448507309;5.0671
893;894;894;0;24571.1139578819;5.1154;4576.13158512115;5.1154
894;895;895;0;24571.1139578819;4.899;4581.24698495865;4.899
895;896;896;0;24571.1139578819;4.9955;4586.1459851265;4.9955
896;897;897;0;24571.1139578819;5.3774;4591.14148521423;5.3774
897;898;898;0;24571.1139578819;5.4707;4596.51888513565;5.4707
898;899;899;0;24571.1139578819;6.6972;4601.98958492279;6.6972
899;900;900;0;24571.1139578819;5.5395;4608.68678474426;5.5395
900;901;901;0;24571.1139578819;5.3738;4614.22628450394;5.3738
901;902;902;0;24571.1139578819;5.5027;4619.60008430481;5.5027
902;903;903;0;24571.1139578819;4.852;4625.1027841568;4.852
903;904;904;0;24571.1139578819;4.3555;4629.95478391647;4.3555
904;905;905;0;24571.1139578819;4.4984;4634.31028413773;4.4984
905;906;906;0;24571.1139578819;5.1024;4638.80868434906;5.1024
906;907;907;0;24571.1139578819;6.12;4643.91108417511;6.12
907;908;908;0;24571.1139578819;5.5211;4650.03108406067;5.5211
908;909;909;0;24571.1139578819;5.4735;4655.55218410492;5.4735
909;910;910;0;24571.1139578819;5.2914;4661.02568387985;5.2914
910;911;911;0;24571.1139578819;5.6424;4666.3170838356;5.6424
911;912;912;0;24571.1139578819;5.1047;4671.9594836235;5.1047
912;913;913;0;24571.1139578819;5.0887;4677.06418371201;5.0887
913;914;914;0;24571.1139578819;5.1033;4682.15288352966;5.1033
914;915;915;0;24571.1139578819;5.078;4687.25618362427;5.078
915;916;916;0;24571.1139578819;5.2732;4692.33418369293;5.2732
916;917;917;0;24571.1139578819;5.5982;4697.60738372803;5.5982
917;918;918;0;24571.1139578819;5.6479;4703.20558357239;5.6479
918;919;919;0;24571.1139578819;4.9644;4708.85348367691;4.9644
919;920;920;0;24571.1139578819;6.0102;4713.81788349152;6.0102
920;921;921;0;24571.1139578819;5.681;4719.82808351517;5.681
921;922;922;0;24571.1139578819;4.9401;4725.50908327103;4.9401
922;923;923;0;24571.1139578819;5.7779;4730.44918346405;5.7779
923;924;924;0;24571.1139578819;5.4391;4736.22708368301;5.4391
924;925;925;0;24571.1139578819;5.3556;4741.66618347168;5.3556
925;926;926;0;24571.1139578819;5.7269;4747.0217833519;5.7269
926;927;927;0;24571.1139578819;4.8325;4752.74868345261;4.8325
927;928;928;0;24571.1139578819;4.4633;4757.58118343353;4.4633
928;929;929;0;24571.1139578819;4.1092;4762.04448318481;4.1092
929;930;930;0;24571.1139578819;5.0026;4766.15368318558;5.0026
930;931;931;0;24571.1139578819;4.4772;4771.1562833786;4.4772
931;932;932;0;24571.1139578819;4.9038;4775.63348340988;4.9038
932;933;933;0;24571.1139578819;4.4695;4780.53728342056;4.4695
933;934;934;0;24571.1139578819;5.1199;4785.00678348541;5.1199
934;935;935;0;24571.1139578819;4.4097;4790.12668323517;4.4097
935;936;936;0;24571.1139578819;4.955;4794.53638315201;4.955
936;937;937;0;24571.1139578819;6.2204;4799.49138307571;6.2204
937;938;938;0;24571.1139578819;4.9579;4805.71178293228;4.9579
938;939;939;0;24571.1139578819;4.5228;4810.66968297958;4.5228
939;940;940;0;24571.1139578819;4.7482;4815.1924829483;4.7482
940;941;941;0;24571.1139578819;4.2953;4819.94068288803;4.2953
941;942;942;0;24571.1139578819;4.721;4824.2359828949;4.721
942;943;943;0;24571.1139578819;5.0008;4828.95698308945;5.0008
943;944;944;0;24571.1139578819;4.8963;4833.9577832222;4.8963
944;945;945;0;24571.1139578819;4.3297;4838.85408306122;4.3297
945;946;946;0;24571.1139578819;4.4441;4843.18378305435;4.4441
946;947;947;0;24571.1139578819;4.3915;4847.62788295746;4.3915
947;948;948;0;24571.1139578819;5.7127;4852.01938295364;5.7127
948;949;949;0;24571.1139578819;4.7037;4857.73208284378;4.7037
949;950;950;0;24571.1139578819;4.3381;4862.43578290939;4.3381
950;951;951;0;24571.1139578819;5.1075;4866.77388286591;5.1075
951;952;952;0;24571.1139578819;4.747;4871.8813829422;4.747
952;953;953;0;24571.1139578819;4.9458;4876.62838315964;4.9458
953;954;954;0;24571.1139578819;4.4111;4881.57418298721;4.4111
954;955;955;0;24571.1139578819;4.6697;4885.98528289795;4.6697
955;956;956;0;24571.1139578819;4.761;4890.65498304367;4.761
956;957;957;0;24571.1139578819;5.1286;4895.41598320007;5.1286
957;958;958;0;24571.1139578819;5.7083;4900.54458332062;5.7083
958;959;959;0;24571.1139578819;6.1068;4906.2528834343;6.1068
959;960;960;0;24571.1139578819;4.689;4912.35968351364;4.689
960;961;961;0;24571.1139578819;5.2333;4917.04868364334;5.2333
961;962;962;0;24571.1139578819;4.5786;4922.28198385239;4.5786
962;963;963;0;24571.1139578819;5.8715;4926.8605837822;5.8715
963;964;964;0;24571.1139578819;4.7813;4932.73208379745;4.7813
964;965;965;0;24571.1139578819;4.972;4937.51338386536;4.972
965;966;966;0;24571.1139578819;4.447;4942.48538398743;4.447
966;967;967;0;24571.1139578819;5.2769;4946.93238401413;5.2769
967;968;968;0;24571.1139578819;5.7769;4952.20928382874;5.7769
968;969;969;0;24571.1139578819;5.0899;4957.98618364334;5.0899
969;970;970;0;24571.1139578819;4.6065;4963.07608366013;4.6065
970;971;971;0;24571.1139578819;4.6096;4967.6825838089;4.6096
971;972;972;0;24571.1139578819;4.5075;4972.29218387604;4.5075
972;973;973;0;24571.1139578819;4.4495;4976.7996840477;4.4495
973;974;974;0;24571.1139578819;4.9632;4981.24918413162;4.9632
974;975;975;0;24571.1139578819;4.7831;4986.21238422394;4.7831
975;976;976;0;24571.1139578819;4.3239;4990.99548435211;4.3239
976;977;977;0;24571.1139578819;4.434;4995.31938457489;4.434
977;978;978;0;24571.1139578819;4.99;4999.75338459015;4.99
978;979;979;0;24571.1139578819;5.1255;5004.74338436127;5.1255
979;980;980;0;24571.1139578819;5.8917;5009.86888456345;5.8917
980;981;981;0;24571.1139578819;5.1967;5015.7605843544;5.1967
981;982;982;0;24571.1139578819;4.9792;5020.95728445053;4.9792
982;983;983;0;24571.1139578819;4.6878;5025.93648433685;4.6878
983;984;984;0;24571.1139578819;4.6911;5030.62428426743;4.6911
984;985;985;0;24571.1139578819;5.2431;5035.31538438797;5.2431
985;986;986;0;24571.1139578819;5.2144;5040.55848455429;5.2144
986;987;987;0;24571.1139578819;4.6292;5045.7728843689;4.6292
987;988;988;0;24571.1139578819;5.8739;5050.40208435059;5.8739
988;989;989;0;24571.1139578819;4.816;5056.27598428726;4.816
989;990;990;0;24571.1139578819;4.8981;5061.091984272;4.8981
990;991;991;0;24571.1139578819;4.5377;5065.9900841713;4.5377
991;992;992;0;24571.1139578819;5.1935;5070.52778434753;5.1935
992;993;993;0;24571.1139578819;4.9927;5075.7212843895;4.9927
993;994;994;0;24571.1139578819;4.4275;5080.71398448944;4.4275
994;995;995;0;24571.1139578819;4.4618;5085.14148426056;4.4618
995;996;996;0;24571.1139578819;4.4889;5089.60328435898;4.4889
996;997;997;0;24571.1139578819;4.6641;5094.09218454361;4.6641
997;998;998;0;24571.1139578819;5.2032;5098.75628471375;5.2032
998;999;999;0;24571.1139578819;5.9491;5103.95948457718;5.9491
999;1000;1000;0;24571.1139578819;5.174;5109.90858459473;5.174
1000;1001;1001;0;24571.1139578819;4.3736;5115.0825843811;4.3736
1001;1002;1002;0;24571.1139578819;4.5358;5119.45618438721;4.5358
1002;1003;1003;0;24571.1139578819;4.3693;5123.99198436737;4.3693
1003;1004;1004;0;24571.1139578819;4.6495;5128.36128425598;4.6495
1004;1005;1005;0;24571.1139578819;4.2581;5133.01078414917;4.2581
1005;1006;1006;0;24571.1139578819;4.8;5137.26888418198;4.8
1006;1007;1007;0;24571.1139578819;4.6242;5142.06888437271;4.6242
1007;1008;1008;0;24571.1139578819;4.3088;5146.69308423996;4.3088
1008;1009;1009;0;24571.1139578819;4.9145;5151.00188446045;4.9145
1009;1010;1010;0;24571.1139578819;5.6105;5155.91638422012;5.6105
1010;1011;1011;0;24571.1139578819;4.5556;5161.52688407898;4.5556
1011;1012;1012;0;24571.1139578819;4.4729;5166.0824842453;4.4729
1012;1013;1013;0;24571.1139578819;4.5329;5170.55538415909;4.5329
1013;1014;1014;0;24571.1139578819;4.7326;5175.08828401566;4.7326
1014;1015;1015;0;24571.1139578819;4.782;5179.82088422775;4.782
1015;1016;1016;0;24571.1139578819;5.171;5184.6028842926;5.171
1016;1017;1017;0;24571.1139578819;4.6948;5189.77388429642;4.6948
1017;1018;1018;0;24571.1139578819;6.153;5194.46868419647;6.153
1018;1019;1019;0;24571.1139578819;6.1786;5200.6216840744;6.1786
1019;1020;1020;0;24571.1139578819;5.2213;5206.80028390884;5.2213
1020;1021;1021;0;24571.1139578819;4.4233;5212.02158403397;4.4233
1021;1022;1022;0;24571.1139578819;4.7622;5216.44488382339;4.7622
1022;1023;1023;0;24571.1139578819;4.3157;5221.20708370209;4.3157
1023;1024;1024;0;24571.1139578819;4.7835;5225.52278375626;4.7835
1024;1025;1025;0;24571.1139578819;5.2409;5230.30628395081;5.2409
1025;1026;1026;0;24571.1139578819;4.9423;5235.54718399048;4.9423
1026;1027;1027;0;24571.1139578819;4.7913;5240.48948383331;4.7913
1027;1028;1028;0;24571.1139578819;4.6979;5245.28078365326;4.6979
1028;1029;1029;0;24571.1139578819;4.8199;5249.97868347168;4.8199
1029;1030;1030;0;24571.1139578819;4.9205;5254.79858350754;4.9205
1030;1031;1031;0;24571.1139578819;5.2615;5259.71908330917;5.2615
1031;1032;1032;0;24571.1139578819;4.9137;5264.98058319092;4.9137
1032;1033;1033;0;24571.1139578819;4.5404;5269.89428329468;4.5404
1033;1034;1034;0;24571.1139578819;5.9198;5274.43468332291;5.9198
1034;1035;1035;0;24571.1139578819;4.5277;5280.35448312759;4.5277
1035;1036;1036;0;24571.1139578819;5.4995;5284.88218307495;5.4995
1036;1037;1037;0;24571.1139578819;4.6376;5290.38168287277;4.6376
1037;1038;1038;0;24571.1139578819;5.5578;5295.01928281784;5.5578
1038;1039;1039;0;24571.1139578819;4.8412;5300.57708263397;4.8412
1039;1040;1040;0;24571.1139578819;5.5143;5305.41828250885;5.5143
1040;1041;1041;0;24571.1139578819;4.5058;5310.93258237839;4.5058
1041;1042;1042;0;24571.1139578819;4.8042;5315.43838214874;4.8042
1042;1043;1043;0;24571.1139578819;4.6998;5320.24258232117;4.6998
1043;1044;1044;0;24571.1139578819;4.6715;5324.94238233566;4.6715
1044;1045;1045;0;24571.1139578819;4.9406;5329.61388254166;4.9406
1045;1046;1046;0;24571.1139578819;5.3911;5334.55448246002;5.3911
1046;1047;1047;0;24571.1139578819;5.2765;5339.94558238983;5.2765
1047;1048;1048;0;24571.1139578819;4.7141;5345.2220826149;4.7141
1048;1049;1049;0;24571.1139578819;5.0517;5349.93618249893;5.0517
1049;1050;1050;0;24571.1139578819;5.8796;5354.98788261414;5.8796
1050;1051;1051;0;24571.1139578819;5.486;5360.8674826622;5.486
1051;1052;1052;0;24571.1139578819;4.8868;5366.35348272324;4.8868
1052;1053;1053;0;24571.1139578819;4.7843;5371.24028253555;4.7843
1053;1054;1054;0;24571.1139578819;5.4614;5376.02458238602;5.4614
1054;1055;1055;0;24571.1139578819;5.0802;5381.48598241806;5.0802
1055;1056;1056;0;24571.1139578819;4.953;5386.56618261337;4.953
1056;1057;1057;0;24571.1139578819;5.0131;5391.51918268204;5.0131
1057;1058;1058;0;24571.1139578819;4.5742;5396.53228282928;4.5742
1058;1059;1059;0;24571.1139578819;5.5014;5401.10648298264;5.5014
1059;1060;1060;0;24571.1139578819;4.9071;5406.60788297653;4.9071
1060;1061;1061;0;24571.1139578819;4.7962;5411.51498317719;4.7962
1061;1062;1062;0;24571.1139578819;4.3132;5416.31118297577;4.3132
1062;1063;1063;0;24571.1139578819;4.4418;5420.62438297272;4.4418
1063;1064;1064;0;24571.1139578819;4.5604;5425.06618309021;4.5604
1064;1065;1065;0;24571.1139578819;4.2831;5429.62658309937;4.2831
1065;1066;1066;0;24571.1139578819;4.4693;5433.90968322754;4.4693
1066;1067;1067;0;24571.1139578819;5.1967;5438.37898302078;5.1967
1067;1068;1068;0;24571.1139578819;5.751;5443.57568311691;5.751
1068;1069;1069;0;24571.1139578819;5.338;5449.32668304443;5.338
1069;1070;1070;0;24571.1139578819;6.1747;5454.66468286514;6.1747
1070;1071;1071;0;24571.1139578819;5.1323;5460.83938264847;5.1323
1071;1072;1072;0;24571.1139578819;4.6702;5465.97168254852;4.6702
1072;1073;1073;0;24571.1139578819;4.7991;5470.64188241959;4.7991
1073;1074;1074;0;24571.1139578819;4.6033;5475.44098234177;4.6033
1074;1075;1075;0;24571.1139578819;4.8634;5480.04428243637;4.8634
1075;1076;1076;0;24571.1139578819;4.7766;5484.90768241882;4.7766
1076;1077;1077;0;24571.1139578819;4.7717;5489.68428230286;4.7717
1077;1078;1078;0;24571.1139578819;5.3446;5494.45598220825;5.3446
1078;1079;1079;0;24571.1139578819;4.9692;5499.80058240891;4.9692
1079;1080;1080;0;24571.1139578819;5.6363;5504.76978254318;5.6363
1080;1081;1081;0;24571.1139578819;4.6729;5510.40608263016;4.6729
1081;1082;1082;0;24571.1139578819;4.5679;5515.07898283005;4.5679
1082;1083;1083;0;24571.1139578819;5.0408;5519.64688301086;5.0408
1083;1084;1084;0;24571.1139578819;5.2415;5524.68768310547;5.2415
1084;1085;1085;0;24571.1139578819;4.6601;5529.92918300629;4.6601
1085;1086;1086;0;24571.1139578819;4.842;5534.5892829895;4.842
1086;1087;1087;0;24571.1139578819;5.3811;5539.43128299713;5.3811
1087;1088;1088;0;24571.1139578819;5.4245;5544.8123831749;5.4245
1088;1089;1089;0;24571.1139578819;5.7131;5550.23688316345;5.7131
1089;1090;1090;0;24571.1139578819;5.9946;5555.94998311996;5.9946
1090;1091;1091;0;24571.1139578819;5.382;5561.94458293915;5.382
1091;1092;1092;0;24571.1139578819;4.8311;5567.32658290863;4.8311
1092;1093;1093;0;24571.1139578819;4.5541;5572.15768289566;4.5541
1093;1094;1094;0;24571.1139578819;4.6975;5576.71178293228;4.6975
1094;1095;1095;0;24571.1139578819;4.3805;5581.40928268433;4.3805
1095;1096;1096;0;24571.1139578819;5.2397;5585.78978252411;5.2397
1096;1097;1097;0;24571.1139578819;5.2071;5591.02948236465;5.2071
1097;1098;1098;0;24571.1139578819;4.6479;5596.23658227921;4.6479
1098;1099;1099;0;24571.1139578819;5.3393;5600.88448238373;5.3393
1099;1100;1100;0;24571.1139578819;5.8676;5606.22378253937;5.8676
1100;1101;1101;0;24571.1139578819;4.5939;5612.09138250351;4.5939
1101;1102;1102;0;24571.1139578819;4.4449;5616.68528270721;4.4449
1102;1103;1103;0;24571.1139578819;4.6908;5621.13018274307;4.6908
1103;1104;1104;0;24571.1139578819;4.6746;5625.82098293304;4.6746
1104;1105;1105;0;24571.1139578819;4.4351;5630.4955830574;4.4351
1105;1106;1106;0;24571.1139578819;5.6269;5634.93068313599;5.6269
1106;1107;1107;0;24571.1139578819;5.7491;5640.55758333206;5.7491
1107;1108;1108;0;24571.1139578819;4.9039;5646.30668354034;4.9039
1108;1109;1109;0;24571.1139578819;5.6544;5651.21058368683;5.6544
1109;1110;1110;0;24571.1139578819;6.2221;5656.86498355865;6.2221
1110;1111;1111;0;24571.1139578819;4.8924;5663.08708333969;4.8924
1111;1112;1112;0;24571.1139578819;4.9981;5667.97948312759;4.9981
1112;1113;1113;0;24571.1139578819;5.4164;5672.97758293152;5.4164
1113;1114;1114;0;24571.1139578819;5.6392;5678.39398288727;5.6392
1114;1115;1115;0;24571.1139578819;5.5822;5684.03318309784;5.5822
1115;1116;1116;0;24571.1139578819;4.9626;5689.61538314819;4.9626
1116;1117;1117;0;24571.1139578819;5.3715;5694.57798290253;5.3715
1117;1118;1118;0;24571.1139578819;7.3252;5699.94948291779;7.3252
1118;1119;1119;0;24571.1139578819;6.5868;5707.27468299866;6.5868
1119;1120;1120;0;24571.1139578819;5.9002;5713.86148309708;5.9002
1120;1121;1121;0;24571.1139578819;5.2701;5719.76168298721;5.2701
1121;1122;1122;0;24571.1139578819;5.0693;5725.03178310394;5.0693
1122;1123;1123;0;24571.1139578819;6.1844;5730.10108327866;6.1844
1123;1124;1124;0;24571.1139578819;5.2075;5736.28548336029;5.2075
1124;1125;1125;0;24571.1139578819;5.4271;5741.49298334122;5.4271
1125;1126;1126;0;24571.1139578819;5.8824;5746.9200835228;5.8824
1126;1127;1127;0;24571.1139578819;5.7141;5752.80248355865;5.7141
1127;1128;1128;0;24571.1139578819;5.2428;5758.51658344269;5.2428
1128;1129;1129;0;24571.1139578819;5.2764;5763.7593832016;5.2764
1129;1130;1130;0;24571.1139578819;5.6672;5769.03578329086;5.6672
1130;1131;1131;0;24571.1139578819;5.0375;5774.70298337936;5.0375
1131;1132;1132;0;24571.1139578819;4.9842;5779.740483284;4.9842
1132;1133;1133;0;24571.1139578819;4.9056;5784.72468328476;4.9056
1133;1134;1134;0;24571.1139578819;5.8142;5789.63028335571;5.8142
1134;1135;1135;0;24571.1139578819;5.3968;5795.44448328018;5.3968
1135;1136;1136;0;24571.1139578819;5.1125;5800.84128332138;5.1125
1136;1137;1137;0;24571.1139578819;6.2173;5805.95378351212;6.2173
1137;1138;1138;0;24571.1139578819;5.4549;5812.17108345032;5.4549
1138;1139;1139;0;24571.1139578819;4.803;5817.62598323822;4.803
1139;1140;1140;0;24571.1139578819;4.6412;5822.42898321152;4.6412
1140;1141;1141;0;24571.1139578819;5.379;5827.07018327713;5.379
1141;1142;1142;0;24571.1139578819;4.982;5832.44918346405;4.982
1142;1143;1143;0;24571.1139578819;5.1283;5837.43118333817;5.1283
1143;1144;1144;0;24571.1139578819;5.0634;5842.55948352814;5.0634
1144;1145;1145;0;24571.1139578819;4.9258;5847.62288331985;4.9258
1145;1146;1146;0;24571.1139578819;6.179;5852.5486831665;6.179
1146;1147;1147;0;24571.1139578819;5.9533;5858.72768306732;5.9533
1147;1148;1148;0;24571.1139578819;5.1819;5864.68098306656;5.1819
1148;1149;1149;0;24571.1139578819;4.4225;5869.86288309097;4.4225
1149;1150;1150;0;24571.1139578819;5.3113;5874.28538322449;5.3113
1150;1151;1151;0;24571.1139578819;5.6919;5879.59668302536;5.6919
1151;1152;1152;0;24571.1139578819;4.8639;5885.28858280182;4.8639
1152;1153;1153;0;24571.1139578819;5.7855;5890.15248298645;5.7855
1153;1154;1154;0;24571.1139578819;5.0285;5895.93798303604;5.0285
1154;1155;1155;0;24571.1139578819;5.1316;5900.96648311615;5.1316
1155;1156;1156;0;24571.1139578819;5.0251;5906.09808301926;5.0251
1156;1157;1157;0;24571.1139578819;4.1738;5911.12318277359;4.1738
1157;1158;1158;0;24571.1139578819;4.9979;5915.2969827652;4.9979
1158;1159;1159;0;24571.1139578819;5.2269;5920.29488277435;5.2269
1159;1160;1160;0;24571.1139578819;4.4671;5925.52178287506;4.4671
1160;1161;1161;0;24571.1139578819;4.9315;5929.98888301849;4.9315
1161;1162;1162;0;24571.1139578819;4.5302;5934.92038297653;4.5302
1162;1163;1163;0;24571.1139578819;4.534;5939.45058298111;4.534
1163;1164;1164;0;24571.1139578819;4.7829;5943.984582901;4.7829
1164;1165;1165;0;24571.1139578819;4.9669;5948.76748275757;4.9669
1165;1166;1166;0;24571.1139578819;5.6143;5953.73438262939;5.6143
1166;1167;1167;0;24571.1139578819;5.6579;5959.34868240356;5.6579
1167;1168;1168;0;24571.1139578819;4.682;5965.00658226013;4.682
1168;1169;1169;0;24571.1139578819;4.5925;5969.68858242035;4.5925
1169;1170;1170;0;24571.1139578819;4.4433;5974.28108263016;4.4433
1170;1171;1171;0;24571.1139578819;4.378;5978.72438240051;4.378
1171;1172;1172;0;24571.1139578819;4.1656;5983.10238218307;4.1656
1172;1173;1173;0;24571.1139578819;4.1359;5987.26798200607;4.1359
1173;1174;1174;0;24571.1139578819;4.7112;5991.40388202667;4.7112
1174;1175;1175;0;24571.1139578819;4.7102;5996.11508178711;4.7102
1175;1176;1176;0;24571.1139578819;4.2859;6000.82528162003;4.2859
1176;1177;1177;0;24571.1139578819;5.5804;6005.11118173599;5.5804
1177;1178;1178;0;24571.1139578819;4.6445;6010.69158172607;4.6445
1178;1179;1179;0;24571.1139578819;4.1678;6015.33608150482;4.1678
1179;1180;1180;0;24571.1139578819;4.4024;6019.50388145447;4.4024
1180;1181;1181;0;24571.1139578819;4.6497;6023.90628147125;4.6497
1181;1182;1182;0;24571.1139578819;4.5865;6028.55598163605;4.5865
1182;1183;1183;0;24571.1139578819;4.7084;6033.14248180389;4.7084
1183;1184;1184;0;24571.1139578819;4.4831;6037.85088157654;4.4831
1184;1185;1185;0;24571.1139578819;4.9059;6042.33398151398;4.9059
1185;1186;1186;0;24571.1139578819;5.0348;6047.2398815155;5.0348
1186;1187;1187;0;24571.1139578819;5.8213;6052.27468156815;5.8213
1187;1188;1188;0;24571.1139578819;5.7123;6058.0959815979;5.7123
1188;1189;1189;0;24571.1139578819;4.5098;6063.80828142166;4.5098
1189;1190;1190;0;24571.1139578819;4.5801;6068.31808137894;4.5801
1190;1191;1191;0;24571.1139578819;4.6013;6072.89818143845;4.6013
1191;1192;1192;0;24571.1139578819;4.6891;6077.49948120117;4.6891
1192;1193;1193;0;24571.1139578819;4.5987;6082.18858098984;4.5987
1193;1194;1194;0;24571.1139578819;4.5903;6086.78728103638;4.5903
1194;1195;1195;0;24571.1139578819;5.1729;6091.37758111954;5.1729
1195;1196;1196;0;24571.1139578819;4.5129;6096.55048131943;4.5129
1196;1197;1197;0;24571.1139578819;5.0956;6101.06338119507;5.0956
1197;1198;1198;0;24571.1139578819;5.5717;6106.15898132324;5.5717
1198;1199;1199;0;24571.1139578819;5.5251;6111.73068141937;5.5251
1199;1200;1200;0;24571.1139578819;5.6967;6117.25578117371;5.6967
1200;1201;1201;0;24571.1139578819;4.7284;6122.95248126984;4.7284
1201;1202;1202;0;24571.1139578819;4.5683;6127.68088102341;4.5683
1202;1203;1203;0;24571.1139578819;4.6148;6132.24918079376;4.6148
1203;1204;1204;0;24571.1139578819;4.6897;6136.86398077011;4.6897
1204;1205;1205;0;24571.1139578819;5.1722;6141.55368089676;5.1722
1205;1206;1206;0;24571.1139578819;4.6255;6146.7258810997;4.6255
1206;1207;1207;0;24571.1139578819;5.2674;6151.35138130188;5.2674
1207;1208;1208;0;24571.1139578819;5.6915;6156.61878108978;5.6915
1208;1209;1209;0;24571.1139578819;4.637;6162.3102812767;4.637
1209;1210;1210;0;24571.1139578819;4.5209;6166.94728136063;4.5209
1210;1211;1211;0;24571.1139578819;5.6616;6171.46818113327;5.6616
1211;1212;1212;0;24571.1139578819;4.412;6177.12978124619;4.412
1212;1213;1213;0;24571.1139578819;4.5978;6181.54178142548;4.5978
1213;1214;1214;0;24571.1139578819;4.4179;6186.13958120346;4.4179
1214;1215;1215;0;24571.1139578819;4.4874;6190.55748128891;4.4874
1215;1216;1216;0;24571.1139578819;4.1175;6195.04488134384;4.1175
1216;1217;1217;0;24571.1139578819;4.5329;6199.16238117218;4.5329
1217;1218;1218;0;24571.1139578819;4.8946;6203.69528102875;4.8946
1218;1219;1219;0;24571.1139578819;5.1754;6208.5898809433;5.1754
1219;1220;1220;0;24571.1139578819;4.5891;6213.76528072357;4.5891
1220;1221;1221;0;24571.1139578819;4.4825;6218.3543806076;4.4825
1221;1222;1222;0;24571.1139578819;4.4077;6222.8368806839;4.4077
1222;1223;1223;0;24571.1139578819;5.8062;6227.2445807457;5.8062
1223;1224;1224;0;24571.1139578819;5.5555;6233.05078077316;5.5555
1224;1225;1225;0;24571.1139578819;5.0593;6238.60628080368;5.0593
1225;1226;1226;0;24571.1139578819;4.6853;6243.66558074951;4.6853
1226;1227;1227;0;24571.1139578819;4.8453;6248.35088062286;4.8453
1227;1228;1228;0;24571.1139578819;5.194;6253.19618082047;5.194
1228;1229;1229;0;24571.1139578819;5.2925;6258.39018058777;5.2925
1229;1230;1230;0;24571.1139578819;4.3795;6263.68268060684;4.3795
1230;1231;1231;0;24571.1139578819;4.2532;6268.0621805191;4.2532
1231;1232;1232;0;24571.1139578819;4.2212;6272.31538057327;4.2212
1232;1233;1233;0;24571.1139578819;4.8887;6276.53658056259;4.8887
1233;1234;1234;0;24571.1139578819;5.3403;6281.42528057098;5.3403
1234;1235;1235;0;24571.1139578819;4.5334;6286.76558065414;4.5334
1235;1236;1236;0;24571.1139578819;4.8492;6291.29898071289;4.8492
1236;1237;1237;0;24571.1139578819;4.3183;6296.14818048477;4.3183
1237;1238;1238;0;24571.1139578819;4.209;6300.46648025513;4.209
1238;1239;1239;0;24571.1139578819;5.4507;6304.67548036575;5.4507
1239;1240;1240;0;24571.1139578819;5.3776;6310.12618017197;5.3776
1240;1241;1241;0;24571.1139578819;4.2822;6315.50378036499;4.2822
1241;1242;1242;0;24571.1139578819;4.0834;6319.78598022461;4.0834
1242;1243;1243;0;24571.1139578819;4.6133;6323.86937999725;4.6133
1243;1244;1244;0;24571.1139578819;4.661;6328.4826798439;4.661
1244;1245;1245;0;24571.1139578819;4.122;6333.14367961884;4.122
1245;1246;1246;0;24571.1139578819;4.5433;6337.26567983627;4.5433
1246;1247;1247;0;24571.1139578819;4.1799;6341.8089799881;4.1799
1247;1248;1248;0;24571.1139578819;4.289;6345.98888015747;4.289
1248;1249;1249;0;24571.1139578819;4.3507;6350.2778801918;4.3507
1249;1250;1250;0;24571.1139578819;6.143;6354.62858009338;6.143
1250;1251;1251;0;24571.1139578819;4.9149;6360.77158021927;4.9149
1251;1252;1252;0;24571.1139578819;5.7089;6365.68648004532;5.7089
1252;1253;1253;0;24571.1139578819;5.3746;6371.39538002014;5.3746
1253;1254;1254;0;24571.1139578819;5.536;6376.76997995377;5.536
1254;1255;1255;0;24571.1139578819;5.6846;6382.3059797287;5.6846
1255;1256;1256;0;24571.1139578819;4.825;6387.9905796051;4.825
1256;1257;1257;0;24571.1139578819;4.5028;6392.81557941437;4.5028
1257;1258;1258;0;24571.1139578819;4.3344;6397.31837940216;4.3344
1258;1259;1259;0;24571.1139578819;4.4955;6401.65277957916;4.4955
1259;1260;1260;0;24571.1139578819;6.0578;6406.1482796669;6.0578
1260;1261;1261;0;24571.1139578819;4.7663;6412.20607948303;4.7663
1261;1262;1262;0;24571.1139578819;4.7805;6416.97237968445;4.7805
1262;1263;1263;0;24571.1139578819;4.8775;6421.7528796196;4.8775
1263;1264;1264;0;24571.1139578819;5.7748;6426.63037967682;5.7748
1264;1265;1265;0;24571.1139578819;4.466;6432.40517950058;4.466
1265;1266;1266;0;24571.1139578819;4.5994;6436.87117958069;4.5994
1266;1267;1267;0;24571.1139578819;5.6007;6441.47057962418;5.6007
1267;1268;1268;0;24571.1139578819;4.9488;6447.07127952576;4.9488
1268;1269;1269;0;24571.1139578819;5.8032;6452.02007961273;5.8032
1269;1270;1270;0;24571.1139578819;6.0659;6457.8232793808;6.0659
1270;1271;1271;0;24571.1139578819;4.9275;6463.88917922974;4.9275
1271;1272;1272;0;24571.1139578819;5.2933;6468.81667900085;5.2933
1272;1273;1273;0;24571.1139578819;4.9126;6474.10997915268;4.9126
1273;1274;1274;0;24571.1139578819;4.7773;6479.02257919312;4.7773
1274;1275;1275;0;24571.1139578819;4.7278;6483.7998790741;4.7278
1275;1276;1276;0;24571.1139578819;5.3707;6488.52767896652;5.3707
1276;1277;1277;0;24571.1139578819;5.284;6493.89837884903;5.284
1277;1278;1278;0;24571.1139578819;5.1133;6499.18237876892;5.1133
1278;1279;1279;0;24571.1139578819;5.6642;6504.29567861557;5.6642
1279;1280;1280;0;24571.1139578819;7.2284;6509.95987844467;7.2284
1280;1281;1281;0;24571.1139578819;5.3491;6517.18827819824;5.3491
1281;1282;1282;0;24571.1139578819;5.2512;6522.53737831116;5.2512
1282;1283;1283;0;24571.1139578819;5.5164;6527.78857851028;5.5164
1283;1284;1284;0;24571.1139578819;4.6736;6533.30497837067;4.6736
1284;1285;1285;0;24571.1139578819;4.5074;6537.9785785675;4.5074
1285;1286;1286;0;24571.1139578819;5.0313;6542.48597860336;5.0313
1286;1287;1287;0;24571.1139578819;5.2309;6547.51727867126;5.2309
1287;1288;1288;0;24571.1139578819;5.0548;6552.74817848206;5.0548
1288;1289;1289;0;24571.1139578819;5.9925;6557.80297851563;5.9925
1289;1290;1290;0;24571.1139578819;5.3059;6563.79547834396;5.3059
1290;1291;1291;0;24571.1139578819;4.7151;6569.10137844086;4.7151
1291;1292;1292;0;24571.1139578819;5.5742;6573.81647825241;5.5742
1292;1293;1293;0;24571.1139578819;4.6903;6579.39067840576;4.6903
1293;1294;1294;0;24571.1139578819;4.5954;6584.08097839355;4.5954
1294;1295;1295;0;24571.1139578819;5.196;6588.67637825012;5.196
1295;1296;1296;0;24571.1139578819;5.2112;6593.8723783493;5.2112
1296;1297;1297;0;24571.1139578819;5.0194;6599.08357810974;5.0194
1297;1298;1298;0;24571.1139578819;6.3799;6604.10297822952;6.3799
1298;1299;1299;0;24571.1139578819;6.3419;6610.48287820816;6.3419
1299;1300;1300;0;24571.1139578819;5.5891;6616.82477807999;5.5891
1300;1301;1301;0;24571.1139578819;4.8469;6622.41387796402;4.8469
1301;1302;1302;0;24571.1139578819;4.8081;6627.26077795029;4.8081
1302;1303;1303;0;24571.1139578819;5.0558;6632.06887817383;5.0558
1303;1304;1304;0;24571.1139578819;4.5219;6637.12467813492;4.5219
1304;1305;1305;0;24571.1139578819;4.3947;6641.64657831192;4.3947
1305;1306;1306;0;24571.1139578819;4.4558;6646.04127836227;4.4558
1306;1307;1307;0;24571.1139578819;5.6182;6650.49707841873;5.6182
1307;1308;1308;0;24571.1139578819;6.5353;6656.11527824402;6.5353
1308;1309;1309;0;24571.1139578819;5.0874;6662.650578022;5.0874
1309;1310;1310;0;24571.1139578819;5.073;6667.73797798157;5.073
1310;1311;1311;0;24571.1139578819;5.105;6672.81097793579;5.105
1311;1312;1312;0;24571.1139578819;5.2928;6677.91597795486;5.2928
1312;1313;1313;0;24571.1139578819;5.1803;6683.20877790451;5.1803
1313;1314;1314;0;24571.1139578819;4.9371;6688.38907766342;4.9371
1314;1315;1315;0;24571.1139578819;5.0951;6693.32617759705;5.0951
1315;1316;1316;0;24571.1139578819;5.8592;6698.42127752304;5.8592
1316;1317;1317;0;24571.1139578819;5.5898;6704.2804775238;5.5898
1317;1318;1318;0;24571.1139578819;5.8468;6709.87027740479;5.8468
1318;1319;1319;0;24571.1139578819;5.1343;6715.71707725525;5.1343
1319;1320;1320;0;24571.1139578819;4.9397;6720.85137701035;4.9397
1320;1321;1321;0;24571.1139578819;5.8284;6725.79107713699;5.8284
1321;1322;1322;0;24571.1139578819;5.7563;6731.61947727203;5.7563
1322;1323;1323;0;24571.1139578819;5.9087;6737.37577724457;5.9087
1323;1324;1324;0;24571.1139578819;5.7397;6743.28447723389;5.7397
1324;1325;1325;0;24571.1139578819;4.9025;6749.02417707443;4.9025
1325;1326;1326;0;24571.1139578819;5.0488;6753.92667722702;5.0488
1326;1327;1327;0;24571.1139578819;5.9212;6758.97547721863;5.9212
1327;1328;1328;0;24571.1139578819;4.533;6764.89667701721;4.533
1328;1329;1329;0;24571.1139578819;5.2421;6769.42967700958;5.2421
1329;1330;1330;0;24571.1139578819;5.6588;6774.67177677155;5.6588
1330;1331;1331;0;24571.1139578819;5.5159;6780.33057689667;5.5159
1331;1332;1332;0;24571.1139578819;5.0923;6785.84647703171;5.0923
1332;1333;1333;0;24571.1139578819;6.145;6790.93877696991;6.145
1333;1334;1334;0;24571.1139578819;5.4208;6797.08377695084;5.4208
1334;1335;1335;0;24571.1139578819;4.5873;6802.50457715988;4.5873
1335;1336;1336;0;24571.1139578819;6.5943;6807.09187698364;6.5943
1336;1337;1337;0;24571.1139578819;5.2057;6813.68617677689;5.2057
1337;1338;1338;0;24571.1139578819;5.9628;6818.89187669754;5.9628
1338;1339;1339;0;24571.1139578819;5.3023;6824.85467672348;5.3023
1339;1340;1340;0;24571.1139578819;4.9946;6830.15697669983;4.9946
1340;1341;1341;0;24571.1139578819;5.6832;6835.15157651901;5.6832
1341;1342;1342;0;24571.1139578819;4.9834;6840.83477640152;4.9834
1342;1343;1343;0;24571.1139578819;4.6798;6845.81817626953;4.6798
1343;1344;1344;0;24571.1139578819;4.5826;6850.4979763031;4.5826
1344;1345;1345;0;24571.1139578819;5.1134;6855.08057641983;5.1134
1345;1346;1346;0;24571.1139578819;5.9014;6860.19397640228;5.9014
1346;1347;1347;0;24571.1139578819;7.3051;6866.09537649155;7.3051
1347;1348;1348;0;24571.1139578819;5.3973;6873.40047645569;5.3973
1348;1349;1349;0;24571.1139578819;4.4373;6878.79777622223;4.4373
1349;1350;1350;0;24571.1139578819;4.3167;6883.23507642746;4.3167
1350;1351;1351;0;24571.1139578819;4.5813;6887.55177640915;4.5813
1351;1352;1352;0;24571.1139578819;4.5495;6892.13307619095;4.5495
1352;1353;1353;0;24571.1139578819;4.4132;6896.6825761795;4.4132
1353;1354;1354;0;24571.1139578819;4.4144;6901.09577608109;4.4144
1354;1355;1355;0;24571.1139578819;4.7814;6905.51017618179;4.7814
1355;1356;1356;0;24571.1139578819;7.2876;6910.2915763855;7.2876
1356;1357;1357;0;24571.1139578819;4.6143;6917.57917642593;4.6143
1357;1358;1358;0;24571.1139578819;5.1621;6922.1934762001;5.1621
1358;1359;1359;0;24571.1139578819;4.9268;6927.35557603836;4.9268
1359;1360;1360;0;24571.1139578819;4.7095;6932.28237581253;4.7095
1360;1361;1361;0;24571.1139578819;5.4756;6936.9918756485;5.4756
1361;1362;1362;0;24571.1139578819;5.2854;6942.46747541428;5.2854
1362;1363;1363;0;24571.1139578819;4.8027;6947.75287532806;4.8027
1363;1364;1364;0;24571.1139578819;4.6536;6952.55557537079;4.6536
1364;1365;1365;0;24571.1139578819;6.2701;6957.2091755867;6.2701
1365;1366;1366;0;24571.1139578819;9.2471;6963.47927570343;9.2471
1366;1367;1367;0;24571.1139578819;7.6127;6972.72637557983;7.6127
1367;1368;1368;0;24571.1139578819;5.8044;6980.33907556534;5.8044
1368;1369;1369;0;24571.1139578819;5.3291;6986.14347553253;5.3291
1369;1370;1370;0;24571.1139578819;7.4343;6991.47257566452;7.4343
1370;1371;1371;0;24571.1139578819;8.1749;6998.90687561035;8.1749
1371;1372;1372;0;24571.1139578819;9.5415;7007.08177566528;9.5415
1372;1373;1373;0;24571.1139578819;7.2775;7016.62327575684;7.2775
1373;1374;1374;0;24571.1139578819;5.5826;7023.90077590942;5.5826
1374;1375;1375;0;24571.1139578819;6.0396;7029.48337602615;6.0396
1375;1376;1376;0;24571.1139578819;5.7559;7035.52297592163;5.7559
1376;1377;1377;0;24571.1139578819;5.7885;7041.27887582779;5.7885
1377;1378;1378;0;24571.1139578819;6.082;7047.06737565994;6.082
1378;1379;1379;0;24571.1139578819;6.3907;7053.14937543869;6.3907
1379;1380;1380;0;24571.1139578819;7.9784;7059.54007530212;7.9784
1380;1381;1381;0;24571.1139578819;6.844;7067.51847505569;6.844
1381;1382;1382;0;24571.1139578819;6.0568;7074.36247491837;6.0568
1382;1383;1383;0;24571.1139578819;4.9874;7080.41927480698;4.9874
1383;1384;1384;0;24571.1139578819;4.9346;7085.40667486191;4.9346
1384;1385;1385;0;24571.1139578819;5.6502;7090.34127473831;5.6502
1385;1386;1386;0;24571.1139578819;4.9056;7095.99147462845;4.9056
1386;1387;1387;0;24571.1139578819;5.1395;7100.8970746994;5.1395
1387;1388;1388;0;24571.1139578819;5.7138;7106.03657484055;5.7138
1388;1389;1389;0;24571.1139578819;8.6838;7111.75037479401;8.6838
1389;1390;1390;0;24571.1139578819;4.5901;7120.43417453766;4.5901
1390;1391;1391;0;24571.1139578819;4.5678;7125.02427434921;4.5678
1391;1392;1392;0;24571.1139578819;4.8538;7129.59207439423;4.8538
1392;1393;1393;0;24571.1139578819;5.3161;7134.44587421417;5.3161
1393;1394;1394;0;24571.1139578819;4.5186;7139.76197433472;4.5186
1394;1395;1395;0;24571.1139578819;4.7098;7144.28057432175;4.7098
1395;1396;1396;0;24571.1139578819;4.6191;7148.99037408829;4.6191
1396;1397;1397;0;24571.1139578819;4.1013;7153.60947418213;4.1013
1397;1398;1398;0;24571.1139578819;5.9809;7157.71077394485;5.9809
1398;1399;1399;0;24571.1139578819;7.2258;7163.69167375565;7.2258
1399;1400;1400;0;24571.1139578819;7.6711;7170.91747379303;7.6711
1400;1401;1401;0;24571.1139578819;4.781;7178.58857393265;4.781
1401;1402;1402;0;24571.1139578819;4.6487;7183.36957406998;4.6487
1402;1403;1403;0;24571.1139578819;4.5998;7188.01827383041;4.5998
1403;1404;1404;0;24571.1139578819;4.9079;7192.61807394028;4.9079
1404;1405;1405;0;24571.1139578819;5.3822;7197.52597379684;5.3822
1405;1406;1406;0;24571.1139578819;4.3145;7202.9081735611;4.3145
1406;1407;1407;0;24571.1139578819;6.099;7207.22267341614;6.099
1407;1408;1408;0;24571.1139578819;7.4936;7213.32167339325;7.4936
1408;1409;1409;0;24571.1139578819;6.0859;7220.81527328491;6.0859
1409;1410;1410;0;24571.1139578819;6.307;7226.90117311478;6.307
1410;1411;1411;0;24571.1139578819;6.2816;7233.20817327499;6.2816
1411;1412;1412;0;24571.1139578819;6.5767;7239.48977327347;6.5767
1412;1413;1413;0;24571.1139578819;5.0484;7246.06647348404;5.0484
1413;1414;1414;0;24571.1139578819;4.8881;7251.11487340927;4.8881
1414;1415;1415;0;24571.1139578819;5.3589;7256.00297355652;5.3589
1415;1416;1416;0;24571.1139578819;6.6965;7261.36187362671;6.6965
1416;1417;1417;0;24571.1139578819;7.0313;7268.05837345123;7.0313
1417;1418;1418;0;24571.1139578819;5.1597;7275.08967351913;5.1597
1418;1419;1419;0;24571.1139578819;4.3904;7280.24937343597;4.3904
1419;1420;1420;0;24571.1139578819;4.8019;7284.63977336884;4.8019
1420;1421;1421;0;24571.1139578819;4.7847;7289.44167327881;4.7847
1421;1422;1422;0;24571.1139578819;4.3148;7294.22637319565;4.3148
1422;1423;1423;0;24571.1139578819;4.3273;7298.54117298126;4.3273
1423;1424;1424;0;24571.1139578819;4.2275;7302.86847305298;4.2275
1424;1425;1425;0;24571.1139578819;5.1409;7307.09597301483;5.1409
1425;1426;1426;0;24571.1139578819;7.179;7312.23687314987;7.179
1426;1427;1427;0;24571.1139578819;6.7572;7319.41587305069;6.7572
1427;1428;1428;0;24571.1139578819;4.7794;7326.17307281494;4.7794
1428;1429;1429;0;24571.1139578819;4.5474;7330.95247268677;4.5474
1429;1430;1430;0;24571.1139578819;4.4366;7335.49987268448;4.4366
1430;1431;1431;0;24571.1139578819;4.3645;7339.93647289276;4.3645
1431;1432;1432;0;24571.1139578819;4.4422;7344.30097293854;4.4422
1432;1433;1433;0;24571.1139578819;4.814;7348.74317312241;4.814
1433;1434;1434;0;24571.1139578819;4.6394;7353.55717325211;4.6394
1434;1435;1435;0;24571.1139578819;7.5995;7358.19657325745;7.5995
1435;1436;1436;0;24571.1139578819;8.867;7365.79607343674;8.867
1436;1437;1437;0;24571.1139578819;5.1878;7374.6630730629;5.1878
1437;1438;1438;0;24571.1139578819;4.6009;7379.85087299347;4.6009
1438;1439;1439;0;24571.1139578819;4.3263;7384.45177316666;4.3263
1439;1440;1440;0;24571.1139578819;4.4391;7388.77807331085;4.4391
1440;1441;1441;0;24571.1139578819;4.6041;7393.21717309952;4.6041
1441;1442;1442;0;24571.1139578819;4.6521;7397.82127285004;4.6521
1442;1443;1443;0;24571.1139578819;4.8105;7402.47337293625;4.8105
1443;1444;1444;0;24571.1139578819;4.7092;7407.28387308121;4.7092
1444;1445;1445;0;24571.1139578819;5.2689;7411.9930729866;5.2689
1445;1446;1446;0;24571.1139578819;4.7623;7417.26197290421;4.7623
1446;1447;1447;0;24571.1139578819;4.5173;7422.0242729187;4.5173
1447;1448;1448;0;24571.1139578819;4.6027;7426.54157304764;4.6027
1448;1449;1449;0;24571.1139578819;4.8048;7431.14427280426;4.8048
1449;1450;1450;0;24571.1139578819;4.3637;7435.94907283783;4.3637
1450;1451;1451;0;24571.1139578819;4.4719;7440.31277275085;4.4719
1451;1452;1452;0;24571.1139578819;5.1893;7444.78467273712;5.1893
1452;1453;1453;0;24571.1139578819;5.914;7449.97397279739;5.914
1453;1454;1454;0;24571.1139578819;4.8805;7455.88797283173;4.8805
1454;1455;1455;0;24571.1139578819;5.9542;7460.76847267151;5.9542
1455;1456;1456;0;24571.1139578819;5.4924;7466.72267246246;5.4924
1456;1457;1457;0;24571.1139578819;6.086;7472.21507263184;6.086
1457;1458;1458;0;24571.1139578819;5.164;7478.3010725975;5.164
1458;1459;1459;0;24571.1139578819;4.3389;7483.46507263184;4.3389
1459;1460;1460;0;24571.1139578819;4.5047;7487.8039727211;4.5047
1460;1461;1461;0;24571.1139578819;4.6287;7492.30867290497;4.6287
1461;1462;1462;0;24571.1139578819;4.9491;7496.93737268448;4.9491
1462;1463;1463;0;24571.1139578819;4.5516;7501.88647270203;4.5516
1463;1464;1464;0;24571.1139578819;4.8148;7506.43807268143;4.8148
1464;1465;1465;0;24571.1139578819;6.3493;7511.25287246704;6.3493
1465;1466;1466;0;24571.1139578819;5.3897;7517.60217237473;5.3897
1466;1467;1467;0;24571.1139578819;5.5514;7522.99187231064;5.5514
1467;1468;1468;0;24571.1139578819;6.2556;7528.54327249527;6.2556
1468;1469;1469;0;24571.1139578819;6.2269;7534.79887247086;6.2269
1469;1470;1470;0;24571.1139578819;4.9354;7541.02577257156;4.9354
1470;1471;1471;0;24571.1139578819;4.9063;7545.96117258072;4.9063
1471;1472;1472;0;24571.1139578819;4.8052;7550.86747264862;4.8052
1472;1473;1473;0;24571.1139578819;6.0551;7555.67267274857;6.0551
1473;1474;1474;0;24571.1139578819;6.5031;7561.72777271271;6.5031
1474;1475;1475;0;24571.1139578819;5.7558;7568.23087263107;5.7558
1475;1476;1476;0;24571.1139578819;5.6418;7573.98667240143;5.6418
1476;1477;1477;0;24571.1139578819;4.5311;7579.62847232819;4.5311
1477;1478;1478;0;24571.1139578819;5.0705;7584.15957212448;5.0705
1478;1479;1479;0;24571.1139578819;4.7067;7589.23007202148;4.7067
1479;1480;1480;0;24571.1139578819;5.0026;7593.93677186966;5.0026
1480;1481;1481;0;24571.1139578819;6.3493;7598.93937206268;6.3493
1481;1482;1482;0;24571.1139578819;5.3343;7605.28867197037;5.3343
1482;1483;1483;0;24571.1139578819;6.5418;7610.62297201157;6.5418
1483;1484;1484;0;24571.1139578819;5.1223;7617.16477203369;5.1223
1484;1485;1485;0;24571.1139578819;5.1787;7622.2870721817;5.1787
1485;1486;1486;0;24571.1139578819;4.5678;7627.46577215195;4.5678
1486;1487;1487;0;24571.1139578819;4.4113;7632.03357219696;4.4113
1487;1488;1488;0;24571.1139578819;4.5504;7636.4448723793;4.5504
1488;1489;1489;0;24571.1139578819;4.36;7640.99527215958;4.36
1489;1490;1490;0;24571.1139578819;4.4281;7645.35527229309;4.4281
1490;1491;1491;0;24571.1139578819;4.7443;7649.78337240219;4.7443
1491;1492;1492;0;24571.1139578819;4.7731;7654.5276722908;4.7731
1492;1493;1493;0;24571.1139578819;6.3656;7659.30077219009;6.3656
1493;1494;1494;0;24571.1139578819;4.7004;7665.66637229919;4.7004
1494;1495;1495;0;24571.1139578819;4.3645;7670.36677217484;4.3645
1495;1496;1496;0;24571.1139578819;4.8542;7674.73127222061;4.8542
1496;1497;1497;0;24571.1139578819;4.7911;7679.58547210693;4.7911
1497;1498;1498;0;24571.1139578819;6.0864;7684.37657213211;6.0864
1498;1499;1499;0;24571.1139578819;5.4989;7690.46297216415;5.4989
1499;1500;1500;0;24571.1139578819;5.6859;7695.96187210083;5.6859
1500;1501;1501;0;24571.1139578819;4.7613;7701.64777231216;4.7613
1501;1502;1502;0;24571.1139578819;4.6151;7706.40907239914;4.6151
1502;1503;1503;0;24571.1139578819;6.4855;7711.02417230606;6.4855
1503;1504;1504;0;24571.1139578819;6.8262;7717.50967216492;6.8262
1504;1505;1505;0;24571.1139578819;6.2931;7724.33587217331;6.2931
1505;1506;1506;0;24571.1139578819;6.9417;7730.62897205353;6.9417
1506;1507;1507;0;24571.1139578819;5.8018;7737.57067203522;5.8018
1507;1508;1508;0;24571.1139578819;6.202;7743.37247180939;6.202
1508;1509;1509;0;24571.1139578819;6.2098;7749.57447195053;6.2098
1509;1510;1510;0;24571.1139578819;4.9853;7755.78427171707;4.9853
1510;1511;1511;0;24571.1139578819;5.5333;7760.76957178116;5.5333
1511;1512;1512;0;24571.1139578819;4.4698;7766.3028717041;4.4698
1512;1513;1513;0;24571.1139578819;4.7633;7770.77267169952;4.7633
1513;1514;1514;0;24571.1139578819;4.7719;7775.53597164154;4.7719
1514;1515;1515;0;24571.1139578819;5.0142;7780.30787181854;5.0142
1515;1516;1516;0;24571.1139578819;5.1958;7785.32207202911;5.1958
1516;1517;1517;0;24571.1139578819;5.3651;7790.51787185669;5.3651
1517;1518;1518;0;24571.1139578819;5.6358;7795.88297176361;5.6358
1518;1519;1519;0;24571.1139578819;4.5207;7801.51877164841;4.5207
1519;1520;1520;0;24571.1139578819;5.055;7806.03947162628;5.055
1520;1521;1521;0;24571.1139578819;6.6573;7811.09447145462;6.6573
1521;1522;1522;0;24571.1139578819;4.8042;7817.75177145004;4.8042
1522;1523;1523;0;24571.1139578819;4.4573;7822.55597162247;4.4573
1523;1524;1524;0;24571.1139578819;4.7603;7827.01327180862;4.7603
1524;1525;1525;0;24571.1139578819;4.4371;7831.77357196808;4.4371
1525;1526;1526;0;24571.1139578819;5.2293;7836.2106719017;5.2293
1526;1527;1527;0;24571.1139578819;4.7347;7841.43997192383;4.7347
1527;1528;1528;0;24571.1139578819;5.1585;7846.17467212677;5.1585
1528;1529;1529;0;24571.1139578819;5.4342;7851.33317232132;5.4342
1529;1530;1530;0;24571.1139578819;5.1269;7856.76737213135;5.1269
1530;1531;1531;0;24571.1139578819;6.4415;7861.89427232742;6.4415
1531;1532;1532;0;24571.1139578819;5.3321;7868.33577251434;5.3321
1532;1533;1533;0;24571.1139578819;4.8686;7873.66787242889;4.8686
1533;1534;1534;0;24571.1139578819;4.6166;7878.53647232056;4.6166
1534;1535;1535;0;24571.1139578819;6.3123;7883.15307235718;6.3123
1535;1536;1536;0;24571.1139578819;4.8019;7889.46537256241;4.8019
1536;1537;1537;0;24571.1139578819;5.0568;7894.26727247238;5.0568
1537;1538;1538;0;24571.1139578819;5.2455;7899.32407236099;5.2455
1538;1539;1539;0;24571.1139578819;5.1478;7904.56957244873;5.1478
1539;1540;1540;0;24571.1139578819;6.8267;7909.71737241745;6.8267
1540;1541;1541;0;24571.1139578819;5.3328;7916.54407262802;5.3328
1541;1542;1542;0;24571.1139578819;5.2171;7921.87687253952;5.2171
1542;1543;1543;0;24571.1139578819;5.097;7927.09397268295;5.097
1543;1544;1544;0;24571.1139578819;5.1913;7932.19097280502;5.1913
1544;1545;1545;0;24571.1139578819;5.6217;7937.38227272034;5.6217
1545;1546;1546;0;24571.1139578819;5.3791;7943.00397253036;5.3791
1546;1547;1547;0;24571.1139578819;5.2284;7948.38307237625;5.2284
1547;1548;1548;0;24571.1139578819;4.4219;7953.61147212982;4.4219
1548;1549;1549;0;24571.1139578819;5.0556;7958.03337192535;5.0556
1549;1550;1550;0;24571.1139578819;5.5925;7963.08897209167;5.5925
1550;1551;1551;0;24571.1139578819;4.5205;7968.68147230148;4.5205
1551;1552;1552;0;24571.1139578819;4.7075;7973.20197248459;4.7075
1552;1553;1553;0;24571.1139578819;4.8173;7977.90947246552;4.8173
1553;1554;1554;0;24571.1139578819;5.3288;7982.72677230835;5.3288
1554;1555;1555;0;24571.1139578819;5.122;7988.05557250977;5.122
1555;1556;1556;0;24571.1139578819;4.6663;7993.1775727272;4.6663
1556;1557;1557;0;24571.1139578819;4.6518;7997.84387254715;4.6518
1557;1558;1558;0;24571.1139578819;4.6108;8002.49567270279;4.6108
1558;1559;1559;0;24571.1139578819;4.9087;8007.10647249222;4.9087
1559;1560;1560;0;24571.1139578819;5.6325;8012.01517248154;5.6325
1560;1561;1561;0;24571.1139578819;4.5455;8017.6476726532;4.5455
1561;1562;1562;0;24571.1139578819;4.5049;8022.19317245483;4.5049
1562;1563;1563;0;24571.1139578819;4.9811;8026.69807243347;4.9811
1563;1564;1564;0;24571.1139578819;5.2784;8031.67917251587;5.2784
1564;1565;1565;0;24571.1139578819;4.7053;8036.95757246017;4.7053
1565;1566;1566;0;24571.1139578819;5.0306;8041.66287231445;5.0306
1566;1567;1567;0;24571.1139578819;4.8119;8046.69347238541;4.8119
1567;1568;1568;0;24571.1139578819;5.2199;8051.50537252426;5.2199
1568;1569;1569;0;24571.1139578819;4.6843;8056.72527265549;4.6843
1569;1570;1570;0;24571.1139578819;6.003;8061.40957260132;6.003
1570;1571;1571;0;24571.1139578819;5.1258;8067.41257238388;5.1258
1571;1572;1572;0;24571.1139578819;4.608;8072.53837251663;4.608
1572;1573;1573;0;24571.1139578819;4.8811;8077.14637231827;4.8811
1573;1574;1574;0;24571.1139578819;4.9151;8082.02747249603;4.9151
1574;1575;1575;0;24571.1139578819;11.2098;8086.94257259369;11.2098
1575;1576;1576;0;24571.1139578819;4.6426;8098.15237236023;4.6426
1576;1577;1577;0;24571.1139578819;4.1869;8102.79497241974;4.1869
1577;1578;1578;0;24571.1139578819;5.2301;8106.98187255859;5.2301
1578;1579;1579;0;24571.1139578819;6.1423;8112.21197271347;6.1423
1579;1580;1580;0;24571.1139578819;5.1652;8118.35427284241;5.1652
1580;1581;1581;0;24571.1139578819;4.8526;8123.51947259903;4.8526
1581;1582;1582;0;24571.1139578819;5.0237;8128.37207269669;5.0237
1582;1583;1583;0;24571.1139578819;4.4167;8133.39577245712;4.4167
1583;1584;1584;0;24571.1139578819;4.4828;8137.81247234344;4.4828
1584;1585;1585;0;24571.1139578819;4.9638;8142.29527235031;4.9638
1585;1586;1586;0;24571.1139578819;4.8943;8147.25907230377;4.8943
1586;1587;1587;0;24571.1139578819;4.8049;8152.15337228775;4.8049
1587;1588;1588;0;24571.1139578819;4.3461;8156.95827245712;4.3461
1588;1589;1589;0;24571.1139578819;5.5519;8161.30437231064;5.5519
1589;1590;1590;0;24571.1139578819;4.7389;8166.85627222061;4.7389
1590;1591;1591;0;24571.1139578819;4.3887;8171.59517240524;4.3887
1591;1592;1592;0;24571.1139578819;5.3286;8175.98387241364;5.3286
1592;1593;1593;0;24571.1139578819;5.751;8181.31247234344;5.751
1593;1594;1594;0;24571.1139578819;4.5953;8187.06347227097;4.5953
1594;1595;1595;0;24571.1139578819;5.2529;8191.65877246857;5.2529
1595;1596;1596;0;24571.1139578819;5.0829;8196.91167259216;5.0829
1596;1597;1597;0;24571.1139578819;4.625;8201.99457263947;4.625
1597;1598;1598;0;24571.1139578819;5.8556;8206.61957263947;5.8556
1598;1599;1599;0;24571.1139578819;6.1146;8212.47517251968;6.1146
1599;1600;1600;0;24571.1139578819;6.0177;8218.58977270126;6.0177
1600;1601;1601;0;24571.1139578819;5.7157;8224.60747289658;5.7157
1601;1602;1602;0;24571.1139578819;6.142;8230.32317304611;6.142
1602;1603;1603;0;24571.1139578819;5.8073;8236.46517324448;5.8073
1603;1604;1604;0;24571.1139578819;6.4506;8242.27247333527;6.4506
1604;1605;1605;0;24571.1139578819;5.827;8248.72307348251;5.827
1605;1606;1606;0;24571.1139578819;5.4335;8254.55007362366;5.4335
1606;1607;1607;0;24571.1139578819;5.9282;8259.98357343674;5.9282
1607;1608;1608;0;24571.1139578819;5.4619;8265.9117732048;5.4619
1608;1609;1609;0;24571.1139578819;5.2802;8271.37367296219;5.2802
1609;1610;1610;0;24571.1139578819;6.3784;8276.65387296677;6.3784
1610;1611;1611;0;24571.1139578819;5.58;8283.0322728157;5.58
1611;1612;1612;0;24571.1139578819;6.0187;8288.61227273941;6.0187
1612;1613;1613;0;24571.1139578819;5.7479;8294.63097286224;5.7479
1613;1614;1614;0;24571.1139578819;5.9404;8300.3788728714;5.9404
1614;1615;1615;0;24571.1139578819;5.517;8306.319272995;5.517
1615;1616;1616;0;24571.1139578819;7.3948;8311.83627319336;7.3948
1616;1617;1617;0;24571.1139578819;5.536;8319.23107337952;5.536
1617;1618;1618;0;24571.1139578819;5.6492;8324.76707315445;5.6492
1618;1619;1619;0;24571.1139578819;5.0462;8330.41627311707;5.0462
1619;1620;1620;0;24571.1139578819;4.8407;8335.46247291565;4.8407
1620;1621;1621;0;24571.1139578819;5.448;8340.30317306519;5.448
1621;1622;1622;0;24571.1139578819;5.2303;8345.75117301941;5.2303
1622;1623;1623;0;24571.1139578819;4.7351;8350.98147296906;4.7351
1623;1624;1624;0;24571.1139578819;4.7917;8355.71657276154;4.7917
1624;1625;1625;0;24571.1139578819;5.4826;8360.50827264786;5.4826
1625;1626;1626;0;24571.1139578819;6.2614;8365.99087285995;6.2614
1626;1627;1627;0;24571.1139578819;4.333;8372.2522726059;4.333
1627;1628;1628;0;24571.1139578819;5.049;8376.585272789;5.049
1628;1629;1629;0;24571.1139578819;5.2579;8381.63427257538;5.2579
1629;1630;1630;0;24571.1139578819;4.8907;8386.89217233658;4.8907
1630;1631;1631;0;24571.1139578819;5.6547;8391.78287220001;5.6547
1631;1632;1632;0;24571.1139578819;5.3678;8397.43757200241;5.3678
1632;1633;1633;0;24571.1139578819;5.3928;8402.80537176132;5.3928
1633;1634;1634;0;24571.1139578819;6.0883;8408.1981716156;6.0883
1634;1635;1635;0;24571.1139578819;5.5503;8414.28647136688;5.5503
1635;1636;1636;0;24571.1139578819;4.6699;8419.83677148819;4.6699
1636;1637;1637;0;24571.1139578819;4.587;8424.50667142868;4.587
1637;1638;1638;0;24571.1139578819;4.9179;8429.09367132187;4.9179
1638;1639;1639;0;24571.1139578819;4.4879;8434.01157140732;4.4879
1639;1640;1640;0;24571.1139578819;4.5082;8438.49947118759;4.5082
1640;1641;1641;0;24571.1139578819;4.7887;8443.0076713562;4.7887
1641;1642;1642;0;24571.1139578819;5.0631;8447.79637145996;5.0631
1642;1643;1643;0;24571.1139578819;4.962;8452.85947132111;4.962
1643;1644;1644;0;24571.1139578819;4.8427;8457.82147121429;4.8427
1644;1645;1645;0;24571.1139578819;4.9785;8462.66417121887;4.9785
1645;1646;1646;0;24571.1139578819;5.2877;8467.64267110825;5.2877
1646;1647;1647;0;24571.1139578819;4.7853;8472.93037128448;4.7853
1647;1648;1648;0;24571.1139578819;4.5909;8477.71567106247;4.5909
1648;1649;1649;0;24571.1139578819;4.3842;8482.30657100677;4.3842
1649;1650;1650;0;24571.1139578819;6.1297;8486.69077110291;6.1297
1650;1651;1651;0;24571.1139578819;6.8617;8492.82047128677;6.8617
1651;1652;1652;0;24571.1139578819;5.8291;8499.68217134476;5.8291
1652;1653;1653;0;24571.1139578819;5.3176;8505.51127147675;5.3176
1653;1654;1654;0;24571.1139578819;4.9723;8510.82887125015;4.9723
1654;1655;1655;0;24571.1139578819;5.8149;8515.8011713028;5.8149
1655;1656;1656;0;24571.1139578819;5.4144;8521.61607122421;5.4144
1656;1657;1657;0;24571.1139578819;5.6195;8527.03047132492;5.6195
1657;1658;1658;0;24571.1139578819;5.6475;8532.64997148514;5.6475
1658;1659;1659;0;24571.1139578819;5.2325;8538.29747152328;5.2325
1659;1660;1660;0;24571.1139578819;5.0776;8543.52997159958;5.0776
1660;1661;1661;0;24571.1139578819;5.04;8548.60757160187;5.04
1661;1662;1662;0;24571.1139578819;4.8421;8553.64757156372;4.8421
1662;1663;1663;0;24571.1139578819;5.0782;8558.48967170715;5.0782
1663;1664;1664;0;24571.1139578819;7.0959;8563.56787157059;7.0959
1664;1665;1665;0;24571.1139578819;6.2667;8570.66377162933;6.2667
1665;1666;1666;0;24571.1139578819;4.9174;8576.93047142029;4.9174
1666;1667;1667;0;24571.1139578819;4.5482;8581.84787130356;4.5482
1667;1668;1668;0;24571.1139578819;4.4513;8586.39607143402;4.4513
1668;1669;1669;0;24571.1139578819;4.8018;8590.84737157822;4.8018
1669;1670;1670;0;24571.1139578819;4.9076;8595.64917135239;4.9076
1670;1671;1671;0;24571.1139578819;5.053;8600.55677127838;5.053
1671;1672;1672;0;24571.1139578819;5.1696;8605.60977125168;5.1696
1672;1673;1673;0;24571.1139578819;5.4361;8610.7793712616;5.4361
1673;1674;1674;0;24571.1139578819;6.3052;8616.2154712677;6.3052
1674;1675;1675;0;24571.1139578819;4.7127;8622.52067136765;4.7127
1675;1676;1676;0;24571.1139578819;5.1657;8627.23337125778;5.1657
1676;1677;1677;0;24571.1139578819;4.9489;8632.39907121658;4.9489
1677;1678;1678;0;24571.1139578819;5.1414;8637.34797143936;5.1414
1678;1679;1679;0;24571.1139578819;5.1492;8642.48937129974;5.1492
1679;1680;1680;0;24571.1139578819;5.2561;8647.63857126236;5.2561
1680;1681;1681;0;24571.1139578819;4.5134;8652.89467144012;4.5134
1681;1682;1682;0;24571.1139578819;5.7935;8657.40807151794;5.7935
1682;1683;1683;0;24571.1139578819;5.7754;8663.20157146454;5.7754
1683;1684;1684;0;24571.1139578819;6.1754;8668.97697162628;6.1754
1684;1685;1685;0;24571.1139578819;5.7952;8675.15237140656;5.7952
1685;1686;1686;0;24571.1139578819;4.5708;8680.94757127762;4.5708
1686;1687;1687;0;24571.1139578819;4.4189;8685.51837110519;4.4189
1687;1688;1688;0;24571.1139578819;4.5564;8689.93727111816;4.5564
1688;1689;1689;0;24571.1139578819;4.7902;8694.4936709404;4.7902
1689;1690;1690;0;24571.1139578819;4.4418;8699.28387069702;4.4418
1690;1691;1691;0;24571.1139578819;4.5123;8703.72567081451;4.5123
1691;1692;1692;0;24571.1139578819;5.0104;8708.23797082901;5.0104
1692;1693;1693;0;24571.1139578819;4.4795;8713.24837064743;4.4795
1693;1694;1694;0;24571.1139578819;4.8561;8717.72787046432;4.8561
1694;1695;1695;0;24571.1139578819;5.5723;8722.58397054672;5.5723
1695;1696;1696;0;24571.1139578819;5.9726;8728.156270504;5.9726
1696;1697;1697;0;24571.1139578819;8.2568;8734.12887048721;8.2568
1697;1698;1698;0;24571.1139578819;5.1526;8742.38567018509;5.1526
1698;1699;1699;0;24571.1139578819;4.567;8747.53826999664;4.567
1699;1700;1700;0;24571.1139578819;5.3346;8752.10526990891;5.3346
1700;1701;1701;0;24571.1139578819;4.6852;8757.43986988068;4.6852
1701;1702;1702;0;24571.1139578819;4.8087;8762.12507009506;4.8087
1702;1703;1703;0;24571.1139578819;5.0848;8766.93377017975;5.0848
1703;1704;1704;0;24571.1139578819;5.124;8772.01856994629;5.124
1704;1705;1705;0;24571.1139578819;5.4702;8777.14257001877;5.4702
1705;1706;1706;0;24571.1139578819;6.1157;8782.61277008057;6.1157
1706;1707;1707;0;24571.1139578819;5.2516;8788.72846984863;5.2516
1707;1708;1708;0;24571.1139578819;5.3434;8793.9800696373;5.3434
1708;1709;1709;0;24571.1139578819;4.9724;8799.32346963882;4.9724
1709;1710;1710;0;24571.1139578819;5.2977;8804.29586982727;5.2977
1710;1711;1711;0;24571.1139578819;4.8271;8809.59356975555;4.8271
1711;1712;1712;0;24571.1139578819;5.0862;8814.42066955566;5.0862
1712;1713;1713;0;24571.1139578819;4.7249;8819.5068693161;4.7249
1713;1714;1714;0;24571.1139578819;4.9471;8824.23176908493;4.9471
1714;1715;1715;0;24571.1139578819;5.3411;8829.17886924744;5.3411
1715;1716;1716;0;24571.1139578819;5.6219;8834.51996946335;5.6219
1716;1717;1717;0;24571.1139578819;4.7609;8840.14186954498;4.7609
1717;1718;1718;0;24571.1139578819;4.6657;8844.90276956558;4.6657
1718;1719;1719;0;24571.1139578819;5.1503;8849.56846952438;5.1503
1719;1720;1720;0;24571.1139578819;4.7274;8854.71876955032;4.7274
1720;1721;1721;0;24571.1139578819;4.7346;8859.44616937637;4.7346
1721;1722;1722;0;24571.1139578819;7.3218;8864.18076944351;7.3218
1722;1723;1723;0;24571.1139578819;5.374;8871.50256919861;5.374
1723;1724;1724;0;24571.1139578819;6.1196;8876.87656927109;6.1196
1724;1725;1725;0;24571.1139578819;5.7441;8882.99616909027;5.7441
1725;1726;1726;0;24571.1139578819;4.8833;8888.74026918411;4.8833
1726;1727;1727;0;24571.1139578819;5.783;8893.62356901169;5.783
1727;1728;1728;0;24571.1139578819;4.4283;8899.40656900406;4.4283
1728;1729;1729;0;24571.1139578819;4.5954;8903.83486890793;4.5954
1729;1730;1730;0;24571.1139578819;4.7238;8908.4302687645;4.7238
1730;1731;1731;0;24571.1139578819;4.6153;8913.15406894684;4.6153
1731;1732;1732;0;24571.1139578819;5.2052;8917.76936912537;5.2052
1732;1733;1733;0;24571.1139578819;4.4523;8922.97456932068;4.4523
1733;1734;1734;0;24571.1139578819;4.521;8927.4268693924;4.521
1734;1735;1735;0;24571.1139578819;5.5684;8931.94786930084;5.5684
1735;1736;1736;0;24571.1139578819;6.9547;8937.516269207;6.9547
1736;1737;1737;0;24571.1139578819;5.7417;8944.47096920013;5.7417
1737;1738;1738;0;24571.1139578819;4.9704;8950.21266937256;4.9704
1738;1739;1739;0;24571.1139578819;4.9232;8955.18306922913;4.9232
1739;1740;1740;0;24571.1139578819;4.9287;8960.10626935959;4.9287
1740;1741;1741;0;24571.1139578819;5.1638;8965.03496932983;5.1638
1741;1742;1742;0;24571.1139578819;4.623;8970.19876909256;4.623
1742;1743;1743;0;24571.1139578819;4.7818;8974.82176923752;4.7818
1743;1744;1744;0;24571.1139578819;5.513;8979.60356903076;5.513
1744;1745;1745;0;24571.1139578819;5.4827;8985.11656904221;5.4827
1745;1746;1746;0;24571.1139578819;5.204;8990.59926891327;5.204
1746;1747;1747;0;24571.1139578819;6.1429;8995.80326890945;6.1429
1747;1748;1748;0;24571.1139578819;5.9714;9001.94616889954;5.9714
1748;1749;1749;0;24571.1139578819;4.8786;9007.91756868362;4.8786
1749;1750;1750;0;24571.1139578819;4.9113;9012.79616880417;4.9113
1750;1751;1751;0;24571.1139578819;4.6109;9017.70746898651;4.6109
1751;1752;1752;0;24571.1139578819;4.5111;9022.31836891174;4.5111
1752;1753;1753;0;24571.1139578819;4.7141;9026.82946872711;4.7141
1753;1754;1754;0;24571.1139578819;5.6468;9031.54356861115;5.6468
1754;1755;1755;0;24571.1139578819;6.2044;9037.19036865234;6.2044
1755;1756;1756;0;24571.1139578819;5.14;9043.3947687149;5.14
1756;1757;1757;0;24571.1139578819;5.0919;9048.53476858139;5.0919
1757;1758;1758;0;24571.1139578819;4.8938;9053.62666845322;4.8938
1758;1759;1759;0;24571.1139578819;4.8386;9058.52046823502;4.8386
1759;1760;1760;0;24571.1139578819;4.8711;9063.35906839371;4.8711
1760;1761;1761;0;24571.1139578819;4.9795;9068.23016834259;4.9795
1761;1762;1762;0;24571.1139578819;5.0452;9073.20966815948;5.0452
1762;1763;1763;0;24571.1139578819;7.4963;9078.25486803055;7.4963
1763;1764;1764;0;24571.1139578819;6.3715;9085.7511677742;6.3715
1764;1765;1765;0;24571.1139578819;6.4784;9092.12266778946;6.4784
1765;1766;1766;0;24571.1139578819;4.9153;9098.60106754303;4.9153
1766;1767;1767;0;24571.1139578819;5.3572;9103.51636743546;5.3572
1767;1768;1768;0;24571.1139578819;5.1528;9108.87356758118;5.1528
1768;1769;1769;0;24571.1139578819;5.5461;9114.02636766434;5.5461
1769;1770;1770;0;24571.1139578819;5.5568;9119.57246780396;5.5568
1770;1771;1771;0;24571.1139578819;5.467;9125.12926769257;5.467
