Name; Median Time; Min Time; Max Time; Median Frame Index; Min Frame Index; Max Frame Index; Min Depth; Max Depth; Total Time; Mean Time; Time Lower Quartile; Time Upper Quartile; Count Total; Count Median; Count Min; Count Max; Number of frames containing Marker; First Frame Index; Time Min Individual; Time Max Individual; Min Individual Frame; Max Individual Frame; Time at Median Frame
"Idle";407.1162;233.8572;537.9907;1288;179;1104;1;13;458431.427597046;374.2297;315.4958;424.6913;16840;15;8;19;1225;119;0;38.4446;865;365;431.7411
"RenderLoop";30.9689;29.3512;36.7278;821;1317;809;1;1;23660.2347145081;31.05018;30.5011;31.4883;1524;2;2;2;762;119;0.001;35.9091;810;809;0
"UniversalRenderPipeline.RenderSingleCameraInternal: Main Camera";29.2128;0.319;34.0595;889;1180;641;2;7;22921.4339255691;18.71137;0.41;29.9611;1987;2;1;2;1225;119;0.3186;33.6105;921;641;0.7142
"ExecuteRenderGraph";29.174;0.2909;34.0014;965;1180;641;3;8;22865.0706728101;18.66536;0.3606;29.9206;1987;2;1;2;1225;119;0.2901;33.6098;1011;641;0.6829
"PlayerLoop";28.8217;23.6311;36.2625;1238;366;1104;1;1;35401.8377494812;28.89946;28.277;29.4393;3675;3;3;3;1225;119;0.0001;34.0377;126;1104;28.9375
"UpdateScene";26.8197;21.3809;34.0374;598;366;1104;2;2;32971.0772457123;26.91516;26.352;27.4387;1225;1;1;1;1225;119;21.3809;34.0374;366;1104;26.6499
"TimeUpdate.WaitForLastPresentationAndUpdateTime";25.7777;20.1813;32.9569;1299;366;1104;3;3;31666.6504096985;25.85033;25.3005;26.3357;1225;1;1;1;1225;119;20.1813;32.9569;366;1104;25.7128
"GfxDeviceD3D12.WaitForLastPresentation";25.7685;20.1725;32.9478;422;366;1104;4;4;31655.463218689;25.84119;25.2904;26.328;1225;1;1;1;1225;119;20.1725;32.9478;366;1104;25.7051
"GfxDeviceD3D12.WaitForLastPresentation.WaitForGPU";25.7658;20.1693;32.9454;900;366;1104;5;5;31652.8933334351;25.8391;25.2862;26.3262;1225;1;1;1;1225;119;20.1693;32.9454;366;1104;25.7034
"RenderPlayModeViewCameras";1.9402;1.6449;3.2218;1181;1162;365;2;2;2430.13199400902;1.983781;1.8409;2.083;1225;1;1;1;1225;119;1.6449;3.2218;1162;365;2.2872
"UnityEngine.CoreModule.dll!UnityEngine.Rendering::RenderPipelineManager.DoRenderLoop_Internal() [Invoke]";1.8971;1.6007;3.1533;271;1128;365;3;3;2375.61329758167;1.939276;1.7987;2.0375;1225;1;1;1;1225;119;1.6007;3.1533;1128;365;2.2469
"EditorLoop";1.8821;1.571;7.091;786;1332;365;1;1;2449.87139225006;1.999895;1.7598;2.1084;4900;4;4;4;1225;119;0.0494;5.7019;124;365;1.8654
"Inl_UniversalRenderTotal";1.8727;1.5787;3.1131;299;1128;365;4;4;2345.79739534855;1.914937;1.7761;2.0134;1225;1;1;1;1225;119;1.5787;3.1131;1128;365;2.2253
"Inl_RenderCameraStack";1.8361;1.5446;3.061;535;1128;365;5;5;2301.43829643726;1.878725;1.7413;1.9754;1225;1;1;1;1225;119;1.5446;3.061;1128;365;2.1887
"Inl_UniversalRenderPipeline.RenderSingleCameraInternal: Main Camera";1.2111;1.0026;2.2165;544;1128;365;6;6;1529.29489719868;1.248404;1.1383;1.3216;1225;1;1;1;1225;119;1.0026;2.2165;1128;365;1.2446
"UnityEngine.CoreModule.dll!::UpdateFunction.Invoke() [Invoke]";0.6372001;0.4771;1.3964;440;1261;365;4;4;810.108999252319;0.6613135;0.5847;0.7132;9800;8;8;8;1225;119;0.0014;0.8381;989;365;0.5652
"GfxDeviceD3D12.WaitForGPU";0.5844;0.1741;1.5263;389;946;510;2;2;452.672999486327;0.5956224;0.5258;0.6524;882;1;1;3;760;119;0.0001;1.4464;819;510;0
"Inl_ScriptableRenderContext.Submit";0.4703;0.3883;0.8946;307;1052;883;6;6;592.029098421335;0.4832891;0.4389;0.511;1225;1;1;1;1225;119;0.3883;0.8946;1052;883;0.7979
"Gfx.RequestAsyncReadbackData";0.4523;0.2778;1.7756;991;121;571;3;3;24.6056998968124;0.4731865;0.4038;0.4997;52;1;1;1;52;121;0.2778;1.7756;121;571;0
"Inl_ExecuteRenderGraph";0.4519;0.3816;1.0158;636;943;811;7;7;577.809199392796;0.471681;0.417;0.5048;1225;1;1;1;1225;119;0.3816;1.0158;943;811;0.5488
"CreateCommittedResourceWithTag";0.4252;0.2608;1.748;391;121;571;4;4;23.2062000334263;0.4462731;0.3751;0.4704;52;1;1;1;52;121;0.2608;1.748;121;571;0
"Inl_RecordRenderGraph";0.3378;0.2771;0.704;1046;1128;202;7;7;431.700398296118;0.3524085;0.3178;0.3794;1225;1;1;1;1225;119;0.2771;0.704;1128;202;0.3051
"Inl_On Record Render Graph";0.3309;0.2721;0.6978;615;1128;202;8;8;423.084698408842;0.3453753;0.3115;0.3721;1225;1;1;1;1225;119;0.2721;0.6978;1128;202;0.2984
"SimulationSystemGroup";0.2945;0.1748;0.8388;403;1292;365;3;3;374.928499370813;0.3060641;0.2564;0.3433;1225;1;1;1;1225;119;0.1748;0.8388;1292;365;0.245
"Default World Unity.Entities.SimulationSystemGroup";0.292;0.1729;0.8359;723;1292;365;5;5;371.390798896551;0.3031762;0.2541;0.3402;1225;1;1;1;1225;119;0.1729;0.8359;1292;365;0.243
"Default World Unity.Entities.FixedStepSimulationSystemGroup";0.2471;0.1419;0.5812;370;1046;139;6;6;320.386899217963;0.2615403;0.2151;0.2974;1225;1;1;1;1225;119;0.1419;0.5812;1046;139;0.2077
"BufferD3D12.InitializeResource";0.2323;0.1512;0.5555;831;926;561;5;5;182.880899041891;0.2400012;0.2078;0.2578;7620;10;10;10;762;119;0.0081;0.2188;538;786;0
"UpdateOccluders";0.2137;0.006899999;0.5621;419;1243;402;4;9;197.469999254216;0.1612;0.0093;0.2607;3974;4;2;4;1225;119;0.0019;0.3716;943;402;0.0081
"Default World Unity.Physics.Systems.PhysicsSystemGroup";0.2055;0.1167;0.5061;442;1173;1304;7;7;267.21869917959;0.2181377;0.1798;0.2475;2274;2;1;2;1225;119;0.0415;0.408;1128;1304;0.1745
"InstanceOcclusionTest";0.2012;0.0108;0.4866;711;1162;786;4;9;185.520398932509;0.1514452;0.0146;0.2349;5961;6;3;6;1225;119;0.0011;0.2991;196;786;0.015
"BufferD3D12.CreateBufferResource";0.2004;0.1335;0.5019;979;926;561;6;6;157.83499981463;0.2071325;0.1802;0.2216;7620;10;10;10;762;119;0.0072;0.1919;538;1051;0
"CreateResourceWithTag";0.1913;0.1273;0.4861;771;1076;561;7;7;150.588099062443;0.1976222;0.1717;0.2109;7620;10;10;10;762;119;0.0068;0.1901;960;1051;0
"CullScriptable";0.1829;0.1508;0.3897;815;915;137;7;7;231.692399650812;0.1891367;0.1709;0.2023;1225;1;1;1;1225;119;0.1508;0.3897;915;137;0.1722
"BufferD3D12.UpdateInternal";0.1763;0.1364;0.3897;1310;904;577;2;5;137.873298674822;0.1809361;0.1638;0.1909;16002;21;21;21;762;119;0.001;0.2401;143;390;0
"SceneCulling";0.1556;0.1277;0.3541;238;915;137;8;8;197.648299515247;0.1613456;0.1447;0.1729;1225;1;1;1;1225;119;0.1277;0.3541;915;137;0.1468
"Vegetation RenderGraph Prepare";0.1476;0.0422;0.3759;625;287;390;4;9;151.105799250305;0.1233517;0.0544;0.1626;5961;6;3;6;1225;119;0.0008;0.2625;127;390;0.1357
"UnityEngine.CoreModule.dll!UnityEngine.Rendering::BatchRendererGroup.InvokeOnPerformCulling() [Invoke]";0.1337;0.1094;0.3926;769;1009;137;8;9;175.87319894135;0.14357;0.1254;0.156;4900;4;4;4;1225;119;0.0017;0.2023;1084;137;0.1212
"Draw Main Light Shadowmap";0.1168;0.0346;0.4784;678;1289;859;4;9;124.459099330008;0.1015993;0.0494;0.1336;1987;2;1;2;1225;119;0.0346;0.4271;1289;859;0.0527
"MainLightShadow";0.1153;0.0339;0.4764;538;1276;859;5;10;122.658299338073;0.1001292;0.0482;0.1319;1987;2;1;2;1225;119;0.0339;0.4265;1276;859;0.0514
"VegetationRenderWorld:PrepareFrameJob";0.1148;0.1148;0.1148;916;916;916;11;11;0.114799998700619;0.1148;0.1148;0.1148;1;1;1;1;1;916;0.1148;0.1148;916;916;0
"UnityEngine.CoreModule.dll!::ExecuteJobFunction.Invoke() [Invoke]";0.1123;0.1123;0.1123;916;916;916;12;12;0.112300001084805;0.1123;0.1123;0.1123;1;1;1;1;1;916;0.1123;0.1123;916;916;0
"GPUResidentDrawer";0.1051;0.0817;0.2463;333;1116;230;3;3;134.36359962821;0.1096846;0.0939;0.1188;1225;1;1;1;1225;119;0.0817;0.2463;1116;230;0.1026
"InitializationSystemGroup";0.1005;0.0833;0.194;542;1138;325;3;3;127.787599533796;0.1043164;0.0949;0.1101;1225;1;1;1;1225;119;0.0833;0.194;1138;325;0.0926
"PresentationSystemGroup";0.0988;0.0797;0.2479;589;1153;365;3;3;126.277999542654;0.1030841;0.0904;0.1111;1225;1;1;1;1225;119;0.0797;0.2479;1153;365;0.0933
"Default World Unity.Entities.InitializationSystemGroup";0.097;0.0807;0.1884;715;1138;325;5;5;123.349699705839;0.1006936;0.0916;0.1063;1225;1;1;1;1225;119;0.0807;0.1884;1138;325;0.0893
"Default World Unity.Entities.PresentationSystemGroup";0.0968;0.0775;0.2351;368;1153;365;5;5;123.655399724841;0.1009432;0.0885;0.1089;1225;1;1;1;1225;119;0.0775;0.2351;1153;365;0.0919
"Inl_Vegetation RenderGraph Prepare";0.0931;0.0518;0.4954;289;149;365;8;8;123.204799186438;0.1005753;0.0867;0.1011;3675;3;3;3;1225;119;0.0005;0.4638;230;365;0.1579
"JobHandle.Complete";0.0915;0.0452;0.4861;695;187;365;5;12;122.63549721241;0.1001106;0.08319999;0.1051;40763;35;23;35;1225;119;0.0001;0.4226;122;365;0.1423
"VoxGeoFol.Vegetation.ShadowPass";0.0869;0.0255;0.37;496;1291;901;4;9;97.0144997108728;0.07919551;0.0383;0.1036;1987;2;1;2;1225;119;0.0253;0.3274;1020;901;0.0453
"Graphics.Blit";0.082;0.0222;0.1349;916;211;691;3;7;5.62209998629987;0.06856219;0.0274;0.0942;216;3;2;3;82;121;0.0111;0.1051;211;691;0
"Semaphore.WaitForSignal";0.0797;0;0.2967;688;152;662;2;8;82.7362997966266;0.06753983;0.0001;0.1104;4543;4;1;10;1225;119;0;0.2576;121;1010;0.0001
"Default World Unity.Physics.Systems.PhysicsInitializeGroup";0.0711;0.0398;0.3029;993;1041;409;8;8;94.9850993864238;0.07753886;0.0634;0.08579999;2274;2;1;2;1225;119;0.0137;0.2489;219;409;0.066
"VoxGeoFol.VegetationRenderPass.RecordRenderGraph";0.07049999;0.0606;0.1408;660;1263;756;9;9;92.5333996750414;0.07553747;0.0679;0.0817;3675;3;3;3;1225;119;0.0041;0.1072;656;432;0.0654
"Default World Unity.Physics.Systems.PhysicsInitializeGroupInternal";0.0679;0.0374;0.2986;813;1041;409;9;9;90.5124996379018;0.07388776;0.0603;0.0817;2274;2;1;2;1225;119;0.013;0.2477;219;409;0.0625
"SSAO";0.0638;0.0169;0.2434;930;1273;1211;4;9;69.3091997019947;0.05657894;0.0212;0.0797;1987;2;1;2;1225;119;0.0169;0.2434;539;1211;0.2434
"DrawDepthNormalPrepass";0.0634;0.0141;0.4995;967;1292;883;4;9;65.3524996042252;0.05334898;0.0183;0.0737;3974;4;2;4;1225;119;0.0042;0.425;572;883;0.0192
"Default World Unity.Physics.Systems.PhysicsSimulationGroup";0.0601;0.0312;0.2951;929;1046;1304;8;8;79.6527994945645;0.06502269;0.0516;0.0748;2274;2;1;2;1225;119;0.0111;0.2718;934;1304;0.048
"CopyDepth";0.0589;0.0199;0.3005;695;1090;963;4;10;62.6603995524347;0.05115135;0.0253;0.0669;3974;4;2;4;1225;119;0.0097;0.1301;1090;963;0.0317
"WaitForJobGroupID";0.0554;0.011;0.4428;1254;933;365;6;12;75.300399793312;0.06146972;0.0474;0.063;4887;4;2;6;1225;119;0.0009;0.4211;638;365;0.1037
"VoxGeoFol.VegetationRenderPass.RecordShadowRenderGraph";0.051;0.0424;0.1064;878;230;432;10;10;65.8755996190012;0.053776;0.0492;0.0577;1225;1;1;1;1225;119;0.0424;0.1064;230;432;0.0463
"CullShadowCastersScriptable";0.0493;0.0377;0.1693;1292;1009;137;7;7;66.4181997403502;0.05421894;0.0445;0.0608;1225;1;1;1;1225;119;0.0377;0.1693;1009;137;0.0418
"RenderLoop.ScheduleDraw";0.0473;0.0389;0.8801;194;1292;883;10;11;62.777700599283;0.0512471;0.0451;0.0528;13475;11;11;11;1225;119;0.0001;0.4244;179;883;0.0552
"Default World Unity.Physics.Systems.PhysicsBuildWorldGroup";0.0465;0.0246;0.2244;332;1173;539;10;10;62.6304995995015;0.05112694;0.0416;0.0573;2274;2;1;2;1225;119;0.0085;0.209;172;539;0.0453
"GPUResidentDrawer.DispatchChanges";0.0452;0.0359;0.1416;324;473;1108;5;5;59.1945996806026;0.04832212;0.0414;0.0525;1225;1;1;1;1225;119;0.0359;0.1416;473;1108;0.0447
"Vegetation Color Pass";0.0439;0.0117;0.1627;443;1116;922;4;9;46.9434996983036;0.03832122;0.015;0.0523;1987;2;1;2;1225;119;0.0117;0.1501;942;922;0.0134
"Inl_Setup Forward Lights";0.0436;0.0375;0.1667;924;916;811;8;8;56.583799701184;0.04619086;0.0414;0.0495;1225;1;1;1;1225;119;0.0375;0.1667;916;811;0.05
"Inl_Setup Light Constants";0.0428;0.0369;0.1654;927;916;811;9;9;55.4222996756434;0.04524269;0.0405;0.0485;1225;1;1;1;1225;119;0.0369;0.1654;916;811;0.0492
"Shadows.ExecuteDrawShadows";0.0423;0.0311;0.1458;1081;1276;360;11;11;53.4314997438341;0.04361755;0.0376;0.047;4900;4;4;4;1225;119;0.0039;0.1079;130;524;0.0477
"EnsureValidOcclusionTestResults";0.0401;0.0078;0.1215;690;1092;399;2;8;39.5955997975543;0.03232294;0.0097;0.0458;1987;2;1;2;1225;119;0.0078;0.112;1092;399;0.0101
"PreUpdate.SendMouseEvents";0.0385;0.0293;0.2961;658;1312;140;3;3;50.5219996962696;0.04124245;0.0344;0.0449;1225;1;1;1;1225;119;0.0293;0.2961;1312;140;0.0318
"Gfx.DrawDynamic";0.0384;0.0184;0.0716;1036;121;691;4;4;2.12729998677969;0.04090961;0.036;0.043;52;1;1;1;52;121;0.0184;0.0716;121;691;0
"Monobehaviour.OnMouse_";0.0383;0.0293;0.2958;882;1312;140;4;4;50.2503997776657;0.04102074;0.0343;0.0446;1225;1;1;1;1225;119;0.0293;0.2958;1312;140;0.0317
"UnityEngine.InputLegacyModule.dll!UnityEngine::SendMouseEvents.DoSendMouseEvents() [Invoke]";0.0373;0.0285;0.2948;562;1312;140;5;5;49.077999740839;0.04006367;0.0335;0.0436;1225;1;1;1;1225;119;0.0285;0.2948;1312;140;0.0309
"Inl_VoxGeoFol.Vegetation.ShadowPass";0.0353;0.0304;0.1122;515;164;1051;8;8;47.9911997057498;0.03917649;0.0335;0.0431;1225;1;1;1;1225;119;0.0304;0.1122;164;1051;0.042
"Inl_NRPRGComp_ExecuteBeginRenderpassCommand";0.0352;0.0283;0.1094;653;943;773;8;8;46.6701999530196;0.03809812;0.0321;0.0414;13475;11;11;11;1225;119;0.0012;0.0571;134;773;0.0411
"GpuRecorder.FrameTick";0.0347;0.0257;0.1087;773;933;1074;2;2;28.2648998126388;0.03709304;0.0323;0.0382;762;1;1;1;762;119;0.0257;0.1087;933;1074;0
"VoxGeoFol.VegetationRenderPass.ExecuteShadowPass";0.0346;0.0299;0.1114;203;1251;1051;9;9;46.9922997523099;0.03836106;0.0329;0.0422;1225;1;1;1;1225;119;0.0299;0.1114;1251;1051;0.0406
"VoxGeoFol.VegetationRenderPass.DrawShadow";0.0342;0.0296;0.1112;995;1251;1051;10;10;46.5442997701466;0.03799535;0.0326;0.0419;1225;1;1;1;1225;119;0.0296;0.1112;1251;1051;0.0402
"Vegetation Depth Pass";0.0334;0.0075;0.082;745;1239;559;4;9;34.7725998857059;0.0283858;0.01;0.0389;1987;2;1;2;1225;119;0.0075;0.0687;1239;559;0.0105
"CopyColor";0.0314;0.0113;0.1248;766;1096;360;4;10;35.7611997593194;0.02919282;0.0142;0.037;3974;4;2;4;1225;119;0.0052;0.051;917;360;0.014
"VoxGeoFol.VegetationRenderWorld.Render";0.0307;0.0258;0.07560001;1262;794;741;12;13;41.2302999980748;0.03365739;0.0289;0.037;7350;6;6;6;1225;119;0.0022;0.043;1260;581;0.0313
"VoxGeoFol.VegetationRenderPass.Shadow.SubmitCascades";0.0305;0.0265;0.0789;213;164;741;11;11;41.4337998367846;0.03382351;0.0289;0.0375;1225;1;1;1;1225;119;0.0265;0.0789;164;741;0.036
"Inl_Forward+ Setup";0.0303;0.0256;0.3148;1331;135;202;9;9;41.2962998077273;0.03371127;0.0288;0.0365;1225;1;1;1;1225;119;0.0256;0.3148;135;202;0.0278
"VoxGeoFol.VegetationRenderPass.Shadow.SubmitCascade";0.03;0.026;0.07799999;583;943;741;12;12;40.8632998019457;0.0333578;0.0285;0.0369;4900;4;4;4;1225;119;0.0034;0.0514;135;513;0.0354
"Inl_NRPRGComp_ExecuteInitializeResources";0.0295;0.025;0.1614;1202;300;1093;8;8;38.7166993133724;0.03160547;0.0278;0.0334;42875;35;35;35;1225;119;0;0.1349;119;1093;0.0339
"Inl_UniversalRenderPipeline.ComputeShadowCasterCullingInfos";0.0282;0.0257;0.0866;1248;1263;658;7;7;37.8230998106301;0.030876;0.0275;0.0343;1225;1;1;1;1225;119;0.0257;0.0866;1263;658;0.0266
"Default World Unity.Rendering.RegisterMaterialsAndMeshesSystem";0.0272;0.021;0.0904;613;749;1304;6;6;34.4313998669386;0.02810727;0.0238;0.0304;1225;1;1;1;1225;119;0.021;0.0904;749;1304;0.0278
"DrawOpaqueObjects";0.0269;0.0075;0.1226;498;1248;825;4;9;28.2037999122404;0.02302351;0.0102;0.0304;1987;2;1;2;1225;119;0.0064;0.1139;761;825;0.012
"RegisterMaterialsAndMeshes";0.0257;0.0201;0.0887;761;749;1304;7;7;32.674599820748;0.02667314;0.0227;0.0288;1225;1;1;1;1225;119;0.0201;0.0887;749;1304;0.0265
"VoxGeoFol.VegetationRenderPass.Shadow.ExtractCascades";0.0252;0.0212;0.0738;344;640;432;11;11;31.8123998455703;0.02596931;0.0236;0.0273;1225;1;1;1;1225;119;0.0212;0.0738;640;432;0.0244
"Inl_InstanceOcclusionTest";0.0249;0.0215;0.1841;1316;1128;981;8;8;34.5775998011231;0.02822661;0.0236;0.0312;3675;3;3;3;1225;119;0.0032;0.1715;1318;981;0.0401
"Default World Unity.Physics.Systems.ExportPhysicsWorld";0.0247;0.0098;0.2089;1210;1173;1166;8;8;31.9473997168243;0.02607951;0.0203;0.0302;2274;2;1;2;1225;119;0.0054;0.1968;372;1166;0.017
"PlayerConnection.Poll";0.0247;0.0168;0.3456;1232;1312;874;4;5;38.6949998158962;0.03158775;0.0226;0.0279;2450;2;2;2;1225;119;0.0014;0.1869;179;874;0.0247
"Inl_NRPRGComp_ExecuteDestroyResources";0.0246;0.02;0.1314;222;1020;142;8;8;32.8710967618972;0.02683355;0.0225;0.0286;42875;35;35;35;1225;119;0.0001;0.0567;119;142;0.02529999
"Default World Unity.Physics.Systems.EnsureUniqueColliderSystem";0.0245;0.0159;0.1566;874;992;1338;8;9;31.8541997410357;0.02600343;0.0221;0.0286;4548;4;2;4;1225;119;0.0003;0.1293;1325;1338;0.0246
"VoxGeoFol.VegetationRenderWorld.Render.DrawGroups";0.0243;0.0199;0.0648;1216;1251;581;13;14;32.450099600479;0.02648988;0.0228;0.0289;7350;6;6;6;1225;119;0.0018;0.0423;607;1010;0.0247
"DrawScreenSpaceUI";0.0243;0.0077;0.0452;1048;1240;559;4;9;25.1982998363674;0.02057004;0.01;0.0274;3974;4;2;4;1225;119;0.0006;0.0336;385;1273;0.0125
"Default World Unity.Physics.Systems.IntegrityCheckSystem";0.0237;0.0115;0.2009;382;1173;539;11;11;31.3795998450369;0.025616;0.0209;0.0282;2274;2;1;2;1225;119;0.0032;0.1952;208;539;0.0238
"Default World Unity.Physics.Systems.BeforePhysicsSystemGroup";0.0236;0.0155;0.1302;1115;992;1108;8;8;30.7802998274565;0.02512678;0.0213;0.0277;2274;2;1;2;1225;119;0.0034;0.1244;747;1108;0.0237
"UnityEngine.CoreModule.dll!UnityEngine.Rendering::BatchRendererGroup.InvokeOnFinishedCulling() [Invoke]";0.0235;0.0199;0.1059;399;1007;695;7;7;30.3396993819624;0.0247671;0.0225;0.0257;4900;4;4;4;1225;119;0;0.105;121;695;0.0255
"ObjectDispatcher.DispatchTypeChanges";0.0226;0.0149;0.1162;973;473;1108;6;6;29.9491996979341;0.02444833;0.0208;0.0266;6125;5;5;5;1225;119;0.0011;0.1054;172;1108;0.0234
"EarlyUpdate.PollPlayerConnection";0.0222;0.0151;0.1877;461;1312;874;3;3;31.8692998532206;0.02601575;0.0204;0.0249;1225;1;1;1;1225;119;0.0151;0.1877;1312;874;0.0222
"Default World Unity.Scenes.Editor.LiveConversionEditorSystemGroup";0.0219;0.017;0.052;1001;1309;1105;6;6;28.0400998480618;0.02288988;0.0205;0.0244;1225;1;1;1;1225;119;0.017;0.052;1309;1105;0.0193
"Gfx.SetRenderTarget";0.0217;0.0153;0.1178;863;1010;576;2;6;17.5781999137253;0.0230685;0.0196;0.024;6914;9;9;12;762;119;0.0007;0.0988;351;576;0
"Shadows.PrepareDrawShadows";0.0214;0.0174;0.0658;1168;1250;581;7;7;27.2332998830825;0.02223127;0.0202;0.0234;2450;2;2;2;1225;119;0.0057;0.0566;260;581;0.0254
"Default World Unity.Physics.Systems.PhysicsCreateBodyPairsGroup";0.0213;0.0109;0.1908;976;1173;455;9;9;29.5752998879179;0.0241431;0.0182;0.0275;2274;2;1;2;1225;119;0.0032;0.1763;126;455;0.0166
"Gfx.UpdateAsyncReadbackData";0.0212;0.0004;0.0819;511;437;136;3;3;1.42430000044988;0.01382816;0.0005;0.0247;103;1;1;1;103;121;0.0004;0.0819;437;136;0
"DrawSkybox";0.0212;0.0122;0.1991;821;1258;392;4;9;25.3279999047518;0.02067592;0.0153;0.0238;1987;2;1;2;1225;119;0.0061;0.1918;942;392;0.0148
"Default World Unity.Scenes.SceneSystemGroup";0.0212;0.0181;0.0739;1190;1205;141;6;6;27.7883998155594;0.02268441;0.0201;0.0235;1225;1;1;1;1225;119;0.0181;0.0739;1205;141;0.0195
"RuntimeContentSystem";0.0208;0.0169;0.2392;1171;1015;484;3;3;30.4828998558223;0.024884;0.0194;0.0296;1225;1;1;1;1225;119;0.0169;0.2392;1015;484;0.0193
"PreUpdate.NewInputUpdate";0.0207;0.015;0.1442;771;1342;981;3;3;27.287999802269;0.02227592;0.0187;0.0238;1225;1;1;1;1225;119;0.015;0.1442;1342;981;0.0266
"Profiler.RequestScreenshot";0.0204;0.0188;0.0679;1126;916;121;5;5;1.86449999921024;0.0227378;0.0196;0.0232;82;1;1;1;82;121;0.0188;0.0679;916;121;0
"Inl_CopyDepth";0.0201;0.0172;0.0812;1288;134;603;8;9;27.0043998751789;0.02204441;0.0192;0.0229;2450;2;2;2;1225;119;0.0081;0.0416;944;603;0.0236
"Default World Unity.Physics.Systems.BroadphaseSystem";0.0195;0.01;0.1886;922;1173;455;10;10;26.9998998604715;0.02204073;0.0166;0.0252;2274;2;1;2;1225;119;0.0028;0.1752;126;455;0.0152
"Update.ScriptRunBehaviourUpdate";0.019;0.016;0.0599;694;953;981;3;3;25.0120998639613;0.02041804;0.0179;0.0216;1225;1;1;1;1225;119;0.016;0.0599;953;981;0.018
"CullAllVisibleLights";0.0187;0.0137;0.1149;358;1188;1266;9;9;26.9392998469993;0.02199127;0.0171;0.0263;1225;1;1;1;1225;119;0.0137;0.1149;1188;1266;0.0263
"Inl_ComputeHashRenderGraph";0.0187;0.0165;0.067;1149;1332;696;7;7;25.0848998613656;0.02047747;0.0179;0.0222;1225;1;1;1;1225;119;0.0165;0.067;1332;696;0.0241
"BehaviourUpdate";0.0185;0.0156;0.0594;478;953;981;4;4;24.3729998786002;0.01989633;0.0174;0.021;1225;1;1;1;1225;119;0.0156;0.0594;953;981;0.0174
"Shadows.ScheduleRenderJobs";0.0185;0.0123;0.0647;1076;1324;360;12;12;23.6791998678818;0.01932996;0.0161;0.0214;4900;4;4;4;1225;119;0.0021;0.0363;223;360;0.0215
"Camera.RenderSkybox";0.0184;0.0105;0.1089;935;1258;509;5;10;21.8713998822495;0.0178542;0.0132;0.0208;1987;2;1;2;1225;119;0.0056;0.1022;684;509;0.0127
"Default World Unity.Entities.EndFixedStepSimulationEntityCommandBufferSystem";0.0177;0.009;0.193;623;1173;340;7;7;23.4283998692408;0.01912523;0.0147;0.0213;2274;2;1;2;1225;119;0.0032;0.1851;172;340;0.014
"Default World Unity.Rendering.EntitiesGraphicsSystem";0.0172;0.0136;0.1314;302;1280;839;6;6;22.8916998887435;0.0186871;0.0159;0.0202;1225;1;1;1;1225;119;0.0136;0.1314;1280;839;0.0154
"Setup Forward Lights";0.017;0.007;0.1015;831;187;484;4;9;20.6973998998292;0.01689584;0.0134;0.0193;1987;2;1;2;1225;119;0.0037;0.0965;982;484;0.0122
"Inl_UpdateOccluders";0.0166;0.0147;0.0717;692;1026;638;8;8;23.610099866055;0.01927355;0.0159;0.0214;2450;2;2;2;1225;119;0.0045;0.0616;943;638;0.0165
"Default World Unity.Physics.Systems.BuildPhysicsWorld";0.0166;0.0087;0.0657;710;1298;498;11;11;22.8376998798922;0.01864302;0.0139;0.0208;2274;2;1;2;1225;119;0.0028;0.0492;618;362;0.0161
"ObjectDispatcher.CollectInstancesAndTransforms";0.0166;0.0138;0.08549999;768;1315;1169;6;8;23.1044991733506;0.01886082;0.0153;0.021;4900;4;4;4;1225;119;0.0001;0.0812;122;1169;0.0159
"VoxGeoFol.VegetationRenderWorld.Prepare";0.0166;0.0133;0.0459;1288;1263;824;11;12;22.0815999191254;0.01802579;0.0156;0.0199;2450;2;2;2;1225;119;0.0055;0.0328;1128;426;0.0141
"Compute.Dispatch";0.0161;0.0129;0.0919;1107;1029;509;9;10;21.0246997661889;0.01716302;0.0149;0.0184;19600;16;16;16;1225;119;0.0001;0.0767;119;509;0.0182
"Default World Unity.Scenes.Editor.EditorSubSceneLiveConversionSystem";0.0161;0.0123;0.0448;1178;1309;1105;7;7;20.658399919048;0.016864;0.0151;0.0179;1225;1;1;1;1225;119;0.0123;0.0448;1309;1105;0.0146
"Setup Camera Properties";0.0158;0.0095;0.0323;1230;1276;762;4;9;19.5249000247568;0.01593869;0.0136;0.0175;3974;4;2;4;1225;119;0.0004;0.0207;596;797;0.0155
"Default World Unity.Physics.Systems.BuildPhysicsWorldDependencyResolver";0.0156;0.0082;0.2157;464;943;409;10;10;22.0029999017715;0.01796163;0.0141;0.0184;2274;2;1;2;1225;119;0.0029;0.2028;1084;409;0.0138
"Inl_RenderPipeline.EndContextRendering";0.0156;0.0115;0.2278;519;881;1022;5;5;19.9810998784378;0.0163111;0.0142;0.0172;1225;1;1;1;1225;119;0.0115;0.2278;881;1022;0.0175
"InputSystemPlayerLoopRunnerInitializationSystem";0.0151;0.0087;0.0511;237;124;141;3;3;18.5545999091119;0.01514661;0.0137;0.0162;1225;1;1;1;1225;119;0.0087;0.0511;124;141;0.0168
"Inl_UniversalRenderPipeline.CreateRenderingData";0.0146;0.0111;0.0411;609;1195;491;7;7;18.6891999049112;0.01525649;0.0132;0.017;1225;1;1;1;1225;119;0.0111;0.0411;1195;491;0.0127
"Default World VoxGeoFol.Features.Vegetation.SubScene.SubSceneVegetationBootstrapSystem";0.0145;0.0109;0.0474;773;1309;270;6;6;18.573499891907;0.01516204;0.0136;0.0158;1225;1;1;1;1225;119;0.0109;0.0474;1309;270;0.0137
"PostLateUpdate.UpdateAudio";0.0143;0.0095;0.0669;392;941;981;3;3;18.3139998912811;0.0149502;0.0133;0.0156;1225;1;1;1;1225;119;0.0095;0.0669;941;981;0.017
"Default World Unity.Rendering.StructuralChangePresentationSystemGroup";0.0141;0.0115;0.0572;372;1215;484;6;6;18.3757999045774;0.01500065;0.0131;0.0161;1225;1;1;1;1225;119;0.0115;0.0572;1215;484;0.0134
"Inl_Setup Camera Properties";0.0141;0.0125;0.0402;1212;1063;810;8;8;19.3951998539269;0.01583282;0.0135;0.0179;2450;2;2;2;1225;119;0.003;0.0343;1009;810;0.0142
"UnityEngine.IMGUIModule.dll!UnityEngine::GUIUtility.SetSkin() [Invoke]";0.014;0.0108;0.0844;183;1333;397;3;3;18.0900999195874;0.01476743;0.0125;0.0161;1225;1;1;1;1225;119;0.0108;0.0844;1333;397;0.0158
"AudioManager.Update";0.0132;0.0087;0.0659;541;753;981;4;4;16.9658998996019;0.01384971;0.0123;0.0144;1225;1;1;1;1225;119;0.0087;0.0659;753;981;0.0158
"Inl_BlitFinalToBackBuffer";0.0131;0.0109;0.0484;209;1089;312;8;8;17.6375999227166;0.01439804;0.0123;0.0149;1225;1;1;1;1225;119;0.0109;0.0484;1089;312;0.0125
"UpdateReflectionProbeAtlas";0.0131;0.0047;0.0971;1319;187;484;5;10;16.0727999056689;0.01312065;0.0103;0.0149;1987;2;1;2;1225;119;0.0028;0.0936;982;484;0.0092
"FixedUpdate.Physics2DFixedUpdate";0.0129;0.0092;0.0384;481;1319;542;3;3;17.0820999434218;0.01394457;0.0116;0.0154;1895;2;1;2;1225;119;0.0014;0.0384;136;542;0.0183
"GPUResidentDrawer.ProcessRenderers";0.0129;0.0102;0.168;779;1092;1304;5;6;18.1649998938665;0.01482857;0.0118;0.0167;2450;2;2;2;1225;119;0.0027;0.0908;976;1304;0.0131
"Default World Unity.Scenes.ResolveSceneReferenceSystem";0.0126;0.0107;0.0603;846;1036;141;7;7;16.5731999306008;0.01352914;0.0118;0.014;1225;1;1;1;1225;119;0.0107;0.0603;1036;141;0.0113
"Profiler.FlushCounters";0.0125;0.0107;0.1425;500;1116;954;1;1;16.4974998990074;0.01346735;0.0119;0.0148;1225;1;1;1;1225;119;0.0107;0.1425;1116;954;0.0117
"Inl_UniversalRenderPipeline.CreateCameraData";0.0125;0.0112;0.0296;928;984;574;6;6;16.1344999251887;0.01317102;0.0121;0.0133;1225;1;1;1;1225;119;0.0112;0.0296;984;574;0.012
"Inl_Draw Main Light Shadowmap";0.0122;0.0104;0.0411;762;1084;186;8;8;16.7935998998582;0.01370906;0.0116;0.0156;1225;1;1;1;1225;119;0.0104;0.0411;1084;186;0.0132
"BlitFinalToBackBuffer";0.0119;0.0028;0.0804;401;306;359;4;9;12.9501999060158;0.01057159;0.0036;0.0136;1987;2;1;2;1225;119;0.0028;0.0756;306;359;0.0032
"CullResults.CreateSharedRendererScene";0.0118;0.0091;0.088;256;486;218;8;8;14.8062999071553;0.01208678;0.0108;0.0127;1225;1;1;1;1225;119;0.0091;0.088;486;218;0.0109
"Inl_ScriptableRenderer.AddRenderPasses";0.0117;0.0079;0.0741;797;1128;929;7;7;15.2404999397695;0.01244122;0.0098;0.0133;1225;1;1;1;1225;119;0.0079;0.0741;1128;929;0.0095
"Inl_RenderPipeline.EndCameraRendering";0.0115;0.0097;0.0431;556;1020;360;6;6;14.7454999228939;0.01203714;0.0109;0.0127;1225;1;1;1;1225;119;0.0097;0.0431;1020;360;0.0117
"Default World Unity.Physics.Systems.PhysicsCreateContactsGroup";0.0115;0.0057;0.0645;714;125;871;9;9;14.911999931559;0.01217306;0.0095;0.0137;2274;2;1;2;1225;119;0.0021;0.0598;1282;871;0.0107
"VoxGeoFol.VegetationRenderPass.Shadow.PrepareRenderWorld";0.0108;0.0081;0.0339;180;230;426;11;11;13.9065999276936;0.01135233;0.01;0.0123;1225;1;1;1;1225;119;0.0081;0.0339;230;426;0.0088
"Default World Unity.Entities.WorldUpdateAllocatorResetSystem";0.0108;0.0081;0.0315;681;1138;1218;6;6;13.8148999214172;0.01127747;0.0102;0.0118;1225;1;1;1;1225;119;0.0081;0.0315;1138;1218;0.0099
"VoxGeoFol.VegetationRenderWorld.Prepare.BroadPhase";0.0108;0.008099999;0.0337;465;1263;426;12;13;14.0090998224914;0.011436;0.0099;0.0125;2450;2;2;2;1225;119;0.001;0.0321;171;426;0.0087
"mscorlib.dll!System::Action`8.Invoke() [Invoke]";0.0108;0.0086;0.0778;696;921;1169;7;8;15.2533999634907;0.01245175;0.0099;0.0142;2450;2;2;2;1225;119;0.0017;0.0751;121;1169;0.0104
"Physics.Raycast";0.0106;0.0086;0.2532;643;136;140;6;6;14.5164999188855;0.0118502;0.0096;0.0125;1225;1;1;1;1225;119;0.0086;0.2532;136;140;0.0092
"Inl_MainLightShadow";0.0105;0.009;0.0377;384;1084;186;9;9;14.4922999311239;0.01183045;0.0099;0.0135;1225;1;1;1;1225;119;0.009;0.0377;1084;186;0.0115
"ObjectDispatcher.FilterInstancesAndCreateScriptingArray";0.0105;0.0047;0.0655;844;473;1306;7;7;13.5357997170649;0.01104963;0.0098;0.0118;6125;5;5;5;1225;119;0;0.0654;119;1306;0.0103
"UnityEngine.InputModule.dll!UnityEngineInternal.Input::NativeInputSystem.NotifyUpdate() [Invoke]";0.0105;0.0074;0.0973;1257;1342;940;4;4;14.0683999378234;0.01148441;0.0095;0.012;1225;1;1;1;1225;119;0.0074;0.0973;1342;940;0.0173
"Unity.RenderPipelines.Core.Runtime.dll!UnityEngine.Rendering::DebugUpdater.Update() [Invoke]";0.0104;0.0088;0.0514;1182;233;981;5;5;13.7524999305606;0.01122653;0.0099;0.0116;1225;1;1;1;1225;119;0.0088;0.0514;233;981;0.0101
"Default World Unity.Physics.Systems.NarrowphaseSystem";0.0099;0.0048;0.0613;121;125;871;10;10;12.7140999240801;0.01037886;0.0081;0.0117;2274;2;1;2;1225;119;0.0018;0.0576;185;871;0.0069
"Inl_SSAO";0.0098;0.0081;0.0826;210;930;1314;8;8;13.4390999069437;0.01097069;0.0092;0.0114;1225;1;1;1;1225;119;0.0081;0.0826;930;1314;0.0116
"FixedUpdate.PhysicsFixedUpdate";0.0096;0.0067;0.0312;1277;1319;1296;3;3;12.4685999476351;0.01017845;0.0087;0.0111;1895;2;1;2;1225;119;0.0013;0.0253;125;363;0.0102
"Inl_ScriptableRenderer.SetPerCameraShaderVariables";0.0096;0.0083;0.0327;1289;198;1266;9;9;13.229999890551;0.0108;0.009199999;0.0123;2450;2;2;2;1225;119;0.002;0.0277;1009;149;0.0096
"D3D12ScratchAllocator.ReclaimMemory";0.009599997;0.007399997;0.1892001;535;934;399;2;6;7.7326981164515;0.0101479;0.008899999;0.0104;40386;53;53;53;762;119;0;0.1795;119;399;0
"Default World Unity.Entities.UpdateWorldTimeSystem";0.0095;0.0079;0.0321;814;131;180;6;6;12.2273999415338;0.009981551;0.009;0.0105;1225;1;1;1;1225;119;0.0079;0.0321;131;180;0.009
"EditorResources.Load";0.0094;0.0073;0.0776;621;1333;397;4;4;12.211699933745;0.009968734;0.0084;0.0109;1225;1;1;1;1225;119;0.0073;0.0776;1333;397;0.0108
"Default World Unity.Entities.LateSimulationSystemGroup";0.0094;0.0072;0.5146;877;909;365;6;6;12.5964999161661;0.01028286;0.0086;0.0103;1225;1;1;1;1225;119;0.0072;0.5146;909;365;0.0092
"EndRenderQueueExtraction";0.0093;0.0057;0.0286;490;185;789;8;9;11.5940999710001;0.009464571;0.0087;0.0099;2450;2;2;2;1225;119;0.0014;0.0266;284;789;0.0105
"Default World Unity.Entities.CompanionGameObjectUpdateTransformSystem";0.0093;0.0061;0.1907;1044;1199;1107;6;6;12.1301999241114;0.009902204;0.008;0.0106;1225;1;1;1;1225;119;0.0061;0.1907;1199;1107;0.0087
"Default World Unity.Rendering.DeformationsInPresentation";0.0093;0.0079;0.0298;1130;132;785;6;6;11.929699911736;0.009738531;0.0088;0.0101;1225;1;1;1;1225;119;0.0079;0.0298;132;785;0.0088
"InputUpdate";0.0092;0.0065;0.0946;734;1299;940;5;5;12.2676999401301;0.01001445;0.0083;0.0104;1225;1;1;1;1225;119;0.0065;0.0946;1299;940;0.0163
"EditorConnection.CheckForIncomingConnections";0.0092;0.0054;0.0342;1164;128;369;5;5;11.7822999246418;0.009618204;0.0085;0.0103;1225;1;1;1;1225;119;0.0054;0.0342;128;369;0.0095
"Inl_UpdateVolumeFramework";0.0091;0.0082;0.0369;331;494;274;6;6;11.6343999244273;0.009497469;0.0088;0.0096;1225;1;1;1;1225;119;0.0082;0.0369;494;274;0.0092
"VoxGeoFol.VegetationRenderPass.ExecuteRasterPass";0.0091;0.0073;0.0643;1106;125;1178;9;9;12.9800999024883;0.010596;0.0083;0.0117;2450;2;2;2;1225;119;0.0028;0.0602;198;1178;0.0096
"Default World Unity.Physics.Systems.PhysicsCreateJacobiansGroup";0.009;0.0043;0.2157;835;943;1304;9;9;11.7676999284886;0.009606286;0.0073;0.0107;2274;2;1;2;1225;119;0.0018;0.2118;1049;1304;0.0068
"VoxGeoFol.VegetationRenderPass.DrawRaster";0.0088;0.007;0.0638;1329;1021;1178;10;10;12.5616999189369;0.01025445;0.0079;0.0113;2450;2;2;2;1225;119;0.0026;0.06;1183;1178;0.0093
"VoxGeoFol.VegetationRenderPass.Draw.Submit";0.0086;0.0067;0.0635;222;1023;1178;11;11;12.1773999268189;0.009940735;0.0077;0.011;2450;2;2;2;1225;119;0.0025;0.0597;1183;1178;0.009099999
"Default World Unity.Physics.Systems.PhysicsSolveAndIntegrateGroup";0.0085;0.0037;0.1807;618;1008;930;9;9;10.9394999432843;0.008930204;0.0069;0.0099;2274;2;1;2;1225;119;0.0017;0.1762;1260;930;0.0059
"Default World Unity.Physics.Authoring.PhysicsDebugDisplayGroup";0.0084;0.0063;0.5125;1253;916;365;7;7;11.3599999193102;0.009273469;0.0077;0.0092;1225;1;1;1;1225;119;0.0063;0.5125;916;365;0.0084
"Inl_CompileRenderGraph";0.0083;0.0072;0.0825;1074;912;911;7;7;11.1880999510176;0.009133142;0.008;0.0099;1225;1;1;1;1225;119;0.0072;0.0825;912;911;0.0117
"EditorConnection.PollAllCustomMessages";0.0082;0.0049;0.0328;426;1332;452;5;5;10.853299964685;0.008859836;0.0075;0.009;1225;1;1;1;1225;119;0.0049;0.0328;1332;452;0.0079
"EarlyUpdate.PhysicsResetInterpolatedTransformPosition";0.0082;0.0063;0.0408;643;943;558;3;3;10.9546999456361;0.008942612;0.0075;0.0098;1225;1;1;1;1225;119;0.0063;0.0408;943;558;0.0078
"UnityEngine.InputModule.dll!UnityEngineInternal.Input::NativeInputSystem.NotifyBeforeUpdate() [Invoke]";0.0082;0.0063;0.1332;1214;255;981;4;4;11.0329999458045;0.009006531;0.0075;0.0095;1225;1;1;1;1225;119;0.0063;0.1332;255;981;0.0073
"LowLevelPhysics2D.PhysicsWorld.SimulateBatch";0.007900001;0.0056;0.0308;465;1299;542;4;4;10.5411998149939;0.008605061;0.0072;0.0094;3120;3;2;3;1225;119;0;0.0307;120;542;0.0116
"PreLateUpdate.UIElementsUpdatePanels";0.0078;0.0057;0.1057;344;749;365;3;3;9.83469995344058;0.008028327;0.0071;0.0085;1225;1;1;1;1225;119;0.0057;0.1057;749;365;0.0081
"Default World Unity.Physics.Systems.CreateJacobiansSystem";0.0074;0.0033;0.2129;637;1251;1304;10;10;9.8067999870982;0.008005551;0.006;0.0089;2274;2;1;2;1225;119;0.0015;0.2098;126;1304;0.0051
"Inl_UniversalRenderPipeline.InitializeAdditionalCameraData";0.0074;0.0064;0.0487;1136;121;897;6;6;9.83669994398952;0.008029959;0.0071;0.0079;1225;1;1;1;1225;119;0.0064;0.0487;121;897;0.0067
"VoxGeoFol.VegetationRenderPass.Draw.PrepareCamera";0.0074;0.0062;0.0249;1325;1128;824;10;10;10.1873000562191;0.008316163;0.007;0.0093;2450;2;2;2;1225;119;0.0001;0.0244;407;824;0.0069
"Default World Unity.Rendering.MatrixPreviousInitializationSystem";0.0072;0.0053;0.0659;171;937;365;6;6;9.76539994077757;0.007971755;0.0064;0.0088;1225;1;1;1;1225;119;0.0053;0.0659;937;365;0.008
"Profiler.CollectPhysicsStats";0.0072;0.0054;0.0378;293;943;558;4;4;9.53339994326234;0.007782368;0.0064;0.0085;1225;1;1;1;1225;119;0.0054;0.0378;943;558;0.0068
"Inl_UniversalRenderPipeline.SetupPerCameraShaderConstants";0.0072;0.0061;0.0344;732;1292;324;7;7;9.15639994200319;0.007474612;0.0069;0.0076;1225;1;1;1;1225;119;0.0061;0.0344;1292;324;0.0064
"Inl_Forward+ Upload";0.0071;0.0058;0.0275;1223;934;360;10;10;9.27869995497167;0.007574449;0.0068;0.0079;1225;1;1;1;1225;119;0.0058;0.0275;934;360;0.009
"LowLevelPhysics2D.PhysicsWorld.Simulate";0.0071;0.005;0.0295;1325;1299;922;5;5;9.49319993332028;0.007749551;0.0065;0.0084;1895;2;1;2;1225;119;0.0007;0.0293;143;542;0.0101
"Inl_Forward+ Complete";0.007;0.0038;0.1124;685;916;811;10;10;8.98809994803742;0.007337225;0.0067;0.0075;1225;1;1;1;1225;119;0.0038;0.1124;916;811;0.0064
"GPUResidentDrawer.ClassifyMaterials";0.0069;0.005;0.1124;388;446;230;5;5;8.87469994882122;0.007244653;0.0057;0.0083;1225;1;1;1;1225;119;0.005;0.1124;446;230;0.0073
"D3D12ClientScratchAllocator.ReclaimMemory";0.006899998;0.0046;0.08010004;800;1060;911;2;6;5.51179889542982;0.007233332;0.0063;0.007499998;40386;53;53;53;762;119;0;0.0738;119;911;0
"Audio.FMODSystemUpdate";0.0068;0.0032;0.0599;464;753;981;5;5;8.55829996825196;0.006986368;0.0064;0.0073;1225;1;1;1;1225;119;0.0032;0.0599;753;981;0.0087
"Default World Unity.Physics.Systems.SolveAndIntegrateSystem";0.0068;0.0029;0.1784;666;1008;930;10;10;8.86789996526204;0.007239102;0.0056;0.0081;2274;2;1;2;1225;119;0.0014;0.1747;219;930;0.0047
"Inl_ScriptableRenderer.SetupCullingParameters";0.0068;0.0058;0.0363;866;1199;1119;7;7;8.70249994983897;0.007104082;0.0065;0.0072;1225;1;1;1;1225;119;0.0058;0.0363;1199;1119;0.0059
"UnityEngine.UIElementsModule.dll!UnityEngine.UIElements::UIElementsRuntimeUtilityNative.UpdatePanels() [Invoke]";0.0066;0.0048;0.1039;501;749;365;4;4;8.36289995070547;0.006826857;0.006;0.0072;1225;1;1;1;1225;119;0.0048;0.1039;749;365;0.0063
"Shadows.CullDirectionalShadowCasters";0.0065;0.0044;0.0412;1310;1311;240;10;10;9.06609995290637;0.007400898;0.0059;0.0079;1225;1;1;1;1225;119;0.0044;0.0412;1311;240;0.0151
"Default World Unity.Rendering.AddLODRequirementComponents";0.0064;0.0048;0.0481;516;1199;916;7;7;8.39149995706975;0.006850204;0.0058;0.0074;1225;1;1;1;1225;119;0.0048;0.0481;1199;916;0.0061
"Inl_UniversalRenderPipeline.CreateShadowData";0.0063;0.0048;0.0199;366;1195;450;8;8;8.11689995834604;0.006626041;0.0058;0.0074;1225;1;1;1;1225;119;0.0048;0.0199;1195;450;0.0055
"PlayerEndOfFrame";0.0063;0.0047;1.9336;687;222;571;2;3;49.9488001978025;0.04077453;0.0058;0.0075;1987;2;1;2;1225;119;0;1.8946;120;571;0.0058
"Default World Unity.Physics.GraphicsIntegration.RecordMostRecentFixedTime";0.0062;0.0043;0.0361;528;1256;137;8;8;8.10799995716661;0.006618775;0.0056;0.0072;2274;2;1;2;1225;119;0.0005;0.0361;262;137;0.0052
"Profiler.FlushCountersWithFlushOnEndOfFrame";0.0062;0.0052;0.0337;1008;923;160;2;2;8.10869995458052;0.006619347;0.0059;0.0072;1225;1;1;1;1225;119;0.0052;0.0337;923;160;0.0061
"BeginRenderQueueExtraction";0.0062;0.0046;0.0267;667;1236;982;8;9;7.82649996923283;0.006388979;0.0058;0.0067;2450;2;2;2;1225;119;0.0017;0.0237;1240;982;0.0065
"PreLateUpdate.ParticleSystemBeginUpdateAll";0.0061;0.0044;0.0634;963;1180;1306;3;3;8.05919996695593;0.006578939;0.0054;0.0069;1225;1;1;1;1225;119;0.0044;0.0634;1180;1306;0.0052
"Inl_Vegetation Depth Pass";0.0061;0.0046;0.061;1038;930;1178;8;8;8.60729996021837;0.007026367;0.0054;0.0078;1225;1;1;1;1225;119;0.0046;0.061;930;1178;0.0066
"AssetDatabase.GetGUIDFromAssetPathV2";0.006;0.0044;0.0714;595;1333;397;5;5;7.81039996538311;0.006375837;0.0053;0.0069;2450;2;2;2;1225;119;0.001;0.0469;206;397;0.007
"GUI.Repaint";0.0059;0.0044;0.0318;819;1166;1273;5;10;7.52929994463921;0.006146367;0.0055;0.0064;1987;2;1;2;1225;119;0;0.0318;140;1273;0.0084
"mscorlib.dll!System::Action`6.Invoke() [Invoke]";0.0059;0.0042;0.059;1138;944;1266;7;7;8.00279992492869;0.006532898;0.005;0.0074;6125;5;5;5;1225;119;0.0006;0.0528;122;1266;0.006599999
"VolumeManager.Update";0.0059;0.0052;0.0333;1256;236;274;7;7;7.55659994389862;0.006168653;0.0057;0.0063;1225;1;1;1;1225;119;0.0052;0.0333;236;274;0.0058
"Inl_CopyColor";0.0058;0.0039;0.0599;378;943;129;8;9;8.06919997790828;0.006587102;0.0052;0.0072;2450;2;2;2;1225;119;0.0016;0.0309;943;129;0.0055
"DestroyCullResults";0.0058;0.0046;0.0234;1073;959;906;3;3;7.47579997032881;0.006102694;0.0054;0.0066;1225;1;1;1;1225;119;0.0046;0.0234;959;906;0.0065
"afterCullingOutputReady.Invoke";0.0058;0.0041;0.023;1307;1315;220;8;10;7.40439996821806;0.006044408;0.0054;0.0063;2450;2;2;2;1225;119;0.0012;0.0213;135;220;0.0062
"ParticleSystem.Update";0.0057;0.0042;0.0629;1097;469;1306;4;4;7.55679995566607;0.006168816;0.005;0.0065;1225;1;1;1;1225;119;0.0042;0.0629;469;1306;0.0049
"Gfx.EndAsyncJobFrame";0.0057;0.004;0.1104;564;960;794;3;9;7.3209998444654;0.005976326;0.0052;0.0062;6125;5;5;5;1225;119;0;0.106;1247;794;0.0055
"VoxGeoFol.VegetationRendererFeature.AddRenderPasses";0.0056;0.0033;0.0672;434;1128;929;8;8;7.30699995183386;0.005964898;0.0046;0.0061;1225;1;1;1;1225;119;0.0033;0.0672;1128;929;0.0046
"Shadows.ExtractShaderPassContext";0.0056;0.0039;0.0246;534;1252;457;13;13;7.05489997076802;0.005759102;0.005;0.0061;4900;4;4;4;1225;119;0.0007;0.0209;502;457;0.006599999
"UnityEngine.CoreModule.dll!UnityEngine.Experimental.Rendering::ScriptableRuntimeReflectionSystemWrapper.Internal_ScriptableRuntimeReflectionSystemWrapper_TickRealtimeProbes() [Invoke]";0.0056;0.0044;0.0524;784;625;360;3;3;7.15939996344969;0.005844408;0.0052;0.0061;1225;1;1;1;1225;119;0.0044;0.0524;625;360;0.0049
"CullSendEvents";0.0056;0.0039;0.0255;793;881;361;9;9;7.16249996609986;0.005846939;0.0052;0.0061;1225;1;1;1;1225;119;0.0039;0.0255;881;361;0.0051
"Physics.PrepareSimulationStage";0.0055;0.0034;0.0259;400;1319;1296;4;4;7.07189994002692;0.005772979;0.0049;0.0063;1895;2;1;2;1225;119;0.0008;0.0212;132;1296;0.0057
"Inl_Initialize Frame";0.0055;0.0047;0.0157;502;1281;131;8;8;7.13419998018071;0.005823837;0.0053;0.0063;1225;1;1;1;1225;119;0.0047;0.0157;1281;131;0.0053
"GPUResidentDrawer.TransformMeshRenderers";0.0054;0.0041;0.0477;249;1092;450;6;6;7.97509993659332;0.006510286;0.0048;0.0075;1225;1;1;1;1225;119;0.0041;0.0477;1092;450;0.005
"PostUpdateScreenManagerAndInput";0.0051;0.0035;0.0359;669;1060;952;3;3;6.64829997136258;0.005427184;0.0045;0.0059;1225;1;1;1;1225;119;0.0035;0.0359;1060;952;0.0039
"Inl_RenderPipeline.BeginCameraRendering";0.0051;0.0043;0.0332;1179;275;442;6;6;6.53679996635765;0.005336163;0.0049;0.0055;1225;1;1;1;1225;119;0.0043;0.0332;275;442;0.0054
"UnityEngine.InputModule.dll!UnityEngineInternal.Input::NativeInputSystem.ShouldRunUpdate() [Invoke]";0.0051;0.0032;0.0294;611;1292;1189;4;4;6.66109990538098;0.005437633;0.0045;0.0059;4345;4;3;4;1225;119;0.0001;0.0274;123;1189;0.0042
"VoxGeoFol.VegetationRenderWorld.Prepare.SelectPackets";0.005;0.004;0.0223;615;1128;866;12;12;6.8097999477759;0.00555902;0.0046;0.0061;1225;1;1;1;1225;119;0.004;0.0223;1128;866;0.0045
"WaitForRenderJobs";0.005;0.0035;0.1094;1132;1183;794;2;10;6.53319963649847;0.005333224;0.0046;0.0056;9935;10;5;10;1225;119;0;0.1056;119;794;0.0046
"EarlyUpdate.ProcessRemoteInput";0.0049;0.0036;0.0266;890;1292;652;3;3;6.64239996206015;0.005422367;0.0045;0.0059;1225;1;1;1;1225;119;0.0036;0.0266;1292;652;0.0042
"Update.ScriptRunDelayedTasks";0.0048;0.0035;0.0615;702;431;1169;3;3;6.31009995634668;0.005151102;0.0045;0.0053;1225;1;1;1;1225;119;0.0035;0.0615;431;1169;0.0045
"Default World Unity.Rendering.HybridLightBakingDataSystem";0.0048;0.0033;0.0547;835;918;455;6;6;6.35189997614361;0.005185225;0.0042;0.0056;1225;1;1;1;1225;119;0.0033;0.0547;918;455;0.0046
"ProcessRemoteInput";0.0048;0.0036;0.0266;1023;693;652;4;4;6.53669996093959;0.005336082;0.0044;0.0058;1225;1;1;1;1225;119;0.0036;0.0266;693;652;0.0042
"Material.SetPassFast";0.0047;0.0037;0.0928;609;1286;509;11;11;6.17459996487014;0.00504049;0.0044;0.0054;1225;1;1;1;1225;119;0.0037;0.0928;1286;509;0.0039
"Default World Unity.Rendering.UpdatePresentationSystemGroup";0.0047;0.0037;0.0236;1273;1026;1248;6;6;6.17779995896854;0.005043102;0.0044;0.0053;1225;1;1;1;1225;119;0.0037;0.0236;1026;1248;0.0044
"Physics.SyncTransforms";0.0046;0.0028;0.0247;978;387;1296;5;5;5.96119996299967;0.004866286;0.0041;0.0054;1895;2;1;2;1225;119;0.0007;0.0208;355;1296;0.0048
"Default World Unity.Transforms.TransformSystemGroup";0.0045;0.0031;0.0221;165;716;297;6;6;5.64049998018891;0.00460449;0.0041;0.0049;1225;1;1;1;1225;119;0.0031;0.0221;716;297;0.0043
"UpdateFilterSettings";0.0045;0.0033;0.1157;415;1280;839;7;7;6.09549998189323;0.004975918;0.0041;0.0054;1225;1;1;1;1225;119;0.0033;0.1157;1280;839;0.004
"D3D12ScratchAllocator.ReclaimScratchBuffers";0.0044;0.0025;0.1837001;420;1076;399;3;7;3.65709987282753;0.004799344;0.004;0.005;40386;53;53;53;762;119;0;0.1791;119;399;0
"UpdatePostFrame";0.0044;0.0033;0.0228;204;950;494;3;3;5.69739999365993;0.004650939;0.004;0.005;1225;1;1;1;1225;119;0.0033;0.0228;950;494;0.004
"BatchRendererGroup.UpdateMetadataCache";0.0044;0.0028;0.0624;1221;1139;1185;8;9;7.87489994755015;0.00642849;0.0041;0.0052;4900;4;4;4;1225;119;0.0002;0.0604;120;1185;0.0038
"PostLateUpdate.UpdateAllRenderers";0.0043;0.0032;0.0475;271;387;937;3;3;5.59309998201206;0.004565796;0.004;0.0048;1225;1;1;1;1225;119;0.0032;0.0475;387;937;0.0041
"Inl_UniversalRenderPipeline.CreateLightData";0.0043;0.0031;0.028;327;205;219;8;8;5.38579997373745;0.004396571;0.0038;0.0048;1225;1;1;1;1225;119;0.0031;0.028;205;219;0.0036
"FixedUpdate.NewInputFixedUpdate";0.0043;0.0026;0.0613;516;1216;139;3;3;5.79039994976483;0.004726857;0.0037;0.0053;1895;2;1;2;1225;119;0.0003;0.0593;123;139;0.0039
"RenderLoop.CleanupNodeQueue";0.0043;0.0031;0.08590001;1217;171;695;4;10;5.60919989249669;0.004578939;0.0038;0.005;9800;8;8;8;1225;119;0.0001;0.0829;120;695;0.0045
"Image.AllocateImageData";0.0042;0.0042;0.0079;136;136;121;6;6;0.0120999994687736;0.00605;0.0042;0.0042;2;1;1;1;2;121;0.0042;0.0079;136;121;0
"UnityEngine.CoreModule.dll!UnityEngine::UnitySynchronizationContext.ExecuteTasks() [Invoke]";0.0042;0.003;0.0607;838;134;1169;4;4;5.52459998219274;0.004509877;0.0039;0.0047;1225;1;1;1;1225;119;0.003;0.0607;134;1169;0.0039
"PrepareSceneNodes";0.0042;0.0035;0.0324;1081;1273;520;9;9;5.55659998534247;0.004536;0.004;0.0046;1225;1;1;1;1225;119;0.0035;0.0324;1273;520;0.0038
"ReflectionProbes.Update";0.0042;0.0033;0.0502;1102;1151;360;2;4;5.44009992759675;0.004440898;0.0039;0.0046;1987;2;1;2;1225;119;0;0.0501;124;360;0.0039
"PrepareSceneCullingParameters";0.0042;0.0037;0.0147;1169;1001;1340;8;8;5.41249999008141;0.004418368;0.0041;0.0045;1225;1;1;1;1225;119;0.0037;0.0147;1001;1340;0.0045
"PostLateUpdate.PlayerUpdateCanvases";0.0041;0.0029;0.0275;929;1153;534;3;3;5.37479998194613;0.004387592;0.0037;0.0047;1225;1;1;1;1225;119;0.0029;0.0275;1153;534;0.0037
"PostLateUpdate.MemoryFrameMaintenance";0.004;0.0029;0.0186;304;1097;1085;3;3;5.11729997373186;0.004177388;0.0036;0.0045;1225;1;1;1;1225;119;0.0029;0.0186;1097;1085;0.0034
"OnPerformCulling";0.004;0.0025;0.0805;796;938;432;9;10;5.27779995766468;0.004308408;0.0036;0.0045;2450;2;2;2;1225;119;0.0005;0.0797;289;432;0.0037
"Profiler.CollectLegacyStats";0.0039;0.0031;0.1335;462;923;954;2;2;5.30349997105077;0.004329388;0.0036;0.0048;1225;1;1;1;1225;119;0.0031;0.1335;923;954;0.0033
"Inl_UniversalRenderPipeline.InitializeStackedCameraData";0.0039;0.0033;0.0136;969;1332;1088;7;7;5.09880000096746;0.004162286;0.0038;0.0042;1225;1;1;1;1225;119;0.0033;0.0136;1332;1088;0.0037
"Default World Unity.Entities.CompanionGameObjectUpdateSystem";0.0039;0.0027;0.0443;1082;943;631;6;6;5.13859998714179;0.004194776;0.0036;0.0043;1225;1;1;1;1225;119;0.0027;0.0443;943;631;0.0042
"Profiler.ScreenshotUpdate";0.0038;0.0025;0.0737;122;362;121;4;4;8.17949996283278;0.006677143;0.0035;0.0047;1225;1;1;1;1225;119;0.0025;0.0737;362;121;0.0034
"EndUpdate";0.0038;0.0029;0.0211;175;204;442;7;7;4.91029998427257;0.004008408;0.0034;0.0043;1225;1;1;1;1225;119;0.0029;0.0211;204;442;0.0033
"Inl_Vegetation Color Pass";0.0038;0.003;0.0441;620;1183;1010;8;8;5.67599997320212;0.00463347;0.0035;0.0048;1225;1;1;1;1225;119;0.003;0.0441;1183;1010;0.004
"RenderingCommandBuffer.PrepareKeywords";0.0038;0.0025;0.02819999;1092;330;815;10;11;4.94679972273298;0.004038204;0.0035;0.0045;30625;25;25;25;1225;119;0;0.025;119;815;0.0049
"Inl_UpdateReflectionProbeAtlas";0.0037;0.0029;0.0249;578;1161;696;10;10;4.80709996866062;0.003924163;0.0035;0.0041;1225;1;1;1;1225;119;0.0029;0.0249;1161;696;0.0055
"EarlyUpdate.Physics2DEarlyUpdate";0.0037;0.0025;0.0551;654;982;566;3;3;4.89969997969456;0.003999755;0.0034;0.0042;1225;1;1;1;1225;119;0.0025;0.0551;982;566;0.0033
"PreLateUpdate.ScriptRunBehaviourLateUpdate";0.0036;0.0018;0.0494;181;919;1120;3;3;4.72829998075031;0.003859837;0.0029;0.0044;1225;1;1;1;1225;119;0.0018;0.0494;919;1120;0.0026
"PostLateUpdate.UpdateCustomRenderTextures";0.0036;0.0024;0.0234;581;387;357;3;3;4.63529998343438;0.003783918;0.0033;0.004;1225;1;1;1;1225;119;0.0024;0.0234;387;357;0.0035
"UnsafeUtility.Malloc";0.0036;0.0012;0.0619;702;1323;1304;8;10;4.45309995708521;0.003635184;0.0026;0.0043;3499;3;2;3;1225;119;0.0002;0.0588;135;1304;0.0044
"Inl_Setup Main Shadowmap";0.0035;0.0027;0.053;361;219;823;9;9;4.69199998001568;0.003830204;0.0032;0.0042;1225;1;1;1;1225;119;0.0027;0.053;219;823;0.0031
"Default World Unity.Physics.Systems.AfterPhysicsSystemGroup";0.0035;0.0017;0.0953;615;594;640;8;8;4.5822999732336;0.003740653;0.0029;0.0041;2274;2;1;2;1225;119;0.0006;0.0906;249;640;0.003
"Audibility computation";0.0033;0.0009;0.0212;159;1035;421;6;6;4.05939998256508;0.003313796;0.003;0.0035;1225;1;1;1;1225;119;0.0009;0.0212;1035;421;0.004
"Default World Unity.Rendering.MatrixPreviousSystem";0.0033;0.0024;0.0272;283;121;1146;6;6;4.85039997869171;0.00395951;0.0029;0.0046;1225;1;1;1;1225;119;0.0024;0.0272;121;1146;0.0028
"Default World Unity.Physics.Systems.InjectTemporalCoherenceDataSystem";0.0033;0.0021;0.1647;847;173;1275;7;7;4.48329996224493;0.003659837;0.003;0.0039;2274;2;1;2;1225;119;0.0002;0.1617;185;1275;0.0032
"UpdatePreFrame";0.0033;0.0021;0.0568;1030;1154;266;3;3;4.98749998188578;0.004071428;0.003;0.0037;1225;1;1;1;1225;119;0.0021;0.0568;1154;266;0.0029
"CustomRenderTextures.Update";0.0032;0.0022;0.0229;1059;387;357;2;4;4.1661999959033;0.00340098;0.0029;0.0036;1987;2;1;2;1225;119;0;0.0228;123;357;0.0031
"LateBehaviourUpdate";0.0032;0.0016;0.0491;946;1113;1120;4;4;4.31969997298438;0.003526286;0.0026;0.004;1225;1;1;1;1225;119;0.0016;0.0491;1113;1120;0.0023
"PreLateUpdate.AccessibilityUpdate";0.0031;0.0018;0.0679;1153;1261;874;3;3;3.96669998508878;0.003238122;0.0027;0.0036;1225;1;1;1;1225;119;0.0018;0.0679;1261;874;0.0024
"Initialization.DirectorSampleTime";0.003;0.0021;0.0203;622;993;1328;3;3;3.80569998477586;0.003106694;0.0027;0.0034;1225;1;1;1;1225;119;0.0021;0.0203;993;1328;0.0034
"UIEvents.WillRenderCanvases";0.003;0.0021;0.0202;855;1153;1104;4;4;3.94979998585768;0.003224327;0.0027;0.0035;1225;1;1;1;1225;119;0.0021;0.0202;1153;1104;0.003
"FrameEvents.NewInputBeforeRenderUpdate";0.003;0.0019;0.0283;1168;635;1189;3;3;3.87879998469725;0.003166367;0.0028;0.0034;1225;1;1;1;1225;119;0.0019;0.0283;635;1189;0.0029
"UnsafeUtility.Free";0.003;0.0018;0.0177;1274;709;839;7;8;3.84250000235625;0.003136735;0.0027;0.0034;3499;3;2;3;1225;119;0.0002;0.0156;123;839;0.0025
"Inl_UniversalRenderPipeline.SetupPerFrameShaderConstants";0.003;0.0025;0.0087;1330;247;1303;5;5;3.94349999190308;0.003219184;0.0029;0.0033;1225;1;1;1;1225;119;0.0025;0.0087;247;1303;0.0028
"LowLevelPhysics2D.PhysicsWorld.RenderWorlds";0.0029;0.0022;0.0234;1068;999;360;7;7;3.67719998303801;0.003001796;0.0027;0.0032;1225;1;1;1;1225;119;0.0022;0.0234;999;360;0.0029
"Default World Unity.Entities.RetainBlobAssetSystem";0.0028;0.0019;0.0198;189;1072;941;6;6;3.52299997629598;0.002875918;0.0026;0.003;1225;1;1;1;1225;119;0.0019;0.0198;1072;941;0.0025
"Director.SampleTime";0.0028;0.002;0.0201;448;136;1328;4;4;3.52049998007715;0.002873878;0.0025;0.0031;1225;1;1;1;1225;119;0.002;0.0201;136;1328;0.0032
"Inl_UniversalRenderPipeline.GetMainLightIndex";0.0028;0.002;0.0264;898;914;219;9;9;3.55539997899905;0.002902367;0.0025;0.0032;1225;1;1;1;1225;119;0.002;0.0264;914;219;0.0024
"EarlyUpdate.ExecuteMainThreadJobs";0.0028;0.0018;0.2142;1242;278;680;3;3;3.83659999002703;0.003131918;0.0026;0.0032;1225;1;1;1;1225;119;0.0018;0.2142;278;680;0.0028
"UGUI.Rendering.UpdateBatches";0.0028;0.002;0.02;1263;237;1104;5;5;3.71389997843653;0.003031755;0.0025;0.0033;1225;1;1;1;1225;119;0.002;0.02;237;1104;0.0027
"ScheduleShadowSplitMasksComputation";0.0028;0.0005;0.03;1303;183;985;8;8;3.85969998629298;0.003150776;0.0027;0.0034;1225;1;1;1;1225;119;0.0005;0.03;183;985;0.0026
"Inl_DrawOpaqueObjects";0.0028;0.0021;0.0256;1322;1128;609;8;8;3.90499997348525;0.003187755;0.0025;0.0035;1225;1;1;1;1225;119;0.0021;0.0256;1128;609;0.0039
"LowLevelPhysics2D.PhysicsWorld.PreSimulate";0.0027;0.0019;0.0235;475;309;542;6;6;3.69809995312244;0.003018857;0.0024;0.0033;1895;2;1;2;1225;119;0.0002;0.0235;123;542;0.0033
"PreUpdate.WindUpdate";0.0027;0.002;0.0173;1314;963;1168;3;3;3.56859997240826;0.002913143;0.0025;0.003;1225;1;1;1;1225;119;0.002;0.0173;963;1168;0.0021
"TransformChangeSystem";0.0026;0.0016;0.0171;214;387;1049;4;9;3.36899981822353;0.002750204;0.0023;0.003;18605;17;13;17;1225;119;0;0.015;119;1049;0.0027
"PreUpdate.InputForUIUpdate";0.0026;0.0017;0.0596;824;332;539;3;3;3.49039998161606;0.002849306;0.0023;0.003;1225;1;1;1;1225;119;0.0017;0.0596;332;539;0.0026
"Default World Unity.Rendering.UpdateHybridChunksStructure";0.0026;0.002;0.0205;1046;834;167;7;7;3.45659997337498;0.002821714;0.0024;0.0029;1225;1;1;1;1225;119;0.002;0.0205;834;167;0.0023
"Default World Unity.Scenes.SceneSectionStreamingSystem";0.0026;0.0019;0.0116;1151;1050;161;7;7;3.39589997241274;0.002772163;0.0024;0.0029;1225;1;1;1;1225;119;0.0019;0.0116;1050;161;0.0028
"EarlyUpdate.UpdatePreloading";0.0025;0.0017;0.0063;145;1309;856;3;3;3.13209997990634;0.002556816;0.0022;0.0027;1225;1;1;1;1225;119;0.0017;0.0063;1309;856;0.0025
"InstanceDataSystem:UpdateCompactedInstanceVisibilityJob (Burst)";0.0025;0.0019;0.0103;644;245;140;8;8;3.18749997299165;0.002619145;0.0023;0.0027;1217;1;1;1;1217;119;0.0019;0.0103;245;140;0.0036
"UnityEngine.IMGUIModule.dll!UnityEngine::Event.Internal_MakeMasterEventCurrent() [Invoke]";0.0025;0.0017;0.0063;933;239;672;11;11;3.15489997551776;0.002575428;0.0023;0.0028;1225;1;1;1;1225;119;0.0017;0.0063;239;672;0.0033
"EarlyUpdate.RendererNotifyInvisible";0.0025;0.0016;0.0182;947;134;864;3;3;3.28919998079073;0.002685061;0.0022;0.0028;1225;1;1;1;1225;119;0.0016;0.0182;134;864;0.0022
"CompleteJobs";0.0025;0.0015;0.0435;1115;271;1107;7;7;3.42569998279214;0.00279649;0.0022;0.003;1225;1;1;1;1225;119;0.0015;0.0435;271;1107;0.0024
"Draw DBuffer";0.0024;0.0015;0.0357;529;1161;627;4;9;3.06930000055581;0.002505551;0.0021;0.0027;1987;2;1;2;1225;119;0.0002;0.0353;372;627;0.0027
"Default World Unity.Physics.Systems.PhysicsSimulationPickerSystem";0.0024;0.0014;0.0546;542;709;1338;9;9;3.36669998068828;0.002748326;0.0021;0.0028;2274;2;1;2;1225;119;0.0002;0.0529;135;1338;0.0025
"UpdateScreenManagerAndInput";0.0024;0.0015;0.0559;763;961;394;3;3;3.21679999330081;0.002625959;0.0021;0.0028;1225;1;1;1;1225;119;0.0015;0.0559;961;394;0.0029
"Physics.RunSimulationStage";0.0024;0.0015;0.0157;1004;733;794;4;4;3.1204999970505;0.002547347;0.0021;0.0028;1895;2;1;2;1225;119;0.0003;0.0148;125;292;0.0022
"Default World Unity.Entities.BeginInitializationEntityCommandBufferSystem";0.0023;0.0016;0.0169;362;1059;1325;6;6;2.88979999173898;0.00235902;0.002;0.0026;1225;1;1;1;1225;119;0.0016;0.0169;1059;1325;0.0025
"Profiler.FlushRenderCounters";0.0023;0.0012;0.0157;695;129;617;2;2;1.8397999930894;0.002414436;0.002;0.0026;762;1;1;1;762;119;0.0012;0.0157;129;617;0
"Loading.UpdatePreloading";0.0023;0.0014;0.0062;1028;1309;856;4;4;2.96369998797309;0.002419347;0.0021;0.0026;1225;1;1;1;1225;119;0.0014;0.0062;1309;856;0.0023
"GeneralConnection.Poll";0.0023;0.0014;0.0205;1156;136;778;5;6;2.97889997472521;0.002431755;0.0021;0.0027;2450;2;2;2;1225;119;0.0001;0.0186;332;778;0.0027
"SpeedTreeWindManager.Update";0.0023;0.0016;0.016;1209;1294;1168;4;4;3.03199998533819;0.002475102;0.0021;0.0026;1225;1;1;1;1225;119;0.0016;0.016;1294;1168;0.0018
"PreUpdate.AIUpdate";0.0022;0.0015;0.0223;327;498;1284;3;3;2.94149999122601;0.002401225;0.0019;0.0026;1225;1;1;1;1225;119;0.0015;0.0223;498;1284;0.0018
"Physics.Simulate";0.0022;0.0015;0.0151;432;256;292;5;5;2.84229998383671;0.002320245;0.0019;0.0025;1895;2;1;2;1225;119;0.0002;0.0147;154;292;0.002
"FixedUpdate.AudioFixedUpdate";0.0022;0.0013;0.0254;1068;1323;541;3;3;2.88699996063951;0.002356735;0.002;0.0026;1895;2;1;2;1225;119;0.0001;0.0223;173;541;0.0019
"Physics2D.Simulate";0.0021;0.0012;0.0152;466;420;345;4;4;2.7959999818122;0.002282449;0.0018;0.0026;1895;2;1;2;1225;119;0.0003;0.0152;123;345;0.0033
"PhysicsIntegrityCheckJobs:RecordDynamicBodyIntegrity (Burst)";0.0021;0.0017;0.0029;1262;1014;243;13;13;0.0452999995322898;0.002157143;0.0019;0.0024;21;1;1;1;21;166;0.0017;0.0029;1014;243;0
"TimeManager.Update";0.002;0.001;0.0119;185;642;393;4;4;2.47849999705795;0.002023265;0.0018;0.0022;1225;1;1;1;1225;119;0.001;0.0119;642;393;0.0024
"Inl_ScriptableRenderer.ClearRenderingState";0.002;0.0015;0.0115;317;837;131;9;9;2.51769999950193;0.002055265;0.0018;0.0022;1225;1;1;1;1225;119;0.0015;0.0115;837;131;0.0019
"Default World Unity.Rendering.PushMeshDataSystem";0.002;0.0014;0.0147;357;637;709;7;7;2.49490000051446;0.002036653;0.0018;0.0022;1225;1;1;1;1225;119;0.0014;0.0147;637;709;0.0018
"Inl_LightCookies";0.002;0.0014;0.0079;447;1157;131;10;10;2.54699999885634;0.002079184;0.0018;0.0022;1225;1;1;1;1225;119;0.0014;0.0079;1157;131;0.0024
"UpdateHybridChunksStructure";0.002;0.0015;0.0186;447;833;839;8;8;2.5768000043463;0.00210351;0.0018;0.0022;1225;1;1;1;1225;119;0.0015;0.0186;833;839;0.0018
"EarlyUpdate.PlayerCleanupCachedData";0.002;0.0014;0.0147;778;131;1181;3;3;2.58969999733381;0.002114041;0.0018;0.0022;1225;1;1;1;1225;119;0.0014;0.0147;131;1181;0.0019
"UpdatePreloading";0.002;0.0013;0.0054;822;1309;856;5;5;2.56790000176989;0.002096245;0.0018;0.0023;1225;1;1;1;1225;119;0.0013;0.0054;1309;856;0.0019
"InstanceDataSystem:MotionUpdateJob (Burst)";0.002;0.0016;0.0203;1240;421;1173;7;7;2.55319999565836;0.002187832;0.0019;0.0024;1167;1;1;1;1167;119;0.0016;0.0203;421;1173;0.0021
"JobDebuggerFrameMaintenance";0.002;0.0011;0.0134;1240;1142;217;4;4;2.61619999096729;0.002135674;0.0018;0.0023;1225;1;1;1;1225;119;0.0011;0.0134;1142;217;0.0021
"PrepareUpdateRendererBoundingVolumes";0.002;0.0012;0.0153;714;404;980;4;10;2.49999991303775;0.002040816;0.0018;0.0022;7350;6;6;6;1225;119;0;0.0134;795;980;0.002
"EndGraphicsJobs";0.002;0.0011;0.1068;1047;1312;794;3;4;2.63870000047609;0.002154041;0.0018;0.0022;3675;3;3;3;1225;119;0;0.1066;119;794;0.0018
"PlayerCleanupCachedData";0.0019;0.0013;0.0144;234;272;1181;5;5;2.41649999655783;0.001972653;0.0017;0.0021;1225;1;1;1;1225;119;0.0013;0.0144;272;1181;0.0018
"PostLateUpdate.RenderAs2DUpdate";0.0019;0.0013;0.0327;722;916;230;3;3;2.5051999958232;0.002045061;0.0017;0.0022;1225;1;1;1;1225;119;0.0013;0.0327;916;230;0.0019
"ReflectionProbeAnchorManagerUpdate";0.0019;0.0013;0.0289;1028;858;1230;8;10;2.55079994827975;0.002082286;0.0017;0.0022;3675;3;3;3;1225;119;0.0002;0.0276;211;1230;0.0016
"PreLateUpdate.EndGraphicsJobsAfterScriptUpdate";0.0019;0.0012;0.1067;1120;387;794;3;3;2.5951000029454;0.002118449;0.0018;0.0021;1225;1;1;1;1225;119;0.0012;0.1067;387;794;0.0016
"PreLateUpdate.Physics2DLateUpdate";0.0019;0.001;0.0214;1179;971;424;3;3;2.55239999247715;0.002083592;0.0017;0.0023;1225;1;1;1;1225;119;0.001;0.0214;971;424;0.0016
"BatchRendererGroup.InvalidateStaleBatches";0.0019;0.0011;0.0277;1223;1139;1169;9;10;3.47589992918074;0.002837469;0.0017;0.0022;4900;4;4;4;1225;119;0;0.027;120;1169;0.0018
"UnityEngine.AccessibilityModule.dll!UnityEngine.Accessibility::AccessibilityManager.Internal_Update() [Invoke]";0.0019;0.0011;0.0085;1246;300;563;4;4;2.45999998622574;0.002008163;0.0017;0.0023;1225;1;1;1;1225;119;0.0011;0.0085;300;563;0.0015
"Cleanup Unused Cached Data";0.0019;0.0013;0.0145;1252;940;1181;4;4;2.51209999795537;0.002050694;0.0018;0.0022;1225;1;1;1;1225;119;0.0013;0.0145;940;1181;0.0018
"LowLevelPhysics2D.DrawWorld.CompileDrawResults";0.0018;0.0013;0.0048;616;970;826;8;8;2.26899999647867;0.001852245;0.0016;0.002;1225;1;1;1;1225;119;0.0013;0.0048;970;826;0.0016
"Initialization.UpdateCameraMotionVectors";0.0018;0.0009;0.0157;1100;972;270;3;3;2.31899999512825;0.001893061;0.0016;0.0021;1225;1;1;1;1225;119;0.0009;0.0157;972;270;0.0019
"FrameEvents.OnBeforeRenderCallback";0.0018;0.0013;0.0121;1147;397;577;3;3;2.35249999782536;0.001920408;0.0016;0.0021;1225;1;1;1;1225;119;0.0013;0.0121;397;577;0.0017
"UnityEngine.InputForUIModule.dll!UnityEngine.InputForUI::EventProvider.NotifyUpdate() [Invoke]";0.0018;0.0011;0.044;1218;1306;539;4;4;2.45359999628272;0.002002939;0.0016;0.0021;1225;1;1;1;1225;119;0.0011;0.044;1306;539;0.002
"FindActiveLights";0.0017;0.0013;0.0032;138;121;424;10;10;2.09539999533445;0.001710531;0.0015;0.0019;1225;1;1;1;1225;119;0.0013;0.0032;121;424;0.0017
"InputSystem.onBeforeUpdate";0.0017;0.001;0.0166;225;258;1167;5;5;2.19739998807199;0.001793796;0.0014;0.002;1225;1;1;1;1225;119;0.001;0.0166;258;1167;0.0014
"Profiler.SerializeStats";0.0017;0.0013;0.131;335;326;954;3;3;2.42799997935072;0.001982041;0.0015;0.0022;1225;1;1;1;1225;119;0.0013;0.131;326;954;0.0014
"DrawTransparentObjects";0.0017;0.0008;0.0047;391;1116;759;4;9;2.22269998147385;0.001814449;0.0013;0.0022;1987;2;1;2;1225;119;0.0003;0.0035;392;759;0.0011
"Inl_DrawDepthNormalPrepass";0.0017;0.0011;0.0205;382;943;596;8;8;2.33269997849129;0.001904245;0.0015;0.0021;2450;2;2;2;1225;119;0.0004;0.0195;245;596;0.002
"AudioManager.FixedUpdate";0.0017;0.001;0.0246;817;277;541;4;4;2.15409996942617;0.001758449;0.0015;0.0019;1895;2;1;2;1225;119;0;0.0221;328;541;0.0015
"BatchRendererGroup.CreateMissingMetadata";0.0017;0.0009;0.0183;795;334;462;11;12;2.10259965248406;0.001716408;0.0015;0.0019;17150;14;14;14;1225;119;0;0.0168;119;462;0.002
"UnityEngine.CoreModule.dll!UnityEngine.Rendering::RenderPipelineManager.HandleRenderPipelineChange() [Invoke]";0.0016;0.0008;0.0506;232;938;1243;3;3;2.09849997441052;0.001713061;0.0014;0.0018;2450;2;2;2;1225;119;0.0002;0.0501;938;1243;0.0015
"Application.Integrate Assets in Background";0.0016;0.001;0.0047;433;1309;856;6;6;2.01639998541214;0.001646041;0.0014;0.0018;1225;1;1;1;1225;119;0.001;0.0047;1309;856;0.0013
"Update";0.0016;0.0008;0.0124;521;1302;390;7;7;2.02569999080151;0.001653633;0.0013;0.0019;1225;1;1;1;1225;119;0.0008;0.0124;1302;390;0.0015
"Inl_VFX Process Camera";0.0016;0.0012;0.0176;541;185;502;8;8;2.12019998556934;0.001730775;0.0014;0.0019;1225;1;1;1;1225;119;0.0012;0.0176;185;502;0.0016
"Inl_Draw DBuffer";0.0016;0.0011;0.0174;661;338;1179;8;8;2.15059998538345;0.001755592;0.0014;0.0019;1225;1;1;1;1225;119;0.0011;0.0174;338;1179;0.0025
"Inl_RenderPipeline.BeginContextRendering";0.0016;0.0011;0.0412;836;175;1140;5;5;2.09779999020975;0.00171249;0.0015;0.0018;1225;1;1;1;1225;119;0.0011;0.0412;175;1140;0.0014
"Default World Unity.Scenes.SceneSystem";0.0016;0.0011;0.0142;904;1299;479;7;7;2.07879998884164;0.00169698;0.0014;0.0018;1225;1;1;1;1225;119;0.0011;0.0142;1299;479;0.0015
"AsyncUploadManager.AsyncResourceUploadAll";0.0016;0.0009;0.0083;1005;125;1002;2;2;1.27059997757897;0.001667454;0.0014;0.0018;1524;2;2;2;762;119;0.0001;0.0081;373;1002;0
"ExportPhysicsWorld:CheckDynamicBodyIntegrity (Burst)";0.0016;0.0007;0.0139;1139;835;1156;13;13;0.102599999576341;0.0019;0.0009;0.0019;54;1;1;1;54;129;0.0007;0.0139;835;1156;0
"Default World Unity.Rendering.AddWorldAndChunkRenderBounds";0.0016;0.0012;0.0114;1343;355;968;7;7;2.13669998873957;0.001744245;0.0015;0.0019;1225;1;1;1;1225;119;0.0012;0.0114;355;968;0.0014
"Profiler.FlushMemoryCounters";0.0015;0.001;0.0035;130;268;559;2;2;1.82489997998346;0.001489714;0.0013;0.0016;1225;1;1;1;1225;119;0.001;0.0035;268;559;0.0015
"LowLevelPhysics2D.PhysicsWorld.PostSimulate";0.0015;0.0009;0.0186;181;182;523;6;6;1.91689997876529;0.001564816;0.0013;0.0017;1895;2;1;2;1225;119;0.0001;0.0184;136;523;0.0016
"PreUpdate.Physics2DUpdate";0.0015;0.001;0.0445;739;225;981;3;3;2.05429998715408;0.00167698;0.0013;0.0018;1225;1;1;1;1225;119;0.001;0.0445;225;981;0.0019
"VoxGeoFol.VegetationRenderPass.Shadow.Validate";0.0015;0.0005;0.0228;1154;125;496;11;11;1.83469999738736;0.001497714;0.001;0.0017;1225;1;1;1;1225;119;0.0005;0.0228;125;496;0.0011
"Inl_DrawScreenSpaceUI";0.0014;0.0008;0.05;174;490;964;8;8;1.93479996989481;0.001579429;0.0011;0.0017;2450;2;2;2;1225;119;0.0003;0.0492;134;964;0.0015
"CoroutinesDelayedCalls";0.0014;0.0007;0.0095;280;1086;1343;4;4;1.76339995424496;0.00143951;0.0012;0.0016;6795;6;5;6;1225;119;0;0.0088;120;1343;0.0015
"Default World Unity.Rendering.LightProbeUpdateSystem";0.0014;0.0009;0.0058;302;126;671;7;7;1.76949998328928;0.00144449;0.0012;0.0016;1225;1;1;1;1225;119;0.0009;0.0058;126;671;0.0016
"VoxGeoFol.VegetationRenderPass.Shadow.RestoreCamera";0.0014;0.001;0.0051;424;280;616;11;11;1.88509997574147;0.001538857;0.0012;0.0017;1225;1;1;1;1225;119;0.001;0.0051;280;616;0.0015
"AddDirectionalLights";0.0014;0.001;0.0043;639;671;1024;10;10;1.75989997491706;0.001436653;0.0013;0.0015;1225;1;1;1;1225;119;0.001;0.0043;671;1024;0.0013
"PostLateUpdate.PhysicsSkinnedClothBeginUpdate";0.0014;0.0009;0.0237;889;932;294;3;3;1.83459998178296;0.001497633;0.0013;0.0016;1225;1;1;1;1225;119;0.0009;0.0237;932;294;0.001
"ComputeStats";0.0014;0.0011;0.0091;1160;120;1147;7;7;1.88239997811615;0.001536653;0.0012;0.0016;1225;1;1;1;1225;119;0.0011;0.0091;120;1147;0.0014
"EntityCommandBuffer.Dispose";0.0014;0.0007;0.0114;1188;1199;1233;8;8;1.77659998496529;0.001450286;0.0012;0.0016;2274;2;1;2;1225;119;0.0001;0.011;126;1233;0.0015
"Default World Unity.Rendering.ManageSHPropertiesSystem";0.0013;0.0008;0.0066;162;1340;1329;7;7;1.61649998911889;0.001319592;0.0011;0.0015;1225;1;1;1;1225;119;0.0008;0.0066;1340;1329;0.0016
"Default World Unity.Physics.Systems.ColliderBlobCleanupSystem";0.0013;0.0007;0.0215;181;692;756;8;8;1.64929996669525;0.001346367;0.0011;0.0015;2274;2;1;2;1225;119;0.0001;0.0213;122;756;0.0018
"PostLateUpdate.ProfilerEndFrame";0.0013;0.0007;0.0169;248;242;929;3;3;1.67679997778032;0.001368816;0.0011;0.0014;1225;1;1;1;1225;119;0.0007;0.0169;242;929;0.0013
"Renderers.OncePerFrameUpdate";0.0013;0.0009;0.0443;259;258;937;4;4;1.68239997758064;0.001373388;0.0012;0.0014;1225;1;1;1;1225;119;0.0009;0.0443;258;937;0.0013
"EarlyUpdate.ScriptRunDelayedStartupFrame";0.0013;0.0008;0.0231;291;134;577;3;3;1.6926999843563;0.001381796;0.0011;0.0015;1225;1;1;1;1225;119;0.0008;0.0231;134;577;0.0012
"Default World Unity.Physics.Systems.InjectTemporalCoherenceDataLastResortSystem";0.0013;0.0007;0.0462;713;315;937;11;11;1.72529996943194;0.001408408;0.0011;0.0015;2274;2;1;2;1225;119;0;0.046;1229;937;0.0013
"Inl_Draw Additional Lights Shadowmap";0.0013;0.001;0.0578;882;170;194;8;8;1.7727999772178;0.001447184;0.0012;0.0015;1225;1;1;1;1225;119;0.001;0.0578;170;194;0.0011
"Default World Unity.Entities.VariableRateSimulationSystemGroup";0.0013;0.0007;0.0969;905;125;539;6;6;4.35279997508042;0.003553306;0.0011;0.0063;1225;1;1;1;1225;119;0.0007;0.0969;125;539;0.0011
"EarlyUpdate.UpdateContentLoading";0.0013;0.0009;0.0247;957;387;670;3;3;1.75449997489341;0.001432245;0.0012;0.0015;1225;1;1;1;1225;119;0.0009;0.0247;387;670;0.0013
"Shadows.CullingCallbacks";0.0013;0.001;0.0058;1022;120;560;8;8;1.70879998314194;0.001394939;0.0012;0.0015;1225;1;1;1;1225;119;0.001;0.0058;120;560;0.0021
"PxScene.simulate";0.0013;0.0008;0.0101;1046;524;1031;6;6;1.76619998936076;0.001441796;0.0011;0.0016;1895;2;1;2;1225;119;0.0001;0.0101;567;1031;0.001
"EntityCommandBuffer.Playback";0.0013;0.0006;0.0092;1121;1318;828;9;9;1.74189997639041;0.001421959;0.0011;0.0016;2274;2;1;2;1225;119;0.0001;0.0087;227;828;0.0011
"PreLateUpdate.ConstraintManagerUpdate";0.0013;0.0008;0.0165;1145;971;1306;3;3;1.70969999046065;0.001395673;0.0011;0.0015;1225;1;1;1;1225;119;0.0008;0.0165;971;1306;0.0011
"LowLevelPhysics2D.DrawWorld.UpdateLifetimes";0.0012;0.0007;0.0086;146;933;1046;4;4;1.51399999059504;0.001235918;0.001;0.0014;1225;1;1;1;1225;119;0.0007;0.0086;933;1046;0.0012
"ClothManager.LateUpdate";0.0012;0.0007;0.0235;156;932;294;4;4;1.50939998787362;0.001232163;0.001;0.0013;1225;1;1;1;1225;119;0.0007;0.0235;932;294;0.0009
"UnityEngine.CoreModule.dll!UnityEngine::Application.InvokeOnBeforeRender() [Invoke]";0.0012;0.0007;0.0114;178;1184;577;4;4;1.4939999934868;0.001219592;0.001;0.0013;1225;1;1;1;1225;119;0.0007;0.0114;1184;577;0.001
"updateScene.Invoke";0.0012;0.0007;0.0164;232;942;308;3;3;1.51989998668432;0.001240735;0.001;0.0013;1225;1;1;1;1225;119;0.0007;0.0164;942;308;0.0009
"ExportPhysicsWorld:CheckTotalBodyAndColliderIntegrity (Burst)";0.0012;0.0009;0.0022;868;530;892;13;13;0.0698999993037432;0.001294444;0.0011;0.0014;54;1;1;1;54;129;0.0009;0.0022;530;892;0
"Initialization.XREarlyUpdate";0.0012;0.0008;0.0522;956;1092;345;3;3;1.62279998412123;0.001324735;0.0011;0.0014;1225;1;1;1;1225;119;0.0008;0.0522;1092;345;0.0013
"Inl_Set Motion Vector Global Matrices";0.0012;0.0009;0.0062;996;126;155;8;8;1.635999998427;0.00133551;0.0011;0.0015;1225;1;1;1;1225;119;0.0009;0.0062;126;155;0.0014
"Physics.CalculateChangedColliderTransforms";0.0012;0.0006;0.011;1077;126;362;6;6;1.60109997080872;0.00130702;0.001;0.0015;1895;2;1;2;1225;119;0.0001;0.0102;121;1013;0.0014
"Inl_DrawTransparentObjects";0.0012;0.0009;0.0312;1158;174;206;8;8;1.90049998811446;0.001551429;0.0011;0.0017;1225;1;1;1;1225;119;0.0009;0.0312;174;206;0.0013
"EarlyUpdate.UpdateInputManager";0.0012;0.0006;0.0212;1173;124;803;3;3;1.62569998233812;0.001327102;0.0011;0.0014;1225;1;1;1;1225;119;0.0006;0.0212;124;803;0.0016
"Connections.Process";0.0012;0.0005;0.0097;1174;1109;422;6;7;1.54199995391537;0.001258775;0.001;0.0014;2450;2;2;2;1225;119;0;0.0097;122;422;0.0015
"EarlyUpdate.UpdateMainGameViewRect";0.0011;0.0005;0.0108;150;133;459;3;3;1.38859999144915;0.001133551;0.0009;0.0013;1225;1;1;1;1225;119;0.0005;0.0108;133;459;0.0009
"FrameEvents.XRBeginFrame";0.0011;0.0008;0.0043;231;150;381;3;3;1.35020000179065;0.001102204;0.001;0.0012;1225;1;1;1;1225;119;0.0008;0.0043;150;381;0.0009
"FixedUpdate.ScriptRunBehaviourFixedUpdate";0.0011;0.0007;0.0121;612;843;148;3;3;1.4401999755064;0.001175673;0.0009;0.0013;1895;2;1;2;1225;119;0;0.0109;748;148;0.0012
"Find dependency chain";0.0011;0.0005;0.0186;748;669;136;7;13;1.45979995199014;0.001191673;0.0009;0.0013;4887;4;2;6;1225;119;0;0.018;668;136;0.0013
"Default World Unity.Rendering.LODRequirementsUpdateSystem";0.0011;0.0008;0.0103;1108;819;616;7;7;1.48039999458706;0.00120849;0.001;0.0013;1225;1;1;1;1225;119;0.0008;0.0103;819;616;0.0009
"EarlyUpdate.ClearLines";0.0011;0.0006;0.0104;1118;134;231;3;3;1.46189999155467;0.001193388;0.001;0.0013;1225;1;1;1;1225;119;0.0006;0.0104;134;231;0.0009
"SpeedTreeWindManager.UpdateGlobalAndLocalWinds";0.0011;0.0007;0.0112;1119;626;970;5;5;1.49259999464266;0.001218449;0.001;0.0013;1225;1;1;1;1225;119;0.0007;0.0112;626;970;0.0008
"Initialization.SynchronizeInputs";0.0011;0.0007;0.0074;1143;131;758;3;3;1.46719999244669;0.001197714;0.001;0.0013;1225;1;1;1;1225;119;0.0007;0.0074;131;758;0.0014
"FixedUpdate.DirectorFixedUpdate";0.0011;0.0006;0.0166;1209;387;749;3;3;1.52519997861236;0.001245061;0.0009;0.0014;1895;2;1;2;1225;119;0.0001;0.0166;123;749;0.0017
"Physics2D.SyncTransformChanges";0.0011;0.0005;0.012;1251;810;307;5;5;1.54479997599265;0.001261061;0.0009;0.0015;1895;2;1;2;1225;119;0.0002;0.0113;127;307;0.0019
"Initialization.AsyncUploadTimeSlicedUpdate";0.001;0.0004;0.0233;249;1206;1203;3;3;1.30119999012095;0.001062204;0.0008;0.0011;1225;1;1;1;1225;119;0.0004;0.0233;1206;1203;0.0012
"Default World Unity.Rendering.PushSkinMatrixSystem";0.001;0.0006;0.0105;345;229;337;7;7;1.26619999128161;0.001033633;0.0009;0.0011;1225;1;1;1;1225;119;0.0006;0.0105;229;337;0.0009
"Default World Unity.Scenes.WeakAssetReferenceLoadingSystem";0.001;0.0006;0.0167;523;1312;379;7;7;1.32379999168916;0.001080653;0.0009;0.0011;1225;1;1;1;1225;119;0.0006;0.0167;1312;379;0.0013
"GPUResidentDrawer.ProcessCameras";0.001;0.0006;0.0043;642;122;762;5;5;1.29509998013964;0.001057224;0.0007;0.0013;1225;1;1;1;1225;119;0.0006;0.0043;122;762;0.0013
"Default World Unity.Entities.BeginSimulationEntityCommandBufferSystem";0.001;0.0005;0.0116;789;920;188;6;6;1.32999998808373;0.001085714;0.0009;0.0012;1225;1;1;1;1225;119;0.0005;0.0116;920;188;0.0008
"UIElements.CollectLayoutNodes";0.001;0.0007;0.036;884;133;365;5;5;1.33339999080636;0.00108849;0.0009;0.0012;1225;1;1;1;1225;119;0.0007;0.036;133;365;0.0009
"PostLateUpdate.AccessibilityLateUpdate";0.001;0.0007;0.0143;993;171;424;3;3;1.35469998791814;0.001105878;0.0009;0.0012;1225;1;1;1;1225;119;0.0007;0.0143;171;424;0.001
"PhysicsIntegrityCheckJobs:RecordColliderIntegrity (Burst)";0.001;0.0008;0.0021;1011;838;1073;13;13;0.0263999999151565;0.001147826;0.0009;0.0012;23;1;1;1;23;166;0.0008;0.0021;838;1073;0
"GPUResidentDrawer.FindUnsupportedRenderers";0.001;0.0006;0.0228;1037;914;952;5;5;1.45809998631012;0.001190286;0.0008;0.0014;1225;1;1;1;1225;119;0.0006;0.0228;914;952;0.0017
"PreUpdate.IMGUISendQueuedEvents";0.001;0.0006;0.0355;1284;1213;523;3;3;1.38489999150624;0.001130531;0.0009;0.0012;1225;1;1;1;1225;119;0.0006;0.0355;1213;523;0.0012
"UnityEngine.CoreModule.dll!UnityEngine.Rendering::SupportedRenderingFeatures.IsLightmapBakeTypeSupportedByRef() [Invoke]";0.001;0.0006;0.0157;1333;891;1059;9;9;1.36059999186546;0.001110694;0.0009;0.0012;1225;1;1;1;1225;119;0.0006;0.0157;891;1059;0.0008
"Default World Unity.Physics.GraphicsIntegration.CopyPhysicsVelocityToSmoothing";0.0009999999;0.0005;0.2036;134;1053;254;8;8;1.46429997158702;0.001195347;0.0008;0.0012;2274;2;1;2;1225;119;0;0.2035;156;254;0.0008
"Default World Unity.Physics.GraphicsIntegration.BufferInterpolatedRigidBodiesMotion";0.0009999999;0.0006;0.0106;202;125;222;8;8;1.25339997006813;0.001023184;0.0008;0.0012;2274;2;1;2;1225;119;0;0.0104;126;222;0.0009
"BatchRendererGroup.AcquireWrite";0.0009999999;0.0005;0.0172;272;269;669;9;10;1.72029994719196;0.001404327;0.0008;0.0011;4900;4;4;4;1225;119;0;0.0167;119;669;0.0008
"Default World Unity.Physics.Systems.SyncCustomPhysicsProxySystem";0.0009999999;0.0006;0.008599999;337;214;646;8;8;1.27569996763486;0.001041388;0.0008;0.0012;2274;2;1;2;1225;119;0;0.0085;143;646;0.0008
"Default World Unity.Physics.Systems.PhysicsAnalyticsSystem";0.0009999999;0.0005;0.0314;514;845;968;10;10;1.4103999673971;0.001151347;0.0008;0.0012;2274;2;1;2;1225;119;0;0.0306;613;968;0.0008
"RenderTexture.GarbageCollectTemporary";0.0009999999;0.0006;0.0148;984;407;280;3;6;1.331699975417;0.001087102;0.0009;0.0012;2450;2;2;2;1225;119;0.0001;0.0142;135;280;0.0008
"UnityEngine.Physics2DModule.dll!UnityEngine.LowLevelPhysics2D::PhysicsEvents.InvokePreSimulate() [Invoke]";0.0009999999;0.0006;0.0192;1048;309;922;7;7;1.36869997356553;0.001117306;0.0008;0.0012;1895;2;1;2;1225;119;0;0.019;1019;922;0.0015
"Profiler.FrameMetadata";0.0009;0.0005;0.0296;189;190;138;5;5;2.36919996642973;0.001934041;0.0007;0.0009999999;5064;4;4;6;1225;119;0;0.0281;154;138;0.0007
"Graphics.DrawProcedural";0.0009;0.0003;0.0032;224;613;619;10;11;1.12359994859435;0.0009172244;0.0007;0.0011;8575;7;7;7;1225;119;0;0.0017;119;619;0.0014
"ExportPhysicsWorld:CheckColliderIntegrity (Burst)";0.0009;0.0006;0.0061;394;753;208;13;13;0.0603999991435558;0.001118519;0.0007;0.0011;54;1;1;1;54;129;0.0006;0.0061;753;208;0
"Default World Unity.Physics.Systems.InvalidatedTemporalCoherenceCleanupSystem";0.0009;0.0005;0.0075;413;199;1158;11;11;1.28009997511981;0.00104498;0.0007;0.0011;2274;2;1;2;1225;119;0;0.007;182;545;0.0007
"Inl_Setup Additional Shadows";0.0009;0.0003;0.0296;505;258;1104;9;9;3.06379997744807;0.002501061;0.0007;0.0011;1225;1;1;1;1225;119;0.0003;0.0296;258;1104;0.0007
"EarlyUpdate.InsightsUpdate";0.0009;0.0005;0.0293;766;134;1223;3;3;1.20699998713098;0.0009853061;0.0008;0.0011;1225;1;1;1;1225;119;0.0005;0.0293;134;1223;0.0008
"Set Global Texture";0.0009;0.0004;0.012;859;1083;599;4;9;1.12719998092507;0.0009201632;0.0007;0.001;3974;4;2;4;1225;119;0;0.0112;125;599;0.0008
"Default World Unity.Rendering.PushBlendWeightSystem";0.0009;0.0005;0.0192;918;1188;729;7;7;1.22469998593442;0.0009997551;0.0008;0.0011;1225;1;1;1;1225;119;0.0005;0.0192;1188;729;0.0011
"PreUpdate.UpdateVideo";0.0009;0.0006;0.0028;940;135;685;3;3;1.19799998606322;0.0009779591;0.0008;0.0011;1225;1;1;1;1225;119;0.0006;0.0028;135;685;0.0008
"Inl_Sort Render Passes";0.0009;0.0005;0.0041;992;199;1024;8;8;1.1672999895527;0.0009528979;0.0008;0.0011;1225;1;1;1;1225;119;0.0005;0.0041;199;1024;0.0008
"UnityEngine.UIModule.dll!UnityEngine::Canvas.SendPreWillRenderCanvases() [Invoke]";0.0009;0.0005;0.0129;998;1032;142;6;6;1.23569998523453;0.001008735;0.0008;0.0011;1225;1;1;1;1225;119;0.0005;0.0129;1032;142;0.001
"Initialize Frame";0.0009;0.0005;0.0163;1017;961;394;4;9;1.22939998027869;0.001003592;0.0008;0.001;1987;2;1;2;1225;119;0;0.0162;119;394;0.0009
"Inl_ScriptableRenderer.InternalFinishRenderingCommon";0.0009;0.0006;0.0034;1042;352;759;7;7;1.21069998678286;0.0009883265;0.0008;0.0011;1225;1;1;1;1225;119;0.0006;0.0034;352;759;0.0013
"Default World Unity.Entities.BeginFixedStepSimulationEntityCommandBufferSystem";0.0009;0.0005;0.0084;1100;199;1324;7;7;1.24469997675624;0.001016082;0.0008;0.0012;2274;2;1;2;1225;119;0.0001;0.0082;122;1324;0.0009
"Default World Unity.Physics.Authoring.CleanPhysicsDebugDataSystem_Default";0.0009;0.0006;0.0105;1135;249;563;9;9;1.22359996673185;0.0009988571;0.0008;0.0011;2274;2;1;2;1225;119;0;0.0104;136;563;0.0011
"Default World Unity.Entities.EndVariableRateSimulationEntityCommandBufferSystem";0.0009;0.0005;0.0491;1242;135;937;7;7;0.458199997490738;0.001120293;0.0008;0.0011;409;1;1;1;409;120;0.0005;0.0491;135;937;0
"Draw Additional Lights Shadowmap";0.0008;0.0004;0.0145;269;136;284;4;9;0.99479997943854;0.0008120816;0.0006;0.0009;1987;2;1;2;1225;119;0;0.0145;123;284;0.0006
"BatchRendererGroup.AddReader";0.0008;0.0001;0.0021;333;612;759;11;12;0.95189994872635;0.0007770612;0.0006;0.0009;17150;14;14;14;1225;119;0;0.0013;119;759;0.0006
"LowLevelPhysics2D.PhysicsWorld.Transform.WriteTweens";0.0008;0.0004;0.0438;359;1001;981;4;4;1.07269998101401;0.0008756734;0.0007;0.0009;1225;1;1;1;1225;119;0.0004;0.0438;1001;981;0.0008
"AddCustomActiveLocalLights";0.0008;0.0006;0.0391;368;187;365;10;10;1.07429997628788;0.0008769796;0.0007;0.0009;1225;1;1;1;1225;119;0.0006;0.0391;187;365;0.0009
"UnityEngine.CoreModule.dll!UnityEngine.Rendering::SupportedRenderingFeatures.IsUIOverlayRenderedBySRP() [Invoke]";0.0008;0.0005;0.0034;506;206;347;3;3;1.0176999795367;0.0008307755;0.0007;0.0009;1225;1;1;1;1225;119;0.0005;0.0034;206;347;0.0011
"Default World Unity.Entities.BeginVariableRateSimulationEntityCommandBufferSystem";0.0008;0.0004;0.0164;587;970;1057;7;7;0.35549999520299;0.0008691931;0.0007;0.0009;409;1;1;1;409;120;0.0004;0.0164;970;1057;0
"Default World Unity.Entities.EndInitializationEntityCommandBufferSystem";0.0008;0.0005;0.0181;680;877;881;6;6;1.08929997996893;0.0008892245;0.0007;0.0009;1225;1;1;1;1225;119;0.0005;0.0181;877;881;0.0007
"Default World Unity.Physics.Authoring.DisplayJointsSystem_Default";0.0008;0.0005;0.0109;757;397;219;8;8;1.05539998231689;0.000861551;0.0007;0.0009;1225;1;1;1;1225;119;0.0005;0.0109;397;219;0.0007
"UnityEngine.Physics2DModule.dll!UnityEngine.LowLevelPhysics2D::PhysicsEvents.InvokePostSimulate() [Invoke]";0.0008;0.0005;0.01;758;205;130;7;7;1.05919997341698;0.000864653;0.0007;0.0009999999;1895;2;1;2;1225;119;0;0.01;123;130;0.0011
"EngineJob";0.0008;0;0.0079;792;1197;622;9;13;1.00859998243686;0.0008732468;0.0007;0.0009;1379;1;1;10;1155;119;0;0.0079;129;622;0.0008
"LightCookies";0.0008;0.0003;0.0108;807;208;977;5;10;0.951399991172366;0.0007766531;0.0006;0.0009;1987;2;1;2;1225;119;0.0002;0.0104;121;977;0.0004
"Physics.Interpolation";0.0008;0.0005;0.008599999;815;215;372;4;4;1.05849998112535;0.0008640816;0.0007;0.0009999999;2450;2;2;2;1225;119;0;0.0085;127;372;0.0009
"Default World Unity.Transforms.LocalToWorldSystem";0.0008;0.0006;0.0162;824;126;297;7;7;1.09459998237435;0.000893551;0.0007;0.001;1225;1;1;1;1225;119;0.0006;0.0162;126;297;0.0007
"PostLateUpdate.UpdateRectTransform";0.0008;0.0004;0.0159;870;607;1049;3;3;1.12029998219805;0.0009145306;0.0007;0.0011;1225;1;1;1;1225;119;0.0004;0.0159;607;1049;0.0007
"Inl_Draw Decal Forward Emissive";0.0008;0.0004;0.0241;882;126;602;8;8;1.0766999857733;0.0008789388;0.0007;0.001;1225;1;1;1;1225;119;0.0004;0.0241;126;602;0.0008
"PostLateUpdate.VFXUpdate";0.0008;0.0005;0.0223;945;1306;510;3;3;1.08219998260029;0.0008834286;0.0008;0.0009;1225;1;1;1;1225;119;0.0005;0.0223;1306;510;0.0008
"GPUResidentDrawer.ProcessRendererMaterialAndMeshChanges";0.0008;0.0006;0.0084;949;121;395;5;5;1.16449998080498;0.0009506122;0.0007;0.0011;1225;1;1;1;1225;119;0.0006;0.0084;121;395;0.0008
"Physics2D.CollectProfileInfo";0.0008;0.0004;0.0196;958;485;424;4;4;1.11349998420337;0.0009089796;0.0007;0.001;1225;1;1;1;1225;119;0.0004;0.0196;485;424;0.0005
"Draw Decal Forward Emissive";0.0008;0.0003;0.1269;992;161;1033;4;9;1.10279997513862;0.0009002449;0.0006;0.0009;1987;2;1;2;1225;119;0.0001;0.1264;554;1033;0.0005
"ReflectionProbeAnchorPositionUpdate";0.0008;0.0005;0.0032;1056;367;811;9;11;1.07999995310092;0.0008816326;0.0007999999;0.0009999999;3675;3;3;3;1225;119;0.0001;0.0025;132;811;0.0007999999
"EarlyUpdate.ClearIntermediateRenderers";0.0008;0.0004;0.0126;1066;912;1135;3;3;1.09429998416454;0.0008933061;0.0007;0.001;1225;1;1;1;1225;119;0.0004;0.0126;912;1135;0.0008
"PreUpdate.PhysicsUpdate";0.0008;0.0006;0.0052;1111;125;1150;3;3;1.13299998268485;0.000924898;0.0007;0.0011;1225;1;1;1;1225;119;0.0006;0.0052;125;1150;0.0011
"CullSceneDynamicObjects";0.0008;0.0007;0.0018;1316;689;1193;11;11;0.00509999989299104;0.00102;0.0007;0.0011;5;1;1;1;5;689;0.0007;0.0018;689;1193;0
"Inl_Set Global Texture";0.0007;0.0004;0.0183;139;196;528;8;8;1.00019998068456;0.0008164898;0.0006;0.0009;2450;2;2;2;1225;119;0.0001;0.0177;155;528;0.0011
"UGUI.Rendering.EmitWorldScreenspaceCameraGeometry";0.0007;0.0004;0.0029;1056;161;900;3;4;0.981599979568273;0.0008013061;0.0006;0.0009999999;2450;2;2;2;1225;119;0.0002;0.0024;121;900;0.0005
"Unity.ResourceManager.dll!::MonoBehaviourCallbackHooks.Update() [Invoke]";0.0007;0.0004;0.0032;128;423;757;5;5;0.868199985678075;0.0007087347;0.0006;0.0008;1225;1;1;1;1225;119;0.0004;0.0032;423;757;0.0005
"Inl_Setup Debug Properties";0.0007;0.0004;0.0053;156;254;651;8;8;0.874199982499704;0.0007136326;0.0006;0.0008;1225;1;1;1;1225;119;0.0004;0.0053;254;651;0.0007
"Default World Unity.Physics.Authoring.DisplayBodyCollidersSystem";0.0007;0.0004;0.0141;259;131;248;8;8;0.881399984355085;0.0007195102;0.0006;0.0008;1225;1;1;1;1225;119;0.0004;0.0141;131;248;0.001
"Default World Unity.Rendering.SkinningDeformationSystem";0.0007;0.0004;0.0176;262;166;785;7;7;0.889499979588436;0.0007261224;0.0006;0.0008;1225;1;1;1;1225;119;0.0004;0.0176;166;785;0.0008
"FixedUpdate.PhysicsClothFixedUpdate";0.0007;0.0004;0.0026;301;182;559;3;3;0.867499985994073;0.0007081633;0.0006;0.0008;1895;2;1;2;1225;119;0;0.002;125;559;0.0005
"GC.Alloc";0.0007;0.0004;0.0024;445;383;564;7;7;0.866499974625185;0.0007073469;0.0006;0.0007;1225;1;1;1;1225;119;0.0004;0.0024;383;564;0.0006
"Default World Unity.Entities.CompanionGameObjectLiveBakingInitSystem";0.0007;0.0004;0.0132;682;924;610;6;6;0.918199980253121;0.000749551;0.0006;0.0008;1225;1;1;1;1225;119;0.0004;0.0132;924;610;0.0006
"EarlyUpdate.XRUpdate";0.0007;0.0005;0.0155;783;132;550;3;3;0.968599979998544;0.0007906939;0.0006;0.0009;1225;1;1;1;1225;119;0.0005;0.0155;132;550;0.0006
"UnityEngine.AIModule.dll!UnityEngine.AI::NavMesh.Internal_CallOnNavMeshPreUpdate() [Invoke]";0.0007;0.0004;0.0206;791;182;1284;4;4;1.02769998135045;0.0008389388;0.0006;0.0009;1225;1;1;1;1225;119;0.0004;0.0206;182;1284;0.0006
"Default World Unity.Entities.BeginPresentationEntityCommandBufferSystem";0.0007;0.0004;0.0206;835;126;869;6;6;0.956199990207097;0.0007805714;0.0006;0.0009;1225;1;1;1;1225;119;0.0004;0.0206;126;869;0.0007
"Default World Unity.Physics.GraphicsIntegration.SmoothRigidBodiesGraphicalMotion";0.0007;0.0004;0.0026;906;202;617;7;7;0.922199978784192;0.0007528163;0.0006;0.0008;1225;1;1;1;1225;119;0.0004;0.0026;202;617;0.0006
"Default World Unity.Entities.EntitiesJournaling+FrameCountSystem";0.0007;0.0004;0.0174;940;185;1105;6;6;0.943499980610795;0.0007702041;0.0006;0.0008;1225;1;1;1;1225;119;0.0004;0.0174;185;1105;0.0006
"UIEvents.CanvasManagerEmitOffScreenGeometry";0.0007;0.0003;0.0027;951;121;900;3;3;0.921299989713589;0.0007520816;0.0005;0.0009;1225;1;1;1;1225;119;0.0003;0.0027;121;900;0.0004
"FillQuadIndexBuffer";0.0007;0.0005;0.0014;976;121;481;4;4;0.0405999990180135;0.0007807692;0.0006;0.0009;52;1;1;1;52;121;0.0005;0.0014;121;481;0
"Default World Unity.Rendering.BlendShapeDeformationSystem";0.0007;0.0005;0.0159;994;384;941;7;7;0.958799976331647;0.0007826939;0.0007;0.0008;1225;1;1;1;1225;119;0.0005;0.0159;384;941;0.0006
"TerrainManager.CullAllTerrains";0.0007;0.0006;0.0212;1102;150;362;8;8;0.965199977799784;0.0007879183;0.0007;0.0008;1225;1;1;1;1225;119;0.0006;0.0212;150;362;0.0007
"AddNew";0.0007;0.0004;0.1794;1120;199;1107;7;7;1.13219997772831;0.0009242449;0.0006;0.0009;1225;1;1;1;1225;119;0.0004;0.1794;199;1107;0.0007
"Default World Unity.Transforms.ParentSystem";0.0007;0.0005;0.0145;1228;126;1103;7;7;1.00439998024376;0.0008199184;0.0006;0.0009;1225;1;1;1;1225;119;0.0005;0.0145;126;1103;0.0009
"LOD.ComputeLOD";0.0007;0.0004;0.0038;1228;924;207;9;10;0.972999986435752;0.0007942857;0.0006;0.0009;2450;2;2;2;1225;119;0;0.0031;135;207;0.0005
"PostLateUpdate.UpdateResolution";0.0007;0.0005;0.0086;1268;255;1157;3;3;0.979299979109783;0.0007994286;0.0007;0.0009;1225;1;1;1;1225;119;0.0005;0.0086;255;1157;0.0007
"PostLateUpdate.ShaderHandleErrors";0.0007;0.0004;0.0137;1343;387;156;3;3;0.991999979043612;0.0008097959;0.0007;0.0009;1225;1;1;1;1225;119;0.0004;0.0137;387;156;0.0005
"Default World Unity.Physics.Authoring.DisplayCollisionEventsSystem";0.0006;0.0003;0.0224;278;251;640;9;9;0.783899993111845;0.0006399184;0.0005;0.0007;2274;2;1;2;1225;119;0;0.0217;134;640;0.0006
"Inl_DecalEntityManager.SortChunks";0.0006;0.0003;0.0013;152;123;981;8;8;0.707099993480369;0.0005772245;0.0005;0.0006;1225;1;1;1;1225;119;0.0003;0.0013;123;981;0.0004
"PreLateUpdate.AIUpdatePostScript";0.0006;0.0003;0.0637;173;217;340;3;3;0.812299990735482;0.000663102;0.0005;0.0007;1225;1;1;1;1225;119;0.0003;0.0637;217;340;0.0004
"ObjectDispatcher.FilterInstancesJob";0.0006;0.0004;0.0078;504;148;622;10;10;0.730599994800286;0.0006342014;0.0005;0.0007;1152;1;1;1;1152;119;0.0004;0.0078;148;622;0.0007
"PostLateUpdate.UpdateAllSkinnedMeshes";0.0006;0.0003;0.0093;555;930;367;3;3;0.78419999347534;0.0006401633;0.0005;0.0007;1225;1;1;1;1225;119;0.0003;0.0093;930;367;0.0005
"FindBrightestDirectionalLight";0.0006;0.0003;0.0024;700;170;895;10;11;0.826499974180479;0.0006746938;0.0005;0.0008;2450;2;2;2;1225;119;0.0001;0.0019;132;895;0.0004
"EarlyUpdate.UnityWebRequestUpdate";0.0006;0.0003;0.0026;739;134;411;3;3;0.789199990307679;0.0006442449;0.0005;0.0007;1225;1;1;1;1225;119;0.0003;0.0026;134;411;0.0007
"Default World Unity.Entities.EndSimulationEntityCommandBufferSystem";0.0006;0.0003;0.0106;765;132;1306;6;6;0.821599988033995;0.0006706939;0.0005;0.0007;1225;1;1;1;1225;119;0.0003;0.0106;132;1306;0.0007
"Default World Unity.Rendering.RenderBoundsUpdateSystem";0.0006;0.0004;0.009;802;124;637;7;7;0.800099990214221;0.0006531429;0.0005;0.0007;1225;1;1;1;1225;119;0.0004;0.009;124;637;0.0005
"EarlyUpdate.AnalyticsCoreStatsUpdate";0.0006;0.0004;0.0079;820;121;833;3;3;0.813699990860187;0.0006642449;0.0005;0.0007;1225;1;1;1;1225;119;0.0004;0.0079;121;833;0.0007
"PostLateUpdate.ObjectDispatcherPostLateUpdate";0.0006;0.0004;0.009;867;179;1061;3;3;0.803499986504903;0.0006559184;0.0005;0.0007;1225;1;1;1;1225;119;0.0004;0.009;179;1061;0.0005
"EarlyUpdate.DispatchEventQueueEvents";0.0006;0.0003;0.0088;894;405;1123;3;3;0.82059999005287;0.0006698776;0.0005;0.0008;1225;1;1;1;1225;119;0.0003;0.0088;405;1123;0.0007
"Profiler.CollectEditorStats";0.0006;0.0002;0.0075;908;169;1243;1;1;0.798699986597057;0.000652;0.0005;0.0007;1225;1;1;1;1225;119;0.0002;0.0075;169;1243;0.0006
"UnityEngine.CoreModule.dll!UnityEngine.Rendering::OnDemandRendering.GetRenderFrameInterval() [Invoke]";0.0006;0.0004;0.0373;970;123;680;3;3;0.919599985878449;0.0007506938;0.0005;0.0008;1225;1;1;1;1225;119;0.0004;0.0373;123;680;0.0006
"CullResultsToNativeArrays";0.0006;0.0003;0.004;1190;660;772;8;8;0.841899988125078;0.0006872653;0.0005;0.0008;1225;1;1;1;1225;119;0.0003;0.004;660;772;0.0006
"UpdateEntitiesGraphicsBatches";0.0006;0.0004;0.0085;1324;1276;584;7;7;0.900999985489761;0.0007355102;0.0006;0.0008;1225;1;1;1;1225;119;0.0004;0.0085;1276;584;0.0008
"Default World Unity.Rendering.InstantiateDeformationSystem";0.0006;0.0004;0.002;1330;1127;674;7;7;0.851499978540232;0.000695102;0.0006;0.0008;1225;1;1;1;1225;119;0.0004;0.002;1127;674;0.0006
"PreLateUpdate.DirectorUpdateAnimationBegin";0.0005;0.0002;0.0085;203;157;618;3;3;0.601599991961848;0.0004911021;0.0004;0.0006;1225;1;1;1;1225;119;0.0002;0.0085;157;618;0.0004
"suspendPointHook.Invoke";0.0005;0.0002;0.002;235;1090;826;7;7;0.611099993038806;0.0004988571;0.0004;0.0006;1225;1;1;1;1225;119;0.0002;0.002;1090;826;0.0005
"Default World Unity.Physics.Authoring.PhysicsDebugDisplaySystem_Default";0.0005;0.0003;0.0163;258;134;254;8;8;0.648499991744757;0.0005293877;0.0004;0.0006;1225;1;1;1;1225;119;0.0003;0.0163;134;254;0.0005
"FixedBehaviourUpdate";0.0005;0.0002;0.0022;281;154;511;4;4;0.68799998612667;0.0005616326;0.0004;0.0007;1895;2;1;2;1225;119;0;0.0021;123;511;0.0003
"EarlyUpdate.UpdateCanvasRectTransform";0.0005;0.0002;0.0175;317;136;840;3;3;0.63419999499456;0.0005177143;0.0004;0.0006;1225;1;1;1;1225;119;0.0002;0.0175;136;840;0.0004
"PostLateUpdate.InputEndFrame";0.0005;0.0001;0.0022;341;736;619;3;3;0.606399990560021;0.0004950204;0.0004;0.0006;1225;1;1;1;1225;119;0.0001;0.0022;736;619;0.0004
"Default World Unity.Physics.Authoring.DisplayColliderAabbsSystem_Default";0.0005;0.0002;0.0193;427;707;1001;8;8;0.635099997045472;0.000518449;0.0004;0.0006;1225;1;1;1;1225;119;0.0002;0.0193;707;1001;0.0004
"EarlyUpdate.UpdateAsyncInstantiate";0.0005;0.0003;0.0197;440;120;472;3;3;0.651399995083921;0.0005317551;0.0004;0.0006;1225;1;1;1;1225;119;0.0003;0.0197;120;472;0.0004
"UnityEngine.AccessibilityModule.dll!UnityEngine.Accessibility::AccessibilityManager.Internal_LateUpdate() [Invoke]";0.0005;0.0003;0.0132;502;121;424;4;4;0.66859999432927;0.0005457959;0.0004;0.0006;1225;1;1;1;1225;119;0.0003;0.0132;121;424;0.0007
"ConstraintManager::Update";0.0005;0.0002;0.0041;608;125;684;4;4;0.651299992081476;0.0005316735;0.0004;0.0006;1225;1;1;1;1225;119;0.0002;0.0041;125;684;0.0005
"PostLateUpdate.TriggerEndOfFrameCallbacks";0.0005;0.0003;0.0092;760;921;1051;3;3;0.666500003106194;0.0005440816;0.0005;0.0006;1225;1;1;1;1225;119;0.0003;0.0092;921;1051;0.0007
"Default World Unity.Physics.Authoring.DisplayContactsSystem";0.0005;0.0002;0.004;829;709;598;9;9;0.768099985230947;0.0006270204;0.0004;0.0007;2274;2;1;2;1225;119;0;0.0035;156;470;0.0005
"EarlyUpdate.UpdateTextureStreamingManager";0.0005;0.0003;0.0079;936;132;193;3;3;0.674799998058006;0.0005508572;0.0005;0.0006;1225;1;1;1;1225;119;0.0003;0.0079;132;193;0.0005
"EarlyUpdate.UpdateStreamingManager";0.0005;0.0002;0.0027;961;300;723;3;3;0.672199997177813;0.0005487347;0.0005;0.0006;1225;1;1;1;1225;119;0.0002;0.0027;300;723;0.0005
"GarbageCollector.CollectIncremental";0.0005;0.0003;0.0501;1046;129;1043;4;4;0.88739999308018;0.0007244081;0.0005;0.0006;1225;1;1;1;1225;119;0.0003;0.0501;129;1043;0.0004
"RewindAllocators";0.0005;0.0003;0.0274;1066;695;674;7;7;0.718699999561068;0.0005866939;0.0005;0.0006;1225;1;1;1;1225;119;0.0003;0.0274;695;674;0.0005
"ContentLoadFrontend.IntegrateUpdate";0.0005;0.0002;0.0024;1151;387;757;4;4;0.703299998640432;0.0005741225;0.0005;0.0006;1225;1;1;1;1225;119;0.0002;0.0024;387;757;0.0006
"VoxGeoFol.VegetationRenderWorld.Prepare.EnsureGraph";0.0005;0.0003;0.0176;179;132;827;12;13;0.601799976313487;0.0004912653;0.0004;0.0005;2450;2;2;2;1225;119;0.0001;0.0174;121;827;0.0003
"ObjectDispatcher.CollectInstances";0.0005;0.0002;0.0415;214;127;1338;7;7;0.633099979793769;0.0005168163;0.0004;0.0006;6125;5;5;5;1225;119;0;0.0414;119;1338;0.0004
"FixedUpdate.LegacyFixedAnimationUpdate";0.0005;0.0002;0.0204;296;127;573;3;3;0.646299985353835;0.0005275919;0.0004;0.0006;1895;2;1;2;1225;119;0;0.0204;125;573;0.0006
"Camera.Render";0.0005;0.0002;0.0215;378;156;1079;2;3;0.595299976834212;0.0004859592;0.0003;0.0006;1987;2;1;2;1225;119;0.0001;0.0212;122;1079;0.0002
"Director.PrepareFrame";0.0005;0;0.0108;786;845;602;4;4;0.669599970584386;0.0005466122;0.0004;0.0007;9915;9;7;9;1225;119;0;0.0101;119;602;0.0007
"RayTracingAccelerationStructureManager.Update";0.0004;0.0002;0.0091;130;122;822;4;4;0.517699990916299;0.0004226122;0.0003;0.0005;1225;1;1;1;1225;119;0.0002;0.0091;122;822;0.0004
"Remove";0.0004;0.0002;0.0182;147;140;424;7;7;0.490799988590879;0.0004006531;0.0003;0.0004;1225;1;1;1;1225;119;0.0002;0.0182;140;424;0.0004
"EarlyUpdate.TilemapRendererEarlyUpdate";0.0004;0.0001;0.0084;230;169;946;3;3;0.483799988978717;0.0003949388;0.0003;0.0004;1225;1;1;1;1225;119;0.0001;0.0084;169;946;0.0002
"TextRendering.CollectGarbage";0.0004;0.0001;0.001;257;161;337;4;4;0.45769999150798;0.0003736326;0.0003;0.0004;1225;1;1;1;1225;119;0.0001;0.001;161;337;0.0003
"Profiler.FlushFileIOCounters";0.0004;0.0002;0.0013;308;119;619;2;2;0.469299988864805;0.000383102;0.0003;0.0004;1225;1;1;1;1225;119;0.0002;0.0013;119;619;0.0003
"Default World Unity.Physics.Authoring.DisplayBroadphaseAabbsSystem";0.0004;0.0002;0.0013;389;126;177;8;8;0.47829998951056;0.000390449;0.0003;0.0004;1225;1;1;1;1225;119;0.0002;0.0013;126;177;0.0004
"PostLateUpdate.GUIClearEvents";0.0004;0.0002;0.0163;389;122;169;3;3;0.505599989832263;0.0004127347;0.0003;0.0004;1225;1;1;1;1225;119;0.0002;0.0163;122;169;0.0002
"UpdateAllBatches";0.0004;0.0002;0.0082;406;122;584;8;8;0.52809998835437;0.000431102;0.0003;0.0004;1225;1;1;1;1225;119;0.0002;0.0082;122;584;0.0004
"Set Motion Vector Global Matrices";0.0004;0.0001;0.0125;456;1234;703;4;9;0.544399983824405;0.0004444082;0.0003;0.0005;1987;2;1;2;1225;119;0;0.0125;129;703;0.0003
"EarlyUpdate.PerformanceAnalyticsUpdate";0.0004;0.0002;0.0016;475;132;244;3;3;0.509899988974212;0.0004162449;0.0003;0.0005;1225;1;1;1;1225;119;0.0002;0.0016;132;244;0.0004
"PostLateUpdate.ScriptRunDelayedDynamicFrameRate";0.0004;0.0002;0.0086;494;126;190;3;3;0.50279999031045;0.000410449;0.0003;0.0005;1225;1;1;1;1225;119;0.0002;0.0086;126;190;0.0006
"Preload Single Step";0.0004;0.0002;0.0025;536;157;856;7;7;0.546199988442822;0.0004458776;0.0003;0.0005;1225;1;1;1;1225;119;0.0002;0.0025;157;856;0.0003
"EarlyUpdate.UpdateAsyncReadbackManager";0.0004;0.0002;0.0028;659;124;595;3;3;0.509399988135556;0.0004158367;0.0003;0.0004;1225;1;1;1;1225;119;0.0002;0.0028;124;595;0.0003
"SkinnedMeshOncePerFrameUpdate";0.0004;0.0003;0.0092;673;123;976;5;5;0.523599989915965;0.0004274286;0.0003;0.0004;1225;1;1;1;1225;119;0.0003;0.0092;123;976;0.0003
"AsyncUploadManager.ScheduleAsyncCommands";0.0004;0.0001;0.0017;677;125;671;3;3;0.303499990623095;0.000398294;0.0003;0.0005;1524;2;2;2;762;119;0;0.0016;119;671;0
"CleanUp.TextRenderingGarbageCollect";0.0004;0.0002;0.0102;792;156;1019;6;6;0.545099990733434;0.0004449796;0.0003;0.0005;1225;1;1;1;1225;119;0.0002;0.0102;156;1019;0.0005
"GPUResidentDrawer.FreeRendererGroupInstances";0.0004;0.0002;0.0162;815;130;1290;7;7;0.582699988095555;0.0004756735;0.0003;0.0006;1225;1;1;1;1225;119;0.0002;0.0162;130;1290;0.0003
"NavMeshManager";0.0004;0.0002;0.0635;843;166;340;4;4;0.621999993119971;0.0005077551;0.0003;0.0005;1225;1;1;1;1225;119;0.0002;0.0635;166;340;0.0004
"ParticleSystem.EndUpdateAll";0.0004;0.0001;0.0182;863;126;441;4;8;0.586699985346058;0.0004789388;0.0003;0.0005;4900;4;4;4;1225;119;0;0.0182;119;441;0.0005
"Default World Unity.Physics.Authoring.DisplayTriggerEventsSystem";0.0004;0.0002;0.0077;879;133;555;9;9;0.542899982319796;0.0004431837;0.0003;0.0005;2274;2;1;2;1225;119;0;0.0076;126;555;0.0004
"PostLateUpdate.UpdateVideoTextures";0.0004;0.0003;0.0046;914;120;762;3;3;0.53859999217093;0.0004396735;0.0004;0.0005;1225;1;1;1;1225;119;0.0003;0.0046;120;762;0.0004
"Unity.ResourceManager.dll!::MonoBehaviourCallbackHooks.LateUpdate() [Invoke]";0.0004;0.0002;0.0106;922;191;334;5;5;0.581899990516831;0.0004750204;0.0003;0.0005;1225;1;1;1;1225;119;0.0002;0.0106;191;334;0.0004
"Default World Unity.Physics.Authoring.DisplayBodyColliderEdges_Default";0.0004;0.0002;0.0195;933;136;233;8;8;0.58109999174485;0.0004743673;0.0004;0.0005;1225;1;1;1;1225;119;0.0002;0.0195;136;233;0.0003
"PostLateUpdate.SortingGroupsUpdate";0.0004;0.0002;0.0099;936;283;810;3;3;0.560999991459539;0.0004579592;0.0004;0.0005;1225;1;1;1;1225;119;0.0002;0.0099;283;810;0.0004
"GlobalEventQueue";0.0004;0.0002;0.0022;995;255;119;4;4;0.569199990903144;0.000464653;0.0003;0.0005;1225;1;1;1;1225;119;0.0002;0.0022;255;119;0.0003
"Connections.Poll";0.0004;0.0002;0.0187;1030;182;778;6;7;0.567799985961756;0.0004635102;0.0004;0.0005;2450;2;2;2;1225;119;0;0.0182;119;778;0.0004
"PostLateUpdate.ParticleSystemEndUpdateAll";0.0004;0.0002;0.0184;1074;161;441;3;3;0.63209998824459;0.000516;0.0003;0.0006;1225;1;1;1;1225;119;0.0002;0.0184;161;441;0.0005
"RenderTarget.GrabPixels";0.0004;0.0002;0.001;1081;256;361;6;6;0.0376999996806262;0.0004597561;0.0004;0.0005;82;1;1;1;82;121;0.0002;0.001;256;361;0
"Inl_DrawSkybox";0.0004;0.0002;0.0163;1088;174;1141;8;8;0.623699989591842;0.0005091429;0.0003;0.0006;1225;1;1;1;1225;119;0.0002;0.0163;174;1141;0.0004
"Default World Unity.Physics.Authoring.DisplayMassPropertiesSystem";0.0004;0.0002;0.0112;1195;225;731;8;8;0.577099994188757;0.000471102;0.0004;0.0005;1225;1;1;1;1225;119;0.0002;0.0112;225;731;0.0004
"CullSceneDynamicObjectsCombineJob";0.0004;0.0004;0.0005;1244;689;1193;10;10;0.00209999998332933;0.00042;0.0004;0.0004;5;1;1;1;5;689;0.0004;0.0005;689;1193;0
"Physics2D.SyncRigidbodyTransformChanges";0.0004;0.0002;0.0113;1261;126;307;6;6;0.602499984684982;0.0004918367;0.0004;0.0006;1895;2;1;2;1225;119;0.0001;0.0111;121;307;0.0007
"PostLateUpdate.UpdateVideo";0.0004;0.0002;0.0021;1335;223;560;3;3;0.586299994742149;0.0004786122;0.0004;0.0005;1225;1;1;1;1225;119;0.0002;0.0021;223;560;0.0003
"UI.RenderOverlays";0.0004;0.0002;0.0019;1336;199;189;5;10;0.595499987815856;0.0004861224;0.0004;0.0006;1987;2;1;2;1225;119;0;0.0019;120;189;0.0004
"VFX.CollectShadowCullResults";0.0003;0.0001;0.0146;199;236;502;9;9;0.388499992703146;0.0003171428;0.0002;0.0004;1225;1;1;1;1225;119;0.0001;0.0146;236;502;0.0002
"FrameEvents.XREndFrame";0.0003;0.0002;0.019;305;120;879;4;4;0.353999987186398;0.0002889796;0.0002;0.0003;1225;1;1;1;1225;119;0.0002;0.019;120;879;0.0003
"PreLateUpdate.LegacyAnimationUpdate";0.0003;0.0001;0.0023;308;162;674;3;3;0.348799990570114;0.0002847347;0.0002;0.0003;1225;1;1;1;1225;119;0.0001;0.0023;162;674;0.0003
"UpdateRendererBoundingVolumes";0.0003;0.0001;0.0143;389;125;202;5;5;0.38049998995848;0.0003106122;0.0002;0.0003;1225;1;1;1;1225;119;0.0001;0.0143;125;202;0.0003
"UIR.Free";0.0003;0.0002;0.0046;547;119;821;5;5;0.370499988363008;0.000302449;0.0002;0.0003;1225;1;1;1;1225;119;0.0002;0.0046;119;821;0.0002
"Flush DSP connections";0.0003;0.0001;0.0091;550;251;602;7;7;0.367699988164532;0.0003001633;0.0002;0.0003;1225;1;1;1;1225;119;0.0001;0.0091;251;602;0.0003
"FinalizeUpdateRendererBoundingVolumes";0.0003;0.0001;0.0417;586;133;218;5;5;0.405699985465617;0.0003311837;0.0002;0.0003;1225;1;1;1;1225;119;0.0001;0.0417;133;218;0.0003
"SoundManager.Update";0.0003;0.0001;0.0014;587;124;565;4;4;0.358199987298576;0.0002924082;0.0002;0.0003;1225;1;1;1;1225;119;0.0001;0.0014;124;565;0.0004
"ObjectDispatcher.SortInstances";0.0003;0.0002;0.0098;642;121;282;7;7;0.388799987878883;0.0003173877;0.0002;0.0003;1225;1;1;1;1225;119;0.0002;0.0098;121;282;0.0003
"QueuePrepareIntegrateMainThreadObjects";0.0003;0.0002;0.0035;649;120;810;9;10;0.372599985697889;0.0003041633;0.0002;0.0004;2450;2;2;2;1225;119;0.0001;0.0033;119;810;0.0004
"FixedUpdate.ScriptRunDelayedFixedFrameRate";0.0003;0.0001;0.0119;739;126;819;3;3;0.440599987508904;0.0003596735;0.0002;0.0004;1895;2;1;2;1225;119;0.0001;0.0114;121;819;0.0002
"Update.DirectorUpdate";0.0003;0.0001;0.0021;739;572;827;3;3;0.412999989814125;0.0003371428;0.0002;0.0004;1225;1;1;1;1225;119;0.0001;0.0021;572;827;0.0004
"EarlyUpdate.SpriteAtlasManagerUpdate";0.0003;0.0002;0.0017;743;126;244;3;3;0.393499989149859;0.0003212245;0.0002;0.0004;1225;1;1;1;1225;119;0.0002;0.0017;126;244;0.0002
"Update Lights";0.0003;0.0002;0.0101;754;122;315;4;4;0.414299988406128;0.0003382041;0.0002;0.0004;1225;1;1;1;1225;119;0.0002;0.0101;122;315;0.0002
"ApplyPass.PrepareKeywords";0.0003;0.0002;0.0016;774;129;560;12;12;0.391299987211823;0.0003194286;0.0003;0.0003;1225;1;1;1;1225;119;0.0002;0.0016;129;560;0.0002
"FixedUpdate.DirectorFixedUpdatePostPhysics";0.0003;0.0001;0.0112;980;156;602;3;3;0.43559998623823;0.0003555918;0.0002;0.0004;1895;2;1;2;1225;119;0.0001;0.0108;123;602;0.0002
"EarlyUpdate.ResetFrameStatsAfterPresent";0.0003;0.0001;0.0015;1023;912;360;3;3;0.435699986977852;0.0003556735;0.0003;0.0004;1225;1;1;1;1225;119;0.0001;0.0015;912;360;0.0003
"addCustomLights.Invoke";0.0003;0;0.0016;1033;557;675;11;11;0.428899983620795;0.0003501224;0.0003;0.0004;8575;7;7;7;1225;119;0;0.0012;119;675;0.0003
"Physics2D.SyncColliderTransformChanges";0.0003;0.0001;0.0084;1064;130;1138;6;6;0.487099988145928;0.0003976327;0.0002;0.0005;1895;2;1;2;1225;119;0;0.0084;216;1138;0.001
"GfxDeviceD3D12.InsertEditorWaitForPresentFence";0.0003;0.0002;0.0007;1077;124;510;2;2;0.268699992127949;0.0003526247;0.0003;0.0004;762;1;1;1;762;119;0.0002;0.0007;124;510;0
"FindDirectionalShadowCastingLights";0.0003;0.0002;0.0017;1088;388;563;10;10;0.442699984938372;0.0003613877;0.0003;0.0004;1225;1;1;1;1225;119;0.0002;0.0017;388;563;0.0003
"Director.ProcessFrame";0.0003;0;0.0085;1103;268;618;4;4;0.440499980482855;0.0003595918;0.0002;0.0005;9915;9;7;9;1225;119;0;0.0082;119;618;0.0002
"PreLateUpdate.DirectorDeferredEvaluate";0.0003;0.0002;0.0079;1127;120;247;3;3;0.456099987961352;0.0003723265;0.0003;0.0004;1225;1;1;1;1225;119;0.0002;0.0079;120;247;0.0003
"UnityEngine.UIModule.dll!UnityEngine::Canvas.SendWillRenderCanvases() [Invoke]";0.0003;0.0001;0.017;1138;1283;1104;6;6;0.468999985088885;0.0003828571;0.0003;0.0004;1225;1;1;1;1225;119;0.0001;0.017;1283;1104;0.0002
"PostLateUpdate.DirectorLateUpdate";0.0003;0.0001;0.0049;1206;993;925;3;3;0.449099990502873;0.0003666123;0.0003;0.0004;1225;1;1;1;1225;119;0.0001;0.0049;993;925;0.0003
"Physics2D.GetRayIntersection";0.0003;0.0001;0.0017;1294;287;900;6;6;0.465899989227182;0.0003803265;0.0003;0.0004;1225;1;1;1;1225;119;0.0001;0.0017;287;900;0.0002
"GPUResidentDrawer.ProcessLODGroups";0.0003;0.0002;0.0531;1323;127;252;5;5;0.530099989919108;0.0004327347;0.0003;0.0004;1225;1;1;1;1225;119;0.0002;0.0531;127;252;0.0005
"CompileRenderGraph";0.0003;0.0001;0.0167;1324;153;739;3;8;0.488699993940827;0.0003989388;0.0002;0.0005;1987;2;1;2;1225;119;0;0.0166;119;739;0.0002
"LowLevelPhysics2D.PhysicsWorld.WriteTransformTweens";0.0003;0.0001;0.0017;1325;871;562;5;5;0.466899989456579;0.0003811429;0.0003;0.0004;1225;1;1;1;1225;119;0.0001;0.0017;871;562;0.0003
"GPUResidentDrawer.TransformInstances";0.0002;0;0.0086;171;166;456;7;7;0.248699993382616;0.0002030204;0.0001;0.0002;1225;1;1;1;1225;119;0;0.0086;166;456;0.0001
"FixedUpdate.ClearLines";0.0002;0;0.0078;248;132;281;3;3;0.239599992979493;0.0001955918;0.0001;0.0002;1895;2;1;2;1225;119;0;0.0078;123;281;0.0001
"TextureStreamingManager.Update";0.0002;0;0.0074;318;403;193;4;4;0.221999993642385;0.0001812245;0.0001;0.0002;1225;1;1;1;1225;119;0;0.0074;403;193;0.0003
"EditorConnection.RefreshObservablePlayerList";0.0002;0;0.0021;346;127;897;5;5;0.231499993882608;0.0001889796;0.0001;0.0002;1225;1;1;1;1225;119;0;0.0021;127;897;0.0002
"PostLateUpdate.BatchModeUpdate";0.0002;0;0.0031;379;202;830;3;3;0.215899994509527;0.0001762449;0.0001;0.0002;1225;1;1;1;1225;119;0;0.0031;202;830;0.0002
"Initialization.SynchronizeState";0.0002;0.0001;0.0011;580;124;188;3;3;0.228699993967894;0.0001866939;0.0001;0.0002;1225;1;1;1;1225;119;0.0001;0.0011;124;188;0.0002
"WaitForLastPresentation";0.0002;0.0001;0.0099;593;119;1272;3;3;0.24599999369093;0.0002008163;0.0002;0.0002;1225;1;1;1;1225;119;0.0001;0.0099;119;1272;0.0002
"FindShadowCastingLights";0.0002;0.0001;0.0016;613;119;563;11;11;0.238199993822491;0.000194449;0.0002;0.0002;1225;1;1;1;1225;119;0.0001;0.0016;119;563;0.0002
"RenderTarget.SetActive";0.0002;0;0.0018;626;119;827;6;11;0.247099991320283;0.0002017143;0.0001;0.0003;7434;6;6;8;1225;119;0;0.0016;119;827;0.0002
"FixedUpdate.DirectorFixedSampleTime";0.0002;0;0.0072;708;246;347;3;3;0.284799991663022;0.0002324898;0.0001;0.0003;1895;2;1;2;1225;119;0;0.0072;121;347;0.0001
"UIEvents.UpdateCanvasRectTransform";0.0002;0;0.0096;800;263;313;4;4;0.294599991691939;0.0002404898;0.0001;0.0003;1225;1;1;1;1225;119;0;0.0096;263;313;0.0001
"ParticleSystem.WaitForPreviousRenderingToFinish";0.0002;0.0001;0.0037;838;119;1194;5;5;0.274299991673615;0.0002239184;0.0002;0.0003;1225;1;1;1;1225;119;0.0001;0.0037;119;1194;0.0002
"FixedUpdate.XRFixedUpdate";0.0002;0.0001;0.0086;856;119;1033;3;3;0.283599991467781;0.0002315102;0.0002;0.0003;1895;2;1;2;1225;119;0;0.0086;119;1033;0.0003
"Terrain.Trees.OnWillRender";0.0002;0;0.0007;870;123;571;9;11;0.268899990784121;0.0002195102;0.0002;0.0003;2450;2;2;2;1225;119;0;0.0006;119;859;0.0002
"GPUResidentDrawer.ProcessMeshes";0.0002;0.0001;0.01;886;121;493;5;5;0.288799991845735;0.0002357551;0.0002;0.0003;1225;1;1;1;1225;119;0.0001;0.01;121;493;0.0004
"PostLateUpdate.XRPreEndFrame";0.0002;0.0001;0.0049;933;120;216;3;3;0.296899993096304;0.0002423673;0.0002;0.0002;1225;1;1;1;1225;119;0.0001;0.0049;120;216;0.0002
"PreLateUpdate.DirectorUpdateAnimationEnd";0.0002;0.0001;0.0017;985;126;616;3;3;0.291399990986974;0.0002378775;0.0002;0.0003;1225;1;1;1;1225;119;0.0001;0.0017;126;616;0.0002
"GPUResidentDrawer.ProcessMaterials";0.0002;0.0001;0.0059;1073;125;481;5;5;0.310699991154252;0.0002536326;0.0002;0.0003;1225;1;1;1;1225;119;0.0001;0.0059;125;481;0.0005
"PostLateUpdate.PhysicsSkinnedClothFinishUpdate";0.0002;0.0001;0.0014;1074;150;829;3;3;0.305599990315386;0.0002494694;0.0002;0.0003;1225;1;1;1;1225;119;0.0001;0.0014;150;829;0.0003
"ClothScene.Update";0.0002;0.0001;0.0044;1077;177;1313;5;5;0.314199991204077;0.0002564898;0.0002;0.0003;1225;1;1;1;1225;119;0.0001;0.0044;177;1313;0.0001
"PostLateUpdate.XRPostLateUpdate";0.0002;0.0001;0.0197;1085;123;488;3;3;0.342299990676111;0.0002794286;0.0002;0.0003;1225;1;1;1;1225;119;0.0001;0.0197;123;488;0.0003
"ScheduleCullingGroups";0.0002;0.0001;0.0021;1091;191;738;8;8;0.309899990839767;0.0002529796;0.0002;0.0003;1225;1;1;1;1225;119;0.0001;0.0021;191;738;0.0004
"EarlyUpdate.GpuTimestamp";0.0002;0.0001;0.0016;1108;121;535;3;3;0.305299990999629;0.0002492245;0.0002;0.0003;1225;1;1;1;1225;119;0.0001;0.0016;121;535;0.0003
"Update.ScriptRunDelayedDynamicFrameRate";0.0002;0.0001;0.0017;1108;123;830;3;3;0.323199990911235;0.0002638367;0.0002;0.0003;1225;1;1;1;1225;119;0.0001;0.0017;123;830;0.0003
"Physics.CalculateChangedBodyTransforms";0.0002;0.0001;0.0008;1121;126;222;6;6;0.297099990129936;0.0002425306;0.0002;0.0003;1895;2;1;2;1225;119;0;0.0006;513;222;0.0002
"PostLateUpdate.DirectorRenderImage";0.0002;0.0001;0.0105;1293;226;1044;3;3;0.343099990350311;0.0002800816;0.0002;0.0003;1225;1;1;1;1225;119;0.0001;0.0105;226;1044;0.0002
"Inl_DecalUpdateCachedSystem.Execute";0.0001;0;0.0003;167;120;267;8;8;0.0653999983260292;5.338775E-05;0;0.0001;1225;1;1;1;1225;119;0;0.0003;120;267;0.0001
"PostLateUpdate.ResetInputAxis";0.0001;0;0.0014;180;119;560;3;3;0.0721999981251429;5.893877E-05;0;0.0001;1225;1;1;1;1225;119;0;0.0014;119;560;0
"Terrain.UpdateSplatProperties";0.0001;0;0.0003;383;121;449;9;9;0.0784999979950953;6.408163E-05;0;0.0001;1225;1;1;1;1225;119;0;0.0003;121;449;0.0001
"Inl_DecalCreateDrawCallSystem.Execute";0.0001;0;0.0005;413;119;279;8;8;0.0873999978211941;7.134693E-05;0;0.0001;1225;1;1;1;1225;119;0;0.0005;119;279;0.0001
"Inl_DecalUpdateCullingGroupsSystem.Execute";0.0001;0;0.0011;482;125;565;8;8;0.0933999976405175;7.62449E-05;0;0.0001;1225;1;1;1;1225;119;0;0.0011;125;565;0.0001
"PreLateUpdate.PhysicsLateUpdate";0.0001;0;0.0005;584;119;885;3;3;0.106199997273507;8.669387E-05;0.0001;0.0001;1225;1;1;1;1225;119;0;0.0005;119;885;0
"Inl_DecalDrawFowardEmissiveSystem.Execute";0.0001;0;0.0005;603;123;669;9;9;0.108699997195799;8.873469E-05;0.0001;0.0001;1225;1;1;1;1225;119;0;0.0005;123;669;0.0001
"ClothManager.UploadSimulatedSkinData";0.0001;0;0.0005;620;120;358;4;4;0.111699997258256;9.118367E-05;0.0001;0.0001;1225;1;1;1;1225;119;0;0.0005;120;358;0
"Default World Unity.Physics.Systems.DummySimulationSystem";0.0001;0;0.0148;629;122;711;9;9;0.130499997074367;0.0001065306;0;0.0001;2274;2;1;2;1225;119;0;0.0148;120;711;0.0001
"ConstraintManager::Update::JobSetup";0.0001;0;0.0032;659;122;860;5;5;0.136399996437831;0.0001113469;0;0.0002;1225;1;1;1;1225;119;0;0.0032;122;860;0.0002
"VFX Process Camera";0.0001;0;0.0005;761;151;167;4;9;0.133799996197922;0.0001092245;0;0.0002;1987;2;1;2;1225;119;0;0.0005;122;167;0.0001
"Inl_UniversalRenderPipeline.GetPerObjectLightFlags";0.0001;0;0.0005;787;121;485;8;8;0.129799996619113;0.0001059592;0.0001;0.0001;1225;1;1;1;1225;119;0;0.0005;121;485;0.0001
"Inl_DecalDrawIntoDBufferSystem.Execute";0.0001;0;0.0094;824;147;1309;9;9;0.148399996141961;0.0001211429;0.0001;0.0001;1225;1;1;1;1225;119;0;0.0094;147;1309;0.0002
"PreUpdate.CheckTexFieldInput";0.0001;0;0.0092;1035;120;544;3;3;0.185699995337927;0.0001515918;0.0001;0.0002;1225;1;1;1;1225;119;0;0.0092;120;544;0.0002
"DecalDrawFowardEmissiveSystem.Execute";0.0001;0;0.1261;1048;128;1033;5;10;0.286299998937466;0.0002337143;0.0001;0.0002;1987;2;1;2;1225;119;0;0.126;119;1033;0.0001
"Setup Debug Properties";0.0001;0;0.0013;1072;128;669;4;9;0.159599995429744;0.0001302857;0.0001;0.0002;1987;2;1;2;1225;119;0;0.0012;119;669;0.0001
"Application.FlushRenderStats";0.0001;0;0.0011;1082;855;671;2;2;0.16769999574899;0.000136898;0.0001;0.0002;1225;1;1;1;1225;119;0;0.0011;855;671;0.0002
"PostLateUpdate.EndGraphicsJobsAfterScriptLateUpdate";0.0001;0.0001;0.0008;1145;121;797;3;3;0.181899995142885;0.0001484898;0.0001;0.0002;1225;1;1;1;1225;119;0.0001;0.0008;121;797;0.0001
"DecalDrawIntoDBufferSystem.Execute";0.0001;0;0.006;1213;122;1176;5;10;0.184699994621042;0.0001507755;0.0001;0.0002;1987;2;1;2;1225;119;0;0.006;119;1176;0.0001
"Inl_DecalUpdateCulledSystem.Execute";0.0001;0;0.001;1214;190;872;8;8;0.198499994949088;0.0001620408;0.0001;0.0002;1225;1;1;1;1225;119;0;0.001;190;872;0.0001
"CullObjectsWithoutUmbra";0.0001;0.0001;0.0006;1244;689;1193;12;12;0.00099999996018596;0.0002;0.0001;0.0001;5;1;1;1;5;689;0.0001;0.0006;689;1193;0
"SortingGroupManager.Update";0.0001;0;0.0048;1319;962;617;4;4;0.200999994842277;0.0001640816;0.0001;0.0002;1225;1;1;1;1225;119;0;0.0048;962;617;0.0001
"GfxResource.Register";0;0;0;121;121;121;6;6;0;0;0;0;6;3;3;3;2;121;0;0;121;121;0
"Object.Register";0;0;0;121;121;121;6;6;0;0;0;0;2;1;1;1;2;121;0;0;121;121;0
"Object.SetName";0;0;0;121;121;121;6;6;0;0;0;0;2;1;1;1;2;121;0;0;121;121;0
"Asset Bundles";0;0;0;731;119;119;3;3;0;0;0;0;1225;1;1;1;1225;119;0;0;119;119;0
"Assets";0;0;0;731;119;119;3;3;0;0;0;0;1225;1;1;1;1225;119;0;0;119;119;0
"Audio Reads";0;0;0;731;119;119;3;3;0;0;0;0;1225;1;1;1;1225;119;0;0;119;119;0
"BeginJob";0;0;0;731;119;119;7;13;0;0;0;0;6359;5;2;18;1225;119;0;0;119;119;0
"Catalogs";0;0;0;731;119;119;3;3;0;0;0;0;1225;1;1;1;1225;119;0;0;119;119;0
"Command Process Time";0;0;0;731;119;119;3;3;0;0;0;0;1225;1;1;1;1225;119;0;0;119;119;0
"EndJob";0;0;0;731;119;119;7;13;0;0;0;0;6359;5;2;18;1225;119;0;0;119;119;0
"Entities Reads";0;0;0;731;119;119;3;3;0;0;0;0;1225;1;1;1;1225;119;0;0;119;119;0
"File Bytes Read";0;0;0;731;119;119;3;3;0;0;0;0;1225;1;1;1;1225;119;0;0;119;119;0
"File Bytes Written";0;0;0;731;119;119;3;3;0;0;0;0;1225;1;1;1;1225;119;0;0;119;119;0
"File Handles Open";0;0;0;731;119;119;3;3;0;0;0;0;1225;1;1;1;1225;119;0;0;119;119;0
"File Reads Finished";0;0;0;731;119;119;3;3;0;0;0;0;1225;1;1;1;1225;119;0;0;119;119;0
"File Reads Started";0;0;0;731;119;119;3;3;0;0;0;0;1225;1;1;1;1225;119;0;0;119;119;0
"File Seeks";0;0;0;731;119;119;3;3;0;0;0;0;1225;1;1;1;1225;119;0;0;119;119;0
"Files Closed";0;0;0;731;119;119;3;3;0;0;0;0;1225;1;1;1;1225;119;0;0;119;119;0
"Files Opened";0;0;0;731;119;119;3;3;0;0;0;0;1225;1;1;1;1225;119;0;0;119;119;0
"KickJobs";0;0;0;731;119;119;5;13;0;0;0;0;102647;88;60;92;1225;119;0;0;119;119;0
"Loaded Archives";0;0;0;731;119;119;3;3;0;0;0;0;1225;1;1;1;1225;119;0;0;119;119;0
"Loaded Files";0;0;0;731;119;119;3;3;0;0;0;0;1225;1;1;1;1225;119;0;0;119;119;0
"Loaded Objects";0;0;0;731;119;119;3;3;0;0;0;0;1225;1;1;1;1225;119;0;0;119;119;0
"Loaded Scenes";0;0;0;731;119;119;3;3;0;0;0;0;1225;1;1;1;1225;119;0;0;119;119;0
"Mesh Reads";0;0;0;731;119;119;3;3;0;0;0;0;1225;1;1;1;1225;119;0;0;119;119;0
"Object Load Requests";0;0;0;731;119;119;3;3;0;0;0;0;1225;1;1;1;1225;119;0;0;119;119;0
"Object Ref Count";0;0;0;731;119;119;3;3;0;0;0;0;1225;1;1;1;1225;119;0;0;119;119;0
"Object Release Requests";0;0;0;731;119;119;3;3;0;0;0;0;1225;1;1;1;1225;119;0;0;119;119;0
"Other Reads";0;0;0;731;119;119;3;3;0;0;0;0;1225;1;1;1;1225;119;0;0;119;119;0
"Reads in Flight";0;0;0;731;119;119;3;3;0;0;0;0;1225;1;1;1;1225;119;0;0;119;119;0
"Scene Load Requests";0;0;0;731;119;119;3;3;0;0;0;0;1225;1;1;1;1225;119;0;0;119;119;0
"Scene Unload Requests";0;0;0;731;119;119;3;3;0;0;0;0;1225;1;1;1;1225;119;0;0;119;119;0
"Scenes";0;0;0;731;119;119;3;3;0;0;0;0;1225;1;1;1;1225;119;0;0;119;119;0
"ScheduleAllocJob";0;0;0;731;119;119;5;13;0;0;0;0;52876;44;25;52;1225;119;0;0;119;119;0
"ScheduleJob";0;0;0;731;119;119;2;14;0;0;0;0;141418;118;92;141;1225;119;0;0;119;119;0
"Scripting Reads";0;0;0;731;119;119;3;3;0;0;0;0;1225;1;1;1;1225;119;0;0;119;119;0
"Texture Reads";0;0;0;731;119;119;3;3;0;0;0;0;1225;1;1;1;1225;119;0;0;119;119;0
"Virtual Texture Reads";0;0;0;731;119;119;3;3;0;0;0;0;1225;1;1;1;1225;119;0;0;119;119;0
"WaitForCompleted";0;0;0;731;119;119;2;13;0;0;0;0;69145;58;45;59;1225;119;0;0;119;119;0
"PostLateUpdate.UpdateCaptureScreenshot";0;0;0.0003;1060;119;1290;3;3;0.0436999988887692;3.567347E-05;0;0.0001;1225;1;1;1;1225;119;0;0.0003;119;1290;0
"CullingGroupSendEvents";0;0;0.0001;1084;120;119;8;8;0.0449999988632044;3.673469E-05;0;0.0001;1225;1;1;1;1225;119;0;0.0001;120;119;0
"UIEvents.AlignCanvasRectTransformWithCamera";0;0;0.0015;1133;120;759;4;4;0.0499999987732735;4.081633E-05;0;0.0001;1225;1;1;1;1225;119;0;0.0015;120;759;0
"Physics.WriteRigidbodyPoses";0;0;0.0004;1199;119;500;6;6;0.061199998453958;4.995918E-05;0;0.0001;1895;2;1;2;1225;119;0;0.0003;119;500;0.0001
"Physics.WriteColliderPoses";0;0;0.0004;1224;119;166;6;6;0.0612999984368798;5.004082E-05;0;0.0001;1895;2;1;2;1225;119;0;0.0004;119;537;0
"CombineJobResults";0;0;0.0001;1244;1061;689;11;11;9.99999974737875E-05;2E-05;0;0;5;1;1;1;5;689;0;0.0001;1061;689;0
"Inl_DecalDrawErrorSystem.Execute";0;0;0.0003;1274;119;889;8;8;0.0573999985426781;4.685714E-05;0;0.0001;1225;1;1;1;1225;119;0;0.0003;119;889;0.0001
"Send messages";0;0;0.0053;1281;121;407;5;5;0.0876999978572712;7.159184E-05;0;0.0001;1225;1;1;1;1225;119;0;0.0053;121;407;0.0001
