Name; Median Time; Min Time; Max Time; Median Frame Index; Min Frame Index; Max Frame Index; Min Depth; Max Depth; Total Time; Mean Time; Time Lower Quartile; Time Upper Quartile; Count Total; Count Median; Count Min; Count Max; Number of frames containing Marker; First Frame Index; Time Min Individual; Time Max Individual; Min Individual Frame; Max Individual Frame; Time at Median Frame
"PlayerLoop";23.2639;23.2639;23.2639;177;177;177;1;1;23.2639007568359;23.2639;23.2639;23.2639;3;3;3;3;1;177;0.0002;21.6191;177;177;23.2639
"UpdateScene";21.6189;21.6189;21.6189;177;177;177;2;2;21.6189002990723;21.6189;21.6189;21.6189;1;1;1;1;1;177;21.6189;21.6189;177;177;21.6189
"TimeUpdate.WaitForLastPresentationAndUpdateTime";20.4189;20.4189;20.4189;177;177;177;3;3;20.4188995361328;20.4189;20.4189;20.4189;1;1;1;1;1;177;20.4189;20.4189;177;177;20.4189
"EditorLoop";1.7762;1.7762;1.7762;177;177;177;1;1;1.77620005607605;1.7762;1.7762;1.7762;4;4;4;4;1;177;0.0614;0.998;177;177;1.7762
"RenderPlayModeViewCameras";1.6444;1.6444;1.6444;177;177;177;2;2;1.6444000005722;1.6444;1.6444;1.6444;1;1;1;1;1;177;1.6444;1.6444;177;177;1.6444
"UnityEngine.CoreModule.dll!UnityEngine.Rendering::RenderPipelineManager.DoRenderLoop_Internal() [Invoke]";1.617;1.617;1.617;177;177;177;3;3;1.61699998378754;1.617;1.617;1.617;1;1;1;1;1;177;1.617;1.617;177;177;1.617
"Inl_UniversalRenderTotal";1.5957;1.5957;1.5957;177;177;177;4;4;1.59570002555847;1.5957;1.5957;1.5957;1;1;1;1;1;177;1.5957;1.5957;177;177;1.5957
"Inl_RenderCameraStack";1.5643;1.5643;1.5643;177;177;177;5;5;1.56429994106293;1.5643;1.5643;1.5643;1;1;1;1;1;177;1.5643;1.5643;177;177;1.5643
"Inl_UniversalRenderPipeline.RenderSingleCameraInternal: Main Camera";1.0754;1.0754;1.0754;177;177;177;6;6;1.07539999485016;1.0754;1.0754;1.0754;1;1;1;1;1;177;1.0754;1.0754;177;177;1.0754
"UnityEngine.CoreModule.dll!::UpdateFunction.Invoke() [Invoke]";0.7372;0.7372;0.7372;177;177;177;4;4;0.737200021743774;0.7372;0.7372;0.7372;8;8;8;8;1;177;0.0029;0.2857;177;177;0.7372
"Inl_ExecuteRenderGraph";0.4154;0.4154;0.4154;177;177;177;7;7;0.415399998426437;0.4154;0.4154;0.4154;1;1;1;1;1;177;0.4154;0.4154;177;177;0.4154
"Inl_ScriptableRenderContext.Submit";0.394;0.394;0.394;177;177;177;6;6;0.393999993801117;0.394;0.394;0.394;1;1;1;1;1;177;0.394;0.394;177;177;0.394
"UniversalRenderPipeline.RenderSingleCameraInternal: Main Camera";0.3296;0.3296;0.3296;177;177;177;7;7;0.329600006341934;0.3296;0.3296;0.3296;1;1;1;1;1;177;0.3296;0.3296;177;177;0.3296
"ExecuteRenderGraph";0.2939;0.2939;0.2939;177;177;177;8;8;0.293900012969971;0.2939;0.2939;0.2939;1;1;1;1;1;177;0.2939;0.2939;177;177;0.2939
"SimulationSystemGroup";0.2865;0.2865;0.2865;177;177;177;3;3;0.286500006914139;0.2865;0.2865;0.2865;1;1;1;1;1;177;0.2865;0.2865;177;177;0.2865
"Default World Unity.Entities.SimulationSystemGroup";0.2831;0.2831;0.2831;177;177;177;5;5;0.283100008964539;0.2831;0.2831;0.2831;1;1;1;1;1;177;0.2831;0.2831;177;177;0.2831
"Inl_RecordRenderGraph";0.2533;0.2533;0.2533;177;177;177;7;7;0.25330001115799;0.2533;0.2533;0.2533;1;1;1;1;1;177;0.2533;0.2533;177;177;0.2533
"Default World Unity.Entities.FixedStepSimulationSystemGroup";0.2477;0.2477;0.2477;177;177;177;6;6;0.24770000576973;0.2477;0.2477;0.2477;1;1;1;1;1;177;0.2477;0.2477;177;177;0.2477
"Inl_On Record Render Graph";0.2454;0.2454;0.2454;177;177;177;8;8;0.245399996638298;0.2454;0.2454;0.2454;1;1;1;1;1;177;0.2454;0.2454;177;177;0.2454
"Default World Unity.Physics.Systems.PhysicsSystemGroup";0.2121;0.2121;0.2121;177;177;177;7;7;0.212099999189377;0.2121;0.2121;0.2121;1;1;1;1;1;177;0.2121;0.2121;177;177;0.2121
"Profiler.FlushCounters";0.2021;0.2021;0.2021;177;177;177;1;1;0.202099993824959;0.2021;0.2021;0.2021;1;1;1;1;1;177;0.2021;0.2021;177;177;0.2021
"CullScriptable";0.1985;0.1985;0.1985;177;177;177;7;7;0.198499992489815;0.1985;0.1985;0.1985;1;1;1;1;1;177;0.1985;0.1985;177;177;0.1985
"Profiler.FlushMemoryCounters";0.1906;0.1906;0.1906;177;177;177;2;2;0.190599992871284;0.1906;0.1906;0.1906;1;1;1;1;1;177;0.1906;0.1906;177;177;0.1906
"SceneCulling";0.1753;0.1753;0.1753;177;177;177;8;8;0.175300002098083;0.1753;0.1753;0.1753;1;1;1;1;1;177;0.1753;0.1753;177;177;0.1753
"UnityEngine.CoreModule.dll!UnityEngine.Rendering::BatchRendererGroup.InvokeOnPerformCulling() [Invoke]";0.1641;0.1641;0.1641;177;177;177;8;9;0.164099991321564;0.1641;0.1641;0.1641;4;4;4;4;1;177;0.0017;0.1223;177;177;0.1641
"PresentationSystemGroup";0.1486;0.1486;0.1486;177;177;177;3;3;0.148599997162819;0.1486;0.1486;0.1486;1;1;1;1;1;177;0.1486;0.1486;177;177;0.1486
"Default World Unity.Entities.PresentationSystemGroup";0.1463;0.1463;0.1463;177;177;177;5;5;0.146300002932549;0.1463;0.1463;0.1463;1;1;1;1;1;177;0.1463;0.1463;177;177;0.1463
"InitializationSystemGroup";0.1279;0.1279;0.1279;177;177;177;3;3;0.127900004386902;0.1279;0.1279;0.1279;1;1;1;1;1;177;0.1279;0.1279;177;177;0.1279
"Default World Unity.Entities.InitializationSystemGroup";0.1244;0.1244;0.1244;177;177;177;5;5;0.124399997293949;0.1244;0.1244;0.1244;1;1;1;1;1;177;0.1244;0.1244;177;177;0.1244
"GPUResidentDrawer";0.1142;0.1142;0.1142;177;177;177;3;3;0.114199995994568;0.1142;0.1142;0.1142;1;1;1;1;1;177;0.1142;0.1142;177;177;0.1142
"Inl_VoxGeoFol.Vegetation.ShadowPass";0.1131;0.1131;0.1131;177;177;177;8;8;0.113099999725819;0.1131;0.1131;0.1131;1;1;1;1;1;177;0.1131;0.1131;177;177;0.1131
"VoxGeoFol.VegetationRenderPass.DrawShadow.CommandBuffer";0.1121;0.1121;0.1121;177;177;177;9;9;0.112099997699261;0.1121;0.1121;0.1121;1;1;1;1;1;177;0.1121;0.1121;177;177;0.1121
"Default World Unity.Physics.Systems.PhysicsInitializeGroup";0.1086;0.1086;0.1086;177;177;177;8;8;0.108599998056889;0.1086;0.1086;0.1086;1;1;1;1;1;177;0.1086;0.1086;177;177;0.1086
"Default World Unity.Physics.Systems.PhysicsInitializeGroupInternal";0.1052;0.1052;0.1052;177;177;177;9;9;0.105200000107288;0.1052;0.1052;0.1052;1;1;1;1;1;177;0.1052;0.1052;177;177;0.1052
"VoxGeoFol.AuthoringContainerRuntime.PrepareGpuResidentFrame";0.0889;0.0889;0.0889;177;177;177;11;11;0.0888999998569489;0.0889;0.0889;0.0889;5;5;5;5;1;177;0.0071;0.0424;177;177;0.0889
"Default World Unity.Physics.Systems.PhysicsBuildWorldGroup";0.0846;0.0846;0.0846;177;177;177;10;10;0.0846000015735626;0.0846;0.0846;0.0846;1;1;1;1;1;177;0.0846;0.0846;177;177;0.0846
"VoxGeoFol.VegetationGpuDecisionPipeline.PrepareResidentFrame";0.0791;0.0791;0.0791;177;177;177;12;12;0.0790999978780746;0.0791;0.0791;0.0791;5;5;5;5;1;177;0.0067;0.0395;177;177;0.0791
"VoxGeoFol.AuthoringContainerRuntime.PrepareFrameForFrustum";0.0672;0.0672;0.0672;177;177;177;10;10;0.0671999976038933;0.0672;0.0672;0.0672;4;4;4;4;1;177;0.0073;0.044;177;177;0.0672
"RenderLoop.ScheduleDraw";0.0592;0.0592;0.0592;177;177;177;10;11;0.0592000000178814;0.0592;0.0592;0.0592;11;11;11;11;1;177;0.0002;0.0144;177;177;0.0592
"Draw Main Light Shadowmap";0.0568;0.0568;0.0568;177;177;177;9;9;0.0568000003695488;0.0568;0.0568;0.0568;1;1;1;1;1;177;0.0568;0.0568;177;177;0.0568
"MainLightShadow";0.0558;0.0558;0.0558;177;177;177;10;10;0.0557999983429909;0.0558;0.0558;0.0558;1;1;1;1;1;177;0.0558;0.0558;177;177;0.0558
"Default World Unity.Rendering.RegisterMaterialsAndMeshesSystem";0.0546;0.0546;0.0546;177;177;177;6;6;0.0546000003814697;0.0546;0.0546;0.0546;1;1;1;1;1;177;0.0546;0.0546;177;177;0.0546
"GPUResidentDrawer.DispatchChanges";0.0539;0.0539;0.0539;177;177;177;5;5;0.0538999997079372;0.0539;0.0539;0.0539;1;1;1;1;1;177;0.0539;0.0539;177;177;0.0539
"Shadows.ExecuteDrawShadows";0.0529;0.0529;0.0529;177;177;177;11;11;0.0529000014066696;0.0529;0.0529;0.0529;4;4;4;4;1;177;0.006;0.0295;177;177;0.0529
"RegisterMaterialsAndMeshes";0.0527;0.0527;0.0527;177;177;177;7;7;0.0526999980211258;0.0527;0.0527;0.0527;1;1;1;1;1;177;0.0527;0.0527;177;177;0.0527
"VoxGeoFol.Vegetation.ShadowPass";0.0504;0.0504;0.0504;177;177;177;9;9;0.0504000000655651;0.0504;0.0504;0.0504;1;1;1;1;1;177;0.0504;0.0504;177;177;0.0504
"JobHandle.Complete";0.0478;0.0478;0.0478;177;177;177;5;12;0.0477999970316887;0.0478;0.0478;0.0478;21;21;21;21;1;177;0.0003;0.0085;177;177;0.0478
"Default World Unity.Physics.Systems.PhysicsSimulationGroup";0.0456;0.0456;0.0456;177;177;177;8;8;0.0456000007688999;0.0456;0.0456;0.0456;1;1;1;1;1;177;0.0456;0.0456;177;177;0.0456
"Inl_Setup Forward Lights";0.0455;0.0455;0.0455;177;177;177;8;8;0.045499999076128;0.0455;0.0455;0.0455;1;1;1;1;1;177;0.0455;0.0455;177;177;0.0455
"Inl_Setup Light Constants";0.0439;0.0439;0.0439;177;177;177;9;9;0.0438999980688095;0.0439;0.0439;0.0439;1;1;1;1;1;177;0.0439;0.0439;177;177;0.0439
"RuntimeContentSystem";0.0435;0.0435;0.0435;177;177;177;3;3;0.0434999987483025;0.0435;0.0435;0.0435;1;1;1;1;1;177;0.0435;0.0435;177;177;0.0435
"CullShadowCastersScriptable";0.0434;0.0434;0.0434;177;177;177;7;7;0.0434000007808208;0.0434;0.0434;0.0434;1;1;1;1;1;177;0.0434;0.0434;177;177;0.0434
"PreUpdate.SendMouseEvents";0.041;0.041;0.041;177;177;177;3;3;0.0410000011324883;0.041;0.041;0.041;1;1;1;1;1;177;0.041;0.041;177;177;0.041
"Monobehaviour.OnMouse_";0.0407;0.0407;0.0407;177;177;177;4;4;0.0406999997794628;0.0407;0.0407;0.0407;1;1;1;1;1;177;0.0407;0.0407;177;177;0.0407
"UnityEngine.InputLegacyModule.dll!UnityEngine::SendMouseEvents.DoSendMouseEvents() [Invoke]";0.0395;0.0395;0.0395;177;177;177;5;5;0.0394999980926514;0.0395;0.0395;0.0395;1;1;1;1;1;177;0.0395;0.0395;177;177;0.0395
"Compute.Dispatch";0.03849998;0.03849998;0.03849998;177;177;177;9;14;0.0384999848902225;0.03849998;0.03849998;0.03849998;77;77;77;77;1;177;0.0001;0.0019;177;177;0.03849998
"Shadows.ScheduleRenderJobs";0.0343;0.0343;0.0343;177;177;177;12;12;0.0342999994754791;0.0343;0.0343;0.0343;4;4;4;4;1;177;0.0034;0.0211;177;177;0.0343
"VoxGeoFol.VegetationRenderPass.DrawContainers.Raster";0.0343;0.0343;0.0343;177;177;177;9;9;0.0342999994754791;0.0343;0.0343;0.0343;2;2;2;2;1;177;0.0027;0.0316;177;177;0.0343
"Inl_Vegetation Depth Pass";0.0322;0.0322;0.0322;177;177;177;8;8;0.032200001180172;0.0322;0.0322;0.0322;1;1;1;1;1;177;0.0322;0.0322;177;177;0.0322
"ObjectDispatcher.DispatchTypeChanges";0.031;0.031;0.031;177;177;177;6;6;0.0309999994933605;0.031;0.031;0.031;5;5;5;5;1;177;0.0018;0.019;177;177;0.031
"PlayerConnection.Poll";0.031;0.031;0.031;177;177;177;4;5;0.0309999994933605;0.031;0.031;0.031;2;2;2;2;1;177;0.0025;0.0285;177;177;0.031
"Default World Unity.Rendering.StructuralChangePresentationSystemGroup";0.0304;0.0304;0.0304;177;177;177;6;6;0.0304000005125999;0.0304;0.0304;0.0304;1;1;1;1;1;177;0.0304;0.0304;177;177;0.0304
"EarlyUpdate.PollPlayerConnection";0.0288;0.0288;0.0288;177;177;177;3;3;0.0287999995052814;0.0288;0.0288;0.0288;1;1;1;1;1;177;0.0288;0.0288;177;177;0.0288
"Default World Unity.Physics.Systems.IntegrityCheckSystem";0.0275;0.0275;0.0275;177;177;177;11;11;0.0274999998509884;0.0275;0.0275;0.0275;1;1;1;1;1;177;0.0275;0.0275;177;177;0.0275
"Inl_Forward+ Setup";0.0271;0.0271;0.0271;177;177;177;9;9;0.0271000005304813;0.0271;0.0271;0.0271;1;1;1;1;1;177;0.0271;0.0271;177;177;0.0271
"VoxGeoFol.AuthoringContainerRuntime.PrepareFrameForCamera";0.0268;0.0268;0.0268;177;177;177;10;10;0.0267999991774559;0.0268;0.0268;0.0268;2;2;2;2;1;177;0.0003;0.0265;177;177;0.0268
"Default World Unity.Scenes.Editor.LiveConversionEditorSystemGroup";0.0267;0.0267;0.0267;177;177;177;6;6;0.0266999993473291;0.0267;0.0267;0.0267;1;1;1;1;1;177;0.0267;0.0267;177;177;0.0267
"Inl_NRPRGComp_ExecuteBeginRenderpassCommand";0.0263;0.0263;0.0263;177;177;177;8;8;0.0263000000268221;0.0263;0.0263;0.0263;9;9;9;9;1;177;0.0013;0.0082;177;177;0.0263
"Inl_UniversalRenderPipeline.ComputeShadowCasterCullingInfos";0.0254;0.0254;0.0254;177;177;177;7;7;0.0253999996930361;0.0254;0.0254;0.0254;1;1;1;1;1;177;0.0254;0.0254;177;177;0.0254
"Update.ScriptRunBehaviourUpdate";0.025;0.025;0.025;177;177;177;3;3;0.025000000372529;0.025;0.025;0.025;1;1;1;1;1;177;0.025;0.025;177;177;0.025
"Default World Unity.Physics.Systems.EnsureUniqueColliderSystem";0.0245;0.0245;0.0245;177;177;177;8;9;0.0245000012218952;0.0245;0.0245;0.0245;2;2;2;2;1;177;0.0019;0.0226;177;177;0.0245
"BehaviourUpdate";0.0242;0.0242;0.0242;177;177;177;4;4;0.0241999998688698;0.0242;0.0242;0.0242;1;1;1;1;1;177;0.0242;0.0242;177;177;0.0242
"Default World Unity.Physics.Systems.BeforePhysicsSystemGroup";0.0242;0.0242;0.0242;177;177;177;8;8;0.0241999998688698;0.0242;0.0242;0.0242;1;1;1;1;1;177;0.0242;0.0242;177;177;0.0242
"Inl_InstanceOcclusionTest";0.024;0.024;0.024;177;177;177;8;8;0.0240000002086163;0.024;0.024;0.024;3;3;3;3;1;177;0.0035;0.0163;177;177;0.024
"Default World Unity.Physics.Systems.BuildPhysicsWorld";0.0235;0.0235;0.0235;177;177;177;11;11;0.0234999991953373;0.0235;0.0235;0.0235;1;1;1;1;1;177;0.0235;0.0235;177;177;0.0235
"Default World VoxGeoFol.Features.Vegetation.SubScene.SubSceneVegetationBootstrapSystem";0.0233;0.0233;0.0233;177;177;177;6;6;0.0232999995350838;0.0233;0.0233;0.0233;1;1;1;1;1;177;0.0233;0.0233;177;177;0.0233
"Vegetation Color Pass";0.023;0.023;0.023;177;177;177;9;9;0.0230000000447035;0.023;0.023;0.023;1;1;1;1;1;177;0.023;0.023;177;177;0.023
"PreUpdate.NewInputUpdate";0.0223;0.0223;0.0223;177;177;177;3;3;0.022299999371171;0.0223;0.0223;0.0223;1;1;1;1;1;177;0.0223;0.0223;177;177;0.0223
"Default World Unity.Scenes.SceneSystemGroup";0.0221;0.0221;0.0221;177;177;177;6;6;0.0220999997109175;0.0221;0.0221;0.0221;1;1;1;1;1;177;0.0221;0.0221;177;177;0.0221
"VoxGeoFol.VegetationIndirectRenderer.Render";0.0218;0.0218;0.0218;177;177;177;10;10;0.0218000002205372;0.0218;0.0218;0.0218;6;6;6;6;1;177;0.0019;0.01;177;177;0.0218
"Inl_ComputeHashRenderGraph";0.0216;0.0216;0.0216;177;177;177;7;7;0.0216000005602837;0.0216;0.0216;0.0216;1;1;1;1;1;177;0.0216;0.0216;177;177;0.0216
"Inl_CopyDepth";0.0216;0.0216;0.0216;177;177;177;8;9;0.0216000005602837;0.0216;0.0216;0.0216;2;2;2;2;1;177;0.0102;0.0114;177;177;0.0216
"Inl_NRPRGComp_ExecuteInitializeResources";0.0216;0.0216;0.0216;177;177;177;8;8;0.0215999986976385;0.0216;0.0216;0.0216;32;32;32;32;1;177;0;0.0042;177;177;0.0216
"PostLateUpdate.UpdateAudio";0.0209;0.0209;0.0209;177;177;177;3;3;0.0208999998867512;0.0209;0.0209;0.0209;1;1;1;1;1;177;0.0209;0.0209;177;177;0.0209
"Shadows.DrawSRPBatcher";0.0207;0.0207;0.0207;177;177;177;13;13;0.0207000002264977;0.0207;0.0207;0.0207;4;4;4;4;1;177;0.0017;0.0143;177;177;0.0207
"UnityEngine.IMGUIModule.dll!UnityEngine::GUIUtility.SetSkin() [Invoke]";0.0207;0.0207;0.0207;177;177;177;3;3;0.0207000002264977;0.0207;0.0207;0.0207;1;1;1;1;1;177;0.0207;0.0207;177;177;0.0207
"RenderLoop.DrawSRPBatcher";0.0205;0.0205;0.0205;177;177;177;12;12;0.0205000005662441;0.0205;0.0205;0.0205;3;3;3;3;1;177;0.0021;0.0115;177;177;0.0205
"Default World Unity.Scenes.Editor.EditorSubSceneLiveConversionSystem";0.0198;0.0198;0.0198;177;177;177;7;7;0.0197999998927116;0.0198;0.0198;0.0198;1;1;1;1;1;177;0.0198;0.0198;177;177;0.0198
"AudioManager.Update";0.0196;0.0196;0.0196;177;177;177;4;4;0.0196000002324581;0.0196;0.0196;0.0196;1;1;1;1;1;177;0.0196;0.0196;177;177;0.0196
"UnityEngine.CoreModule.dll!UnityEngine.Rendering::BatchRendererGroup.InvokeOnFinishedCulling() [Invoke]";0.0192;0.0192;0.0192;177;177;177;7;7;0.0191999990493059;0.0192;0.0192;0.0192;4;4;4;4;1;177;0.0001;0.0185;177;177;0.0192
"FixedUpdate.Physics2DFixedUpdate";0.0188;0.0188;0.0188;177;177;177;3;3;0.0187999997287989;0.0188;0.0188;0.0188;2;2;2;2;1;177;0.0036;0.0152;177;177;0.0188
"WaitForJobGroupID";0.0186;0.0186;0.0186;177;177;177;6;13;0.0186000000685453;0.0186;0.0186;0.0186;5;5;5;5;1;177;0.0015;0.0064;177;177;0.0186
"Default World Unity.Rendering.EntitiesGraphicsSystem";0.0181;0.0181;0.0181;177;177;177;6;6;0.0180999990552664;0.0181;0.0181;0.0181;1;1;1;1;1;177;0.0181;0.0181;177;177;0.0181
"Inl_NRPRGComp_ExecuteDestroyResources";0.0181;0.0181;0.0181;177;177;177;8;8;0.0180999990552664;0.0181;0.0181;0.0181;32;32;32;32;1;177;0.0001;0.0054;177;177;0.0181
"Default World Unity.Entities.UpdateWorldTimeSystem";0.018;0.018;0.018;177;177;177;6;6;0.0179999992251396;0.018;0.018;0.018;1;1;1;1;1;177;0.018;0.018;177;177;0.018
"Shadows.PrepareDrawShadows";0.018;0.018;0.018;177;177;177;7;7;0.0179999992251396;0.018;0.018;0.018;2;2;2;2;1;177;0.006;0.012;177;177;0.018
"CopyDepth";0.0177;0.0177;0.0177;177;177;177;9;10;0.0176999997347593;0.0177;0.0177;0.0177;2;2;2;2;1;177;0.0087;0.009;177;177;0.0177
"Default World Unity.Rendering.UpdateHybridChunksStructure";0.0177;0.0177;0.0177;177;177;177;7;7;0.0176999997347593;0.0177;0.0177;0.0177;1;1;1;1;1;177;0.0177;0.0177;177;177;0.0177
"ObjectDispatcher.CollectInstancesAndTransforms";0.0177;0.0177;0.0177;177;177;177;6;8;0.0176999997347593;0.0177;0.0177;0.0177;4;4;4;4;1;177;0.0002;0.0133;177;177;0.0177
"Default World Unity.Physics.Systems.PhysicsCreateBodyPairsGroup";0.0176;0.0176;0.0176;177;177;177;9;9;0.0175999999046326;0.0176;0.0176;0.0176;1;1;1;1;1;177;0.0176;0.0176;177;177;0.0176
"DrawDepthNormalPrepass";0.0174;0.0174;0.0174;177;177;177;9;9;0.017400000244379;0.0174;0.0174;0.0174;2;2;2;2;1;177;0.0053;0.0121;177;177;0.0174
"UpdateHybridChunksStructure";0.0169;0.0169;0.0169;177;177;177;8;8;0.0168999992311001;0.0169;0.0169;0.0169;1;1;1;1;1;177;0.0169;0.0169;177;177;0.0169
"CullAllVisibleLights";0.0161;0.0161;0.0161;177;177;177;9;9;0.016100000590086;0.0161;0.0161;0.0161;1;1;1;1;1;177;0.0161;0.0161;177;177;0.0161
"Default World Unity.Physics.Systems.BroadphaseSystem";0.016;0.016;0.016;177;177;177;10;10;0.0160000007599592;0.016;0.016;0.016;1;1;1;1;1;177;0.016;0.016;177;177;0.016
"Default World Unity.Physics.Systems.BuildPhysicsWorldDependencyResolver";0.0158;0.0158;0.0158;177;177;177;10;10;0.0157999992370605;0.0158;0.0158;0.0158;1;1;1;1;1;177;0.0158;0.0158;177;177;0.0158
"Default World Unity.Physics.Systems.ExportPhysicsWorld";0.0158;0.0158;0.0158;177;177;177;8;8;0.0157999992370605;0.0158;0.0158;0.0158;1;1;1;1;1;177;0.0158;0.0158;177;177;0.0158
"SRPBRender.ApplyShader";0.0158;0.0158;0.0158;177;177;177;13;13;0.0157999992370605;0.0158;0.0158;0.0158;3;3;3;3;1;177;0.0013;0.0096;177;177;0.0158
"SSAO";0.0152;0.0152;0.0152;177;177;177;9;9;0.0152000002563;0.0152;0.0152;0.0152;1;1;1;1;1;177;0.0152;0.0152;177;177;0.0152
"DrawOpaqueObjects";0.0151;0.0151;0.0151;177;177;177;9;9;0.0151000004261732;0.0151;0.0151;0.0151;1;1;1;1;1;177;0.0151;0.0151;177;177;0.0151
"Inl_UpdateOccluders";0.0151;0.0151;0.0151;177;177;177;8;8;0.0150999994948506;0.0151;0.0151;0.0151;2;2;2;2;1;177;0.0045;0.0106;177;177;0.0151
"ObjectDispatcher.FilterInstancesAndCreateScriptingArray";0.0151;0.0151;0.0151;177;177;177;7;7;0.0150999994948506;0.0151;0.0151;0.0151;5;5;5;5;1;177;0;0.0149;177;177;0.0151
"EditorConnection.PollAllCustomMessages";0.0144;0.0144;0.0144;177;177;177;5;5;0.0143999997526407;0.0144;0.0144;0.0144;1;1;1;1;1;177;0.0144;0.0144;177;177;0.0144
"SRPBShadow.ApplyShader";0.0141;0.0141;0.0141;177;177;177;14;14;0.0141000002622604;0.0141;0.0141;0.0141;4;4;4;4;1;177;0.0012;0.0097;177;177;0.0141
"EditorResources.Load";0.0137;0.0137;0.0137;177;177;177;4;4;0.0137000000104308;0.0137;0.0137;0.0137;1;1;1;1;1;177;0.0137;0.0137;177;177;0.0137
"Inl_RenderPipeline.EndContextRendering";0.0137;0.0137;0.0137;177;177;177;5;5;0.0137000000104308;0.0137;0.0137;0.0137;1;1;1;1;1;177;0.0137;0.0137;177;177;0.0137
"Inl_Setup Camera Properties";0.0137;0.0137;0.0137;177;177;177;8;8;0.0137000000104308;0.0137;0.0137;0.0137;2;2;2;2;1;177;0.0031;0.0106;177;177;0.0137
"Default World Unity.Entities.EndFixedStepSimulationEntityCommandBufferSystem";0.0136;0.0136;0.0136;177;177;177;7;7;0.0136000001803041;0.0136;0.0136;0.0136;1;1;1;1;1;177;0.0136;0.0136;177;177;0.0136
"Vegetation Depth Pass";0.0136;0.0136;0.0136;177;177;177;9;9;0.0136000001803041;0.0136;0.0136;0.0136;1;1;1;1;1;177;0.0136;0.0136;177;177;0.0136
"GPUResidentDrawer.ProcessRenderers";0.0135;0.0135;0.0135;177;177;177;5;6;0.0135000003501773;0.0135;0.0135;0.0135;2;2;2;2;1;177;0.0032;0.0103;177;177;0.0135
"Inl_UniversalRenderPipeline.CreateRenderingData";0.0134;0.0134;0.0134;177;177;177;7;7;0.013399999588728;0.0134;0.0134;0.0134;1;1;1;1;1;177;0.0134;0.0134;177;177;0.0134
"Default World Unity.Entities.WorldUpdateAllocatorResetSystem";0.0129;0.0129;0.0129;177;177;177;6;6;0.0128999995067716;0.0129;0.0129;0.0129;1;1;1;1;1;177;0.0129;0.0129;177;177;0.0129
"Unity.RenderPipelines.Core.Runtime.dll!UnityEngine.Rendering::DebugUpdater.Update() [Invoke]";0.0129;0.0129;0.0129;177;177;177;5;5;0.0128999995067716;0.0129;0.0129;0.0129;1;1;1;1;1;177;0.0129;0.0129;177;177;0.0129
"Default World Unity.Scenes.ResolveSceneReferenceSystem";0.0128;0.0128;0.0128;177;177;177;7;7;0.0127999996766448;0.0128;0.0128;0.0128;1;1;1;1;1;177;0.0128;0.0128;177;177;0.0128
"InstanceOcclusionTest";0.0126;0.0126;0.0126;177;177;177;9;9;0.0126000000163913;0.0126;0.0126;0.0126;3;3;3;3;1;177;0.0016;0.0085;177;177;0.0126
"FixedUpdate.PhysicsFixedUpdate";0.0121;0.0121;0.0121;177;177;177;3;3;0.0120999999344349;0.0121;0.0121;0.0121;2;2;2;2;1;177;0.0029;0.0092;177;177;0.0121
"Inl_UniversalRenderPipeline.CreateCameraData";0.012;0.012;0.012;177;177;177;6;6;0.0120000001043081;0.012;0.012;0.012;1;1;1;1;1;177;0.012;0.012;177;177;0.012
"mscorlib.dll!System::Action`8.Invoke() [Invoke]";0.0118;0.0118;0.0118;177;177;177;7;8;0.0118000004440546;0.0118;0.0118;0.0118;2;2;2;2;1;177;0.0031;0.0087;177;177;0.0118
"EarlyUpdate.PhysicsResetInterpolatedTransformPosition";0.0117;0.0117;0.0117;177;177;177;3;3;0.0116999996826053;0.0117;0.0117;0.0117;1;1;1;1;1;177;0.0117;0.0117;177;177;0.0117
"Physics.Raycast";0.0117;0.0117;0.0117;177;177;177;6;6;0.0116999996826053;0.0117;0.0117;0.0117;1;1;1;1;1;177;0.0117;0.0117;177;177;0.0117
"Inl_ScriptableRenderer.AddRenderPasses";0.0112;0.0112;0.0112;177;177;177;7;7;0.0111999996006489;0.0112;0.0112;0.0112;1;1;1;1;1;177;0.0112;0.0112;177;177;0.0112
"UnityEngine.InputModule.dll!UnityEngineInternal.Input::NativeInputSystem.NotifyUpdate() [Invoke]";0.0112;0.0112;0.0112;177;177;177;4;4;0.0111999996006489;0.0112;0.0112;0.0112;1;1;1;1;1;177;0.0112;0.0112;177;177;0.0112
"Inl_Draw Main Light Shadowmap";0.0111;0.0111;0.0111;177;177;177;8;8;0.0110999997705221;0.0111;0.0111;0.0111;1;1;1;1;1;177;0.0111;0.0111;177;177;0.0111
"LowLevelPhysics2D.PhysicsWorld.SimulateBatch";0.0109;0.0109;0.0109;177;177;177;4;4;0.0109000001102686;0.0109;0.0109;0.0109;3;3;3;3;1;177;0.0001;0.0086;177;177;0.0109
"PreLateUpdate.ParticleSystemBeginUpdateAll";0.0109;0.0109;0.0109;177;177;177;3;3;0.0109000001102686;0.0109;0.0109;0.0109;1;1;1;1;1;177;0.0109;0.0109;177;177;0.0109
"InputSystemPlayerLoopRunnerInitializationSystem";0.0107;0.0107;0.0107;177;177;177;3;3;0.0106999995186925;0.0107;0.0107;0.0107;1;1;1;1;1;177;0.0107;0.0107;177;177;0.0107
"CopyColor";0.0106;0.0106;0.0106;177;177;177;9;10;0.0105999996885657;0.0106;0.0106;0.0106;2;2;2;2;1;177;0.005;0.0056;177;177;0.0106
"DrawSkybox";0.0104;0.0104;0.0104;177;177;177;9;9;0.0104000000283122;0.0104;0.0104;0.0104;1;1;1;1;1;177;0.0104;0.0104;177;177;0.0104
"EditorConnection.CheckForIncomingConnections";0.0104;0.0104;0.0104;177;177;177;5;5;0.0104000000283122;0.0104;0.0104;0.0104;1;1;1;1;1;177;0.0104;0.0104;177;177;0.0104
"Profiler.CollectPhysicsStats";0.0104;0.0104;0.0104;177;177;177;4;4;0.0104000000283122;0.0104;0.0104;0.0104;1;1;1;1;1;177;0.0104;0.0104;177;177;0.0104
"UpdatePostFrame";0.0104;0.0104;0.0104;177;177;177;3;3;0.0104000000283122;0.0104;0.0104;0.0104;1;1;1;1;1;177;0.0104;0.0104;177;177;0.0104
"Default World Unity.Rendering.DeformationsInPresentation";0.0102;0.0102;0.0102;177;177;177;6;6;0.0102000003680587;0.0102;0.0102;0.0102;1;1;1;1;1;177;0.0102;0.0102;177;177;0.0102
"Default World Unity.Rendering.MatrixPreviousInitializationSystem";0.0102;0.0102;0.0102;177;177;177;6;6;0.0102000003680587;0.0102;0.0102;0.0102;1;1;1;1;1;177;0.0102;0.0102;177;177;0.0102
"Inl_BlitFinalToBackBuffer";0.0102;0.0102;0.0102;177;177;177;8;8;0.0102000003680587;0.0102;0.0102;0.0102;1;1;1;1;1;177;0.0102;0.0102;177;177;0.0102
"ParticleSystem.Update";0.0102;0.0102;0.0102;177;177;177;4;4;0.0102000003680587;0.0102;0.0102;0.0102;1;1;1;1;1;177;0.0102;0.0102;177;177;0.0102
"Setup Camera Properties";0.0101;0.0101;0.0101;177;177;177;9;9;0.0100999996066093;0.0101;0.0101;0.0101;2;2;2;2;1;177;0.0031;0.007;177;177;0.0101
"Inl_RenderPipeline.EndCameraRendering";0.0099;0.0099;0.0099;177;177;177;6;6;0.00989999994635582;0.0099;0.0099;0.0099;1;1;1;1;1;177;0.0099;0.0099;177;177;0.0099
"Inl_Forward+ Upload";0.0095;0.0095;0.0095;177;177;177;10;10;0.0094999996945262;0.0095;0.0095;0.0095;1;1;1;1;1;177;0.0095;0.0095;177;177;0.0095
"Inl_MainLightShadow";0.0095;0.0095;0.0095;177;177;177;9;9;0.0094999996945262;0.0095;0.0095;0.0095;1;1;1;1;1;177;0.0095;0.0095;177;177;0.0095
"InputUpdate";0.0095;0.0095;0.0095;177;177;177;5;5;0.0094999996945262;0.0095;0.0095;0.0095;1;1;1;1;1;177;0.0095;0.0095;177;177;0.0095
"CullResults.CreateSharedRendererScene";0.0094;0.0094;0.0094;177;177;177;8;8;0.00939999986439943;0.0094;0.0094;0.0094;1;1;1;1;1;177;0.0094;0.0094;177;177;0.0094
"GPUResidentDrawer.ClassifyMaterials";0.0094;0.0094;0.0094;177;177;177;5;5;0.00939999986439943;0.0094;0.0094;0.0094;1;1;1;1;1;177;0.0094;0.0094;177;177;0.0094
"LowLevelPhysics2D.PhysicsWorld.Simulate";0.0093;0.0093;0.0093;177;177;177;5;5;0.00930000003427267;0.0093;0.0093;0.0093;2;2;2;2;1;177;0.0019;0.0074;177;177;0.0093
"AssetDatabase.GetGUIDFromAssetPathV2";0.0092;0.0092;0.0092;177;177;177;5;5;0.00920000020414591;0.0092;0.0092;0.0092;2;2;2;2;1;177;0.0018;0.0074;177;177;0.0092
"Inl_SSAO";0.0092;0.0092;0.0092;177;177;177;8;8;0.00920000020414591;0.0092;0.0092;0.0092;1;1;1;1;1;177;0.0092;0.0092;177;177;0.0092
"Default World Unity.Entities.LateSimulationSystemGroup";0.0091;0.0091;0.0091;177;177;177;6;6;0.00910000037401915;0.0091;0.0091;0.0091;1;1;1;1;1;177;0.0091;0.0091;177;177;0.0091
"Camera.RenderSkybox";0.009;0.009;0.009;177;177;177;10;10;0.00899999961256981;0.009;0.009;0.009;1;1;1;1;1;177;0.009;0.009;177;177;0.009
"UnityEngine.InputModule.dll!UnityEngineInternal.Input::NativeInputSystem.NotifyBeforeUpdate() [Invoke]";0.0089;0.0089;0.0089;177;177;177;4;4;0.00889999978244305;0.0089;0.0089;0.0089;1;1;1;1;1;177;0.0089;0.0089;177;177;0.0089
"Inl_ScriptableRenderer.SetPerCameraShaderVariables";0.0087;0.0087;0.0087;177;177;177;9;9;0.00870000012218952;0.0087;0.0087;0.0087;2;2;2;2;1;177;0.0021;0.0066;177;177;0.0087
"Inl_UpdateVolumeFramework";0.0087;0.0087;0.0087;177;177;177;6;6;0.00870000012218952;0.0087;0.0087;0.0087;1;1;1;1;1;177;0.0087;0.0087;177;177;0.0087
"Inl_CompileRenderGraph";0.0084;0.0084;0.0084;177;177;177;7;7;0.00839999970048666;0.0084;0.0084;0.0084;1;1;1;1;1;177;0.0084;0.0084;177;177;0.0084
"mscorlib.dll!System::Action`6.Invoke() [Invoke]";0.008300001;0.008300001;0.008300001;177;177;177;7;7;0.00830000080168247;0.008300001;0.008300001;0.008300001;5;5;5;5;1;177;0.001;0.0023;177;177;0.008300001
"Default World Unity.Physics.Systems.PhysicsCreateContactsGroup";0.0081;0.0081;0.0081;177;177;177;9;9;0.00810000021010637;0.0081;0.0081;0.0081;1;1;1;1;1;177;0.0081;0.0081;177;177;0.0081
"Default World Unity.Physics.Authoring.PhysicsDebugDisplayGroup";0.008;0.008;0.008;177;177;177;7;7;0.00800000037997961;0.008;0.008;0.008;1;1;1;1;1;177;0.008;0.008;177;177;0.008
"PostLateUpdate.MemoryFrameMaintenance";0.008;0.008;0.008;177;177;177;3;3;0.00800000037997961;0.008;0.008;0.008;1;1;1;1;1;177;0.008;0.008;177;177;0.008
"Setup Forward Lights";0.0079;0.0079;0.0079;177;177;177;9;9;0.00789999961853027;0.0079;0.0079;0.0079;1;1;1;1;1;177;0.0079;0.0079;177;177;0.0079
"Default World Unity.Entities.CompanionGameObjectUpdateTransformSystem";0.0078;0.0078;0.0078;177;177;177;6;6;0.00779999978840351;0.0078;0.0078;0.0078;1;1;1;1;1;177;0.0078;0.0078;177;177;0.0078
"Physics.PrepareSimulationStage";0.0078;0.0078;0.0078;177;177;177;4;4;0.00779999978840351;0.0078;0.0078;0.0078;2;2;2;2;1;177;0.0019;0.0059;177;177;0.0078
"PreLateUpdate.UIElementsUpdatePanels";0.0078;0.0078;0.0078;177;177;177;3;3;0.00779999978840351;0.0078;0.0078;0.0078;1;1;1;1;1;177;0.0078;0.0078;177;177;0.0078
"RenderingCommandBuffer.PrepareKeywords";0.007699996;0.007699996;0.007699996;177;177;177;10;11;0.00769999623298645;0.007699996;0.007699996;0.007699996;85;85;85;85;1;177;0;0.0004;177;177;0.007699996
"Inl_DrawScreenSpaceUI";0.0075;0.0075;0.0075;177;177;177;8;8;0.00749999983236194;0.0075;0.0075;0.0075;2;2;2;2;1;177;0.0011;0.0064;177;177;0.0075
"Default World Unity.Rendering.AddLODRequirementComponents";0.0071;0.0071;0.0071;177;177;177;7;7;0.0071000000461936;0.0071;0.0071;0.0071;1;1;1;1;1;177;0.0071;0.0071;177;177;0.0071
"Profiler.FlushCountersWithFlushOnEndOfFrame";0.007;0.007;0.007;177;177;177;2;2;0.00699999975040555;0.007;0.007;0.007;1;1;1;1;1;177;0.007;0.007;177;177;0.007
"VoxGeoFol.VegetationGpuDecisionPipeline.ResetFrameState";0.006999999;0.006999999;0.006999999;177;177;177;13;13;0.00699999928474426;0.006999999;0.006999999;0.006999999;5;5;5;5;1;177;0.0004;0.0045;177;177;0.006999999
"Physics.SyncTransforms";0.0069;0.0069;0.0069;177;177;177;5;5;0.00690000038594007;0.0069;0.0069;0.0069;2;2;2;2;1;177;0.0018;0.0051;177;177;0.0069
"Default World Unity.Physics.Systems.NarrowphaseSystem";0.0069;0.0069;0.0069;177;177;177;10;10;0.00689999992027879;0.0069;0.0069;0.0069;1;1;1;1;1;177;0.0069;0.0069;177;177;0.0069
"UpdateOccluders";0.0069;0.0069;0.0069;177;177;177;9;9;0.00689999992027879;0.0069;0.0069;0.0069;2;2;2;2;1;177;0.0019;0.005;177;177;0.0069
"DrawScreenSpaceUI";0.0068;0.0068;0.0068;177;177;177;9;9;0.00680000009015203;0.0068;0.0068;0.0068;2;2;2;2;1;177;0.0017;0.0051;177;177;0.0068
"EnsureValidOcclusionTestResults";0.0067;0.0067;0.0067;177;177;177;8;8;0.00669999979436398;0.0067;0.0067;0.0067;1;1;1;1;1;177;0.0067;0.0067;177;177;0.0067
"EndRenderQueueExtraction";0.0066;0.0066;0.0066;177;177;177;8;9;0.00659999996423721;0.0066;0.0066;0.0066;2;2;2;2;1;177;0.0015;0.0051;177;177;0.0066
"GPUResidentDrawer.TransformMeshRenderers";0.0066;0.0066;0.0066;177;177;177;6;6;0.00659999996423721;0.0066;0.0066;0.0066;1;1;1;1;1;177;0.0066;0.0066;177;177;0.0066
"Inl_UniversalRenderPipeline.SetupPerCameraShaderConstants";0.0064;0.0064;0.0064;177;177;177;7;7;0.0063999998383224;0.0064;0.0064;0.0064;1;1;1;1;1;177;0.0064;0.0064;177;177;0.0064
"UnityEngine.UIElementsModule.dll!UnityEngine.UIElements::UIElementsRuntimeUtilityNative.UpdatePanels() [Invoke]";0.0064;0.0064;0.0064;177;177;177;4;4;0.0063999998383224;0.0064;0.0064;0.0064;1;1;1;1;1;177;0.0064;0.0064;177;177;0.0064
"Default World Unity.Rendering.HybridLightBakingDataSystem";0.0063;0.0063;0.0063;177;177;177;6;6;0.00630000000819564;0.0063;0.0063;0.0063;1;1;1;1;1;177;0.0063;0.0063;177;177;0.0063
"Inl_UniversalRenderPipeline.CreateShadowData";0.0063;0.0063;0.0063;177;177;177;8;8;0.00630000000819564;0.0063;0.0063;0.0063;1;1;1;1;1;177;0.0063;0.0063;177;177;0.0063
"VolumeManager.Update";0.0063;0.0063;0.0063;177;177;177;7;7;0.00630000000819564;0.0063;0.0063;0.0063;1;1;1;1;1;177;0.0063;0.0063;177;177;0.0063
"Inl_Initialize Frame";0.0062;0.0062;0.0062;177;177;177;8;8;0.00620000017806888;0.0062;0.0062;0.0062;1;1;1;1;1;177;0.0062;0.0062;177;177;0.0062
"Inl_UniversalRenderPipeline.InitializeAdditionalCameraData";0.0061;0.0061;0.0061;177;177;177;6;6;0.00609999988228083;0.0061;0.0061;0.0061;1;1;1;1;1;177;0.0061;0.0061;177;177;0.0061
"BeginRenderQueueExtraction";0.0059;0.0059;0.0059;177;177;177;8;9;0.0059000002220273;0.0059;0.0059;0.0059;2;2;2;2;1;177;0.0026;0.0033;177;177;0.0059
"Default World Unity.Physics.Systems.PhysicsCreateJacobiansGroup";0.0058;0.0058;0.0058;177;177;177;9;9;0.00579999992623925;0.0058;0.0058;0.0058;1;1;1;1;1;177;0.0058;0.0058;177;177;0.0058
"Default World Unity.Physics.Systems.PhysicsSolveAndIntegrateGroup";0.0058;0.0058;0.0058;177;177;177;9;9;0.00579999992623925;0.0058;0.0058;0.0058;1;1;1;1;1;177;0.0058;0.0058;177;177;0.0058
"EarlyUpdate.ProcessRemoteInput";0.0058;0.0058;0.0058;177;177;177;3;3;0.00579999992623925;0.0058;0.0058;0.0058;1;1;1;1;1;177;0.0058;0.0058;177;177;0.0058
"FixedUpdate.NewInputFixedUpdate";0.0058;0.0058;0.0058;177;177;177;3;3;0.00579999992623925;0.0058;0.0058;0.0058;2;2;2;2;1;177;0.001;0.0048;177;177;0.0058
"Inl_ScriptableRenderer.SetupCullingParameters";0.0057;0.0057;0.0057;177;177;177;7;7;0.00570000009611249;0.0057;0.0057;0.0057;1;1;1;1;1;177;0.0057;0.0057;177;177;0.0057
"Shadows.CullDirectionalShadowCasters";0.0057;0.0057;0.0057;177;177;177;10;10;0.00570000009611249;0.0057;0.0057;0.0057;1;1;1;1;1;177;0.0057;0.0057;177;177;0.0057
"ProcessRemoteInput";0.0056;0.0056;0.0056;177;177;177;4;4;0.00559999980032444;0.0056;0.0056;0.0056;1;1;1;1;1;177;0.0056;0.0056;177;177;0.0056
"Default World Unity.Physics.GraphicsIntegration.RecordMostRecentFixedTime";0.0055;0.0055;0.0055;177;177;177;8;8;0.00549999997019768;0.0055;0.0055;0.0055;1;1;1;1;1;177;0.0055;0.0055;177;177;0.0055
"Gfx.EndAsyncJobFrame";0.0055;0.0055;0.0055;177;177;177;3;9;0.00549999997019768;0.0055;0.0055;0.0055;5;5;5;5;1;177;0.0004;0.0019;177;177;0.0055
"Default World Unity.Rendering.UpdatePresentationSystemGroup";0.0053;0.0053;0.0053;177;177;177;6;6;0.00529999984428287;0.0053;0.0053;0.0053;1;1;1;1;1;177;0.0053;0.0053;177;177;0.0053
"Shadows.ExtractShaderPassContext";0.0052;0.0052;0.0052;177;177;177;13;13;0.0052000000141561;0.0052;0.0052;0.0052;4;4;4;4;1;177;0.001;0.0018;177;177;0.0052
"UpdateReflectionProbeAtlas";0.0052;0.0052;0.0052;177;177;177;10;10;0.0052000000141561;0.0052;0.0052;0.0052;1;1;1;1;1;177;0.0052;0.0052;177;177;0.0052
"UnityEngine.InputModule.dll!UnityEngineInternal.Input::NativeInputSystem.ShouldRunUpdate() [Invoke]";0.0051;0.0051;0.0051;177;177;177;4;4;0.00510000018402934;0.0051;0.0051;0.0051;4;4;4;4;1;177;0.0003;0.0031;177;177;0.0051
"WaitForRenderJobs";0.0051;0.0051;0.0051;177;177;177;4;10;0.00509999971836805;0.0051;0.0051;0.0051;5;5;5;5;1;177;0.0004;0.0017;177;177;0.0051
"SRPBatcher.Flush";0.005;0.005;0.005;177;177;177;13;14;0.00499999988824129;0.005;0.005;0.005;7;7;7;7;1;177;0.0003;0.0026;177;177;0.005
"Update.ScriptRunDelayedTasks";0.005;0.005;0.005;177;177;177;3;3;0.00499999988824129;0.005;0.005;0.005;1;1;1;1;1;177;0.005;0.005;177;177;0.005
"Default World Unity.Transforms.TransformSystemGroup";0.0049;0.0049;0.0049;177;177;177;6;6;0.00490000005811453;0.0049;0.0049;0.0049;1;1;1;1;1;177;0.0049;0.0049;177;177;0.0049
"Inl_CopyColor";0.0049;0.0049;0.0049;177;177;177;8;9;0.00490000005811453;0.0049;0.0049;0.0049;2;2;2;2;1;177;0.0021;0.0028;177;177;0.0049
"UnityEngine.CoreModule.dll!UnityEngine.Experimental.Rendering::ScriptableRuntimeReflectionSystemWrapper.Internal_ScriptableRuntimeReflectionSystemWrapper_TickRealtimeProbes() [Invoke]";0.0049;0.0049;0.0049;177;177;177;3;3;0.00490000005811453;0.0049;0.0049;0.0049;1;1;1;1;1;177;0.0049;0.0049;177;177;0.0049
"Inl_RenderPipeline.BeginCameraRendering";0.0047;0.0047;0.0047;177;177;177;6;6;0.00469999993219972;0.0047;0.0047;0.0047;1;1;1;1;1;177;0.0047;0.0047;177;177;0.0047
"Inl_UpdateReflectionProbeAtlas";0.0046;0.0046;0.0046;177;177;177;10;10;0.00460000010207295;0.0046;0.0046;0.0046;1;1;1;1;1;177;0.0046;0.0046;177;177;0.0046
"Default World Unity.Physics.Systems.CreateJacobiansSystem";0.0045;0.0045;0.0045;177;177;177;10;10;0.0044999998062849;0.0045;0.0045;0.0045;1;1;1;1;1;177;0.0045;0.0045;177;177;0.0045
"EndUpdate";0.0045;0.0045;0.0045;177;177;177;7;7;0.0044999998062849;0.0045;0.0045;0.0045;1;1;1;1;1;177;0.0045;0.0045;177;177;0.0045
"PostLateUpdate.PlayerUpdateCanvases";0.0045;0.0045;0.0045;177;177;177;3;3;0.0044999998062849;0.0045;0.0045;0.0045;1;1;1;1;1;177;0.0045;0.0045;177;177;0.0045
"PreLateUpdate.ScriptRunBehaviourLateUpdate";0.0045;0.0045;0.0045;177;177;177;3;3;0.0044999998062849;0.0045;0.0045;0.0045;1;1;1;1;1;177;0.0045;0.0045;177;177;0.0045
"Audio.FMODSystemUpdate";0.0044;0.0044;0.0044;177;177;177;5;5;0.00439999997615814;0.0044;0.0044;0.0044;1;1;1;1;1;177;0.0044;0.0044;177;177;0.0044
"PostLateUpdate.UpdateCustomRenderTextures";0.0044;0.0044;0.0044;177;177;177;3;3;0.00439999997615814;0.0044;0.0044;0.0044;1;1;1;1;1;177;0.0044;0.0044;177;177;0.0044
"UpdateFilterSettings";0.0044;0.0044;0.0044;177;177;177;7;7;0.00439999997615814;0.0044;0.0044;0.0044;1;1;1;1;1;177;0.0044;0.0044;177;177;0.0044
"PrepareSceneCullingParameters";0.0043;0.0043;0.0043;177;177;177;8;8;0.00430000014603138;0.0043;0.0043;0.0043;1;1;1;1;1;177;0.0043;0.0043;177;177;0.0043
"UnityEngine.CoreModule.dll!UnityEngine.Rendering::RenderPipelineManager.HandleRenderPipelineChange() [Invoke]";0.0043;0.0043;0.0043;177;177;177;3;3;0.00430000014603138;0.0043;0.0043;0.0043;2;2;2;2;1;177;0.0003;0.004;177;177;0.0043
"CullSendEvents";0.0042;0.0042;0.0042;177;177;177;9;9;0.00419999985024333;0.0042;0.0042;0.0042;1;1;1;1;1;177;0.0042;0.0042;177;177;0.0042
"Default World Unity.Physics.Systems.SolveAndIntegrateSystem";0.0042;0.0042;0.0042;177;177;177;10;10;0.00419999985024333;0.0042;0.0042;0.0042;1;1;1;1;1;177;0.0042;0.0042;177;177;0.0042
"DestroyCullResults";0.0042;0.0042;0.0042;177;177;177;3;3;0.00419999985024333;0.0042;0.0042;0.0042;1;1;1;1;1;177;0.0042;0.0042;177;177;0.0042
"UnityEngine.CoreModule.dll!UnityEngine::UnitySynchronizationContext.ExecuteTasks() [Invoke]";0.0042;0.0042;0.0042;177;177;177;4;4;0.00419999985024333;0.0042;0.0042;0.0042;1;1;1;1;1;177;0.0042;0.0042;177;177;0.0042
"UpdatePreFrame";0.0042;0.0042;0.0042;177;177;177;3;3;0.00419999985024333;0.0042;0.0042;0.0042;1;1;1;1;1;177;0.0042;0.0042;177;177;0.0042
"afterCullingOutputReady.Invoke";0.0041;0.0041;0.0041;177;177;177;8;10;0.00410000002011657;0.0041;0.0041;0.0041;2;2;2;2;1;177;0.0015;0.0026;177;177;0.0041
"LateBehaviourUpdate";0.004;0.004;0.004;177;177;177;4;4;0.00400000018998981;0.004;0.004;0.004;1;1;1;1;1;177;0.004;0.004;177;177;0.004
"PrepareSceneNodes";0.004;0.004;0.004;177;177;177;9;9;0.00400000018998981;0.004;0.004;0.004;1;1;1;1;1;177;0.004;0.004;177;177;0.004
"CustomRenderTextures.Update";0.0039;0.0039;0.0039;177;177;177;4;4;0.00389999989420176;0.0039;0.0039;0.0039;1;1;1;1;1;177;0.0039;0.0039;177;177;0.0039
"GUI.Repaint";0.0039;0.0039;0.0039;177;177;177;10;10;0.00389999989420176;0.0039;0.0039;0.0039;1;1;1;1;1;177;0.0039;0.0039;177;177;0.0039
"UpdateScreenManagerAndInput";0.0038;0.0038;0.0038;177;177;177;3;3;0.00380000006407499;0.0038;0.0038;0.0038;1;1;1;1;1;177;0.0038;0.0038;177;177;0.0038
"Default World Unity.Rendering.MatrixPreviousSystem";0.0037;0.0037;0.0037;177;177;177;6;6;0.00370000000111759;0.0037;0.0037;0.0037;1;1;1;1;1;177;0.0037;0.0037;177;177;0.0037
"Inl_UniversalRenderPipeline.InitializeStackedCameraData";0.0037;0.0037;0.0037;177;177;177;7;7;0.00370000000111759;0.0037;0.0037;0.0037;1;1;1;1;1;177;0.0037;0.0037;177;177;0.0037
"VoxGeoFol.VegetationGpuDecisionPipeline.EmitTreeInstances";0.0036;0.0036;0.0036;177;177;177;13;13;0.00360000017099082;0.0036;0.0036;0.0036;5;5;5;5;1;177;0.0005;0.0014;177;177;0.0036
"Inl_UniversalRenderPipeline.CreateLightData";0.0036;0.0036;0.0036;177;177;177;8;8;0.00359999993816018;0.0036;0.0036;0.0036;1;1;1;1;1;177;0.0036;0.0036;177;177;0.0036
"PostLateUpdate.ShaderHandleErrors";0.0036;0.0036;0.0036;177;177;177;3;3;0.00359999993816018;0.0036;0.0036;0.0036;1;1;1;1;1;177;0.0036;0.0036;177;177;0.0036
"Profiler.CollectLegacyStats";0.0036;0.0036;0.0036;177;177;177;2;2;0.00359999993816018;0.0036;0.0036;0.0036;1;1;1;1;1;177;0.0036;0.0036;177;177;0.0036
"Default World Unity.Physics.Systems.InjectTemporalCoherenceDataSystem";0.0035;0.0035;0.0035;177;177;177;7;7;0.00349999987520278;0.0035;0.0035;0.0035;1;1;1;1;1;177;0.0035;0.0035;177;177;0.0035
"ReflectionProbes.Update";0.0035;0.0035;0.0035;177;177;177;4;4;0.00349999987520278;0.0035;0.0035;0.0035;1;1;1;1;1;177;0.0035;0.0035;177;177;0.0035
"UnsafeUtility.Free";0.0035;0.0035;0.0035;177;177;177;7;8;0.00349999987520278;0.0035;0.0035;0.0035;2;2;2;2;1;177;0.0006;0.0029;177;177;0.0035
"Default World Unity.Entities.RetainBlobAssetSystem";0.0034;0.0034;0.0034;177;177;177;6;6;0.00340000004507601;0.0034;0.0034;0.0034;1;1;1;1;1;177;0.0034;0.0034;177;177;0.0034
"PostLateUpdate.ProfilerEndFrame";0.0034;0.0034;0.0034;177;177;177;3;3;0.00340000004507601;0.0034;0.0034;0.0034;1;1;1;1;1;177;0.0034;0.0034;177;177;0.0034
"PostLateUpdate.UpdateAllRenderers";0.0034;0.0034;0.0034;177;177;177;3;3;0.00340000004507601;0.0034;0.0034;0.0034;1;1;1;1;1;177;0.0034;0.0034;177;177;0.0034
"UIEvents.WillRenderCanvases";0.0034;0.0034;0.0034;177;177;177;4;4;0.00340000004507601;0.0034;0.0034;0.0034;1;1;1;1;1;177;0.0034;0.0034;177;177;0.0034
"Physics2D.Simulate";0.0034;0.0034;0.0034;177;177;177;4;4;0.00339999981224537;0.0034;0.0034;0.0034;2;2;2;2;1;177;0.0009;0.0025;177;177;0.0034
"LowLevelPhysics2D.PhysicsWorld.PreSimulate";0.0033;0.0033;0.0033;177;177;177;6;6;0.00329999998211861;0.0033;0.0033;0.0033;2;2;2;2;1;177;0.0005;0.0028;177;177;0.0033
"PostUpdateScreenManagerAndInput";0.0033;0.0033;0.0033;177;177;177;3;3;0.00329999998211861;0.0033;0.0033;0.0033;1;1;1;1;1;177;0.0033;0.0033;177;177;0.0033
"PreLateUpdate.AccessibilityUpdate";0.0033;0.0033;0.0033;177;177;177;3;3;0.00329999998211861;0.0033;0.0033;0.0033;1;1;1;1;1;177;0.0033;0.0033;177;177;0.0033
"Default World Unity.Entities.CompanionGameObjectUpdateSystem";0.0032;0.0032;0.0032;177;177;177;6;6;0.0031999999191612;0.0032;0.0032;0.0032;1;1;1;1;1;177;0.0032;0.0032;177;177;0.0032
"PreUpdate.InputForUIUpdate";0.0032;0.0032;0.0032;177;177;177;3;3;0.0031999999191612;0.0032;0.0032;0.0032;1;1;1;1;1;177;0.0032;0.0032;177;177;0.0032
"RenderLoop.CleanupNodeQueue";0.0032;0.0032;0.0032;177;177;177;4;10;0.0031999999191612;0.0032;0.0032;0.0032;8;8;8;8;1;177;0.0001;0.0013;177;177;0.0032
"Inl_Setup Main Shadowmap";0.0031;0.0031;0.0031;177;177;177;9;9;0.00310000008903444;0.0031;0.0031;0.0031;1;1;1;1;1;177;0.0031;0.0031;177;177;0.0031
"UGUI.Rendering.UpdateBatches";0.0031;0.0031;0.0031;177;177;177;5;5;0.00310000008903444;0.0031;0.0031;0.0031;1;1;1;1;1;177;0.0031;0.0031;177;177;0.0031
"BatchRendererGroup.UpdateMetadataCache";0.003;0.003;0.003;177;177;177;8;9;0.00300000002607703;0.003;0.003;0.003;4;4;4;4;1;177;0.0003;0.0016;177;177;0.003
"Initialization.DirectorSampleTime";0.003;0.003;0.003;177;177;177;3;3;0.00300000002607703;0.003;0.003;0.003;1;1;1;1;1;177;0.003;0.003;177;177;0.003
"Material.SetPassFast";0.003;0.003;0.003;177;177;177;11;11;0.00300000002607703;0.003;0.003;0.003;1;1;1;1;1;177;0.003;0.003;177;177;0.003
"BlitFinalToBackBuffer";0.0029;0.0029;0.0029;177;177;177;9;9;0.00289999996311963;0.0029;0.0029;0.0029;1;1;1;1;1;177;0.0029;0.0029;177;177;0.0029
"Default World Unity.Entities.BeginInitializationEntityCommandBufferSystem";0.0029;0.0029;0.0029;177;177;177;6;6;0.00289999996311963;0.0029;0.0029;0.0029;1;1;1;1;1;177;0.0029;0.0029;177;177;0.0029
"Default World Unity.Scenes.SceneSectionStreamingSystem";0.0029;0.0029;0.0029;177;177;177;7;7;0.00289999996311963;0.0029;0.0029;0.0029;1;1;1;1;1;177;0.0029;0.0029;177;177;0.0029
"Inl_UniversalRenderPipeline.SetupPerFrameShaderConstants";0.0029;0.0029;0.0029;177;177;177;5;5;0.00289999996311963;0.0029;0.0029;0.0029;1;1;1;1;1;177;0.0029;0.0029;177;177;0.0029
"Inl_Vegetation Color Pass";0.0029;0.0029;0.0029;177;177;177;8;8;0.00289999996311963;0.0029;0.0029;0.0029;1;1;1;1;1;177;0.0029;0.0029;177;177;0.0029
"VoxGeoFol.VegetationRenderPass.Setup";0.0029;0.0029;0.0029;177;177;177;8;8;0.00289999996311963;0.0029;0.0029;0.0029;3;3;3;3;1;177;0.0003;0.0022;177;177;0.0029
"TransformChangeSystem";0.0029;0.0029;0.0029;177;177;177;4;9;0.00289999973028898;0.0029;0.0029;0.0029;16;16;16;16;1;177;0;0.0009;177;177;0.0029
"Director.SampleTime";0.0028;0.0028;0.0028;177;177;177;4;4;0.00279999990016222;0.0028;0.0028;0.0028;1;1;1;1;1;177;0.0028;0.0028;177;177;0.0028
"EarlyUpdate.ExecuteMainThreadJobs";0.0028;0.0028;0.0028;177;177;177;3;3;0.00279999990016222;0.0028;0.0028;0.0028;1;1;1;1;1;177;0.0028;0.0028;177;177;0.0028
"ScheduleShadowSplitMasksComputation";0.0028;0.0028;0.0028;177;177;177;8;8;0.00279999990016222;0.0028;0.0028;0.0028;1;1;1;1;1;177;0.0028;0.0028;177;177;0.0028
"VoxGeoFol.VegetationGpuDecisionPipeline.BuildSlotStarts";0.0028;0.0028;0.0028;177;177;177;13;13;0.00279999990016222;0.0028;0.0028;0.0028;5;5;5;5;1;177;0.0003;0.0012;177;177;0.0028
"Default World Unity.Physics.Systems.AfterPhysicsSystemGroup";0.0027;0.0027;0.0027;177;177;177;8;8;0.00270000007003546;0.0027;0.0027;0.0027;1;1;1;1;1;177;0.0027;0.0027;177;177;0.0027
"EarlyUpdate.UpdatePreloading";0.0027;0.0027;0.0027;177;177;177;3;3;0.00270000007003546;0.0027;0.0027;0.0027;1;1;1;1;1;177;0.0027;0.0027;177;177;0.0027
"Physics.RunSimulationStage";0.0027;0.0027;0.0027;177;177;177;4;4;0.00270000007003546;0.0027;0.0027;0.0027;2;2;2;2;1;177;0.0007;0.002;177;177;0.0027
"PreLateUpdate.EndGraphicsJobsAfterScriptUpdate";0.0027;0.0027;0.0027;177;177;177;3;3;0.00270000007003546;0.0027;0.0027;0.0027;1;1;1;1;1;177;0.0027;0.0027;177;177;0.0027
"VoxGeoFol.VegetationGpuDecisionPipeline.CountTreeInstances";0.0027;0.0027;0.0027;177;177;177;13;13;0.00270000007003546;0.0027;0.0027;0.0027;5;5;5;5;1;177;0.0003;0.0011;177;177;0.0027
"VoxGeoFol.VegetationGpuDecisionPipeline.FinalizeIndirectArgs";0.0027;0.0027;0.0027;177;177;177;13;13;0.00269999983720481;0.0027;0.0027;0.0027;5;5;5;5;1;177;0.0003;0.0012;177;177;0.0027
"FixedUpdate.AudioFixedUpdate";0.0026;0.0026;0.0026;177;177;177;3;3;0.00260000000707805;0.0026;0.0026;0.0026;2;2;2;2;1;177;0.0004;0.0022;177;177;0.0026
"Inl_DrawOpaqueObjects";0.0025;0.0025;0.0025;177;177;177;8;8;0.00249999994412065;0.0025;0.0025;0.0025;1;1;1;1;1;177;0.0025;0.0025;177;177;0.0025
"Inl_UniversalRenderPipeline.GetMainLightIndex";0.0025;0.0025;0.0025;177;177;177;9;9;0.00249999994412065;0.0025;0.0025;0.0025;1;1;1;1;1;177;0.0025;0.0025;177;177;0.0025
"InstanceDataSystem:MotionUpdateJob (Burst)";0.0025;0.0025;0.0025;177;177;177;7;7;0.00249999994412065;0.0025;0.0025;0.0025;1;1;1;1;1;177;0.0025;0.0025;177;177;0.0025
"Loading.UpdatePreloading";0.0025;0.0025;0.0025;177;177;177;4;4;0.00249999994412065;0.0025;0.0025;0.0025;1;1;1;1;1;177;0.0025;0.0025;177;177;0.0025
"PreUpdate.WindUpdate";0.0025;0.0025;0.0025;177;177;177;3;3;0.00249999994412065;0.0025;0.0025;0.0025;1;1;1;1;1;177;0.0025;0.0025;177;177;0.0025
"VoxGeoFol.VegetationGpuDecisionPipeline.ClampRequestedSlotCounts";0.0025;0.0025;0.0025;177;177;177;13;13;0.00249999994412065;0.0025;0.0025;0.0025;5;5;5;5;1;177;0.0003;0.0012;177;177;0.0025
"EndGraphicsJobs";0.0024;0.0024;0.0024;177;177;177;3;4;0.00240000011399388;0.0024;0.0024;0.0024;3;3;3;3;1;177;0;0.0023;177;177;0.0024
"GeneralConnection.Poll";0.0024;0.0024;0.0024;177;177;177;5;6;0.00240000011399388;0.0024;0.0024;0.0024;2;2;2;2;1;177;0.0004;0.002;177;177;0.0024
"OnPerformCulling";0.0024;0.0024;0.0024;177;177;177;9;10;0.00240000011399388;0.0024;0.0024;0.0024;2;2;2;2;1;177;0.0005;0.0019;177;177;0.0024
"CompleteJobs";0.0024;0.0024;0.0024;177;177;177;7;7;0.00239999988116324;0.0024;0.0024;0.0024;1;1;1;1;1;177;0.0024;0.0024;177;177;0.0024
"EarlyUpdate.RendererNotifyInvisible";0.0024;0.0024;0.0024;177;177;177;3;3;0.00239999988116324;0.0024;0.0024;0.0024;1;1;1;1;1;177;0.0024;0.0024;177;177;0.0024
"Physics.Simulate";0.0024;0.0024;0.0024;177;177;177;5;5;0.00239999988116324;0.0024;0.0024;0.0024;2;2;2;2;1;177;0.0006;0.0018;177;177;0.0024
"PlayerEndOfFrame";0.0024;0.0024;0.0024;177;177;177;3;3;0.00239999988116324;0.0024;0.0024;0.0024;1;1;1;1;1;177;0.0024;0.0024;177;177;0.0024
"Default World Unity.Physics.Systems.PhysicsSimulationPickerSystem";0.0023;0.0023;0.0023;177;177;177;9;9;0.00230000005103648;0.0023;0.0023;0.0023;1;1;1;1;1;177;0.0023;0.0023;177;177;0.0023
"Inl_LightCookies";0.0023;0.0023;0.0023;177;177;177;10;10;0.00230000005103648;0.0023;0.0023;0.0023;1;1;1;1;1;177;0.0023;0.0023;177;177;0.0023
"UnityEngine.InputForUIModule.dll!UnityEngine.InputForUI::EventProvider.NotifyUpdate() [Invoke]";0.0023;0.0023;0.0023;177;177;177;4;4;0.00230000005103648;0.0023;0.0023;0.0023;1;1;1;1;1;177;0.0023;0.0023;177;177;0.0023
"UpdatePreloading";0.0023;0.0023;0.0023;177;177;177;5;5;0.00230000005103648;0.0023;0.0023;0.0023;1;1;1;1;1;177;0.0023;0.0023;177;177;0.0023
"VoxGeoFol.VegetationIndirectRenderer.BindGpuResidentFrame";0.0023;0.0023;0.0023;177;177;177;12;12;0.00230000005103648;0.0023;0.0023;0.0023;5;5;5;5;1;177;0.0002;0.0011;177;177;0.0023
"UnsafeUtility.Malloc";0.0023;0.0023;0.0023;177;177;177;8;10;0.00229999981820583;0.0023;0.0023;0.0023;2;2;2;2;1;177;0.0007;0.0016;177;177;0.0023
"InstanceDataSystem:UpdateCompactedInstanceVisibilityJob (Burst)";0.0022;0.0022;0.0022;177;177;177;8;8;0.00219999998807907;0.0022;0.0022;0.0022;1;1;1;1;1;177;0.0022;0.0022;177;177;0.0022
"PostLateUpdate.UpdateResolution";0.0022;0.0022;0.0022;177;177;177;3;3;0.00219999998807907;0.0022;0.0022;0.0022;1;1;1;1;1;177;0.0022;0.0022;177;177;0.0022
"FrameEvents.NewInputBeforeRenderUpdate";0.0021;0.0021;0.0021;177;177;177;3;3;0.00209999992512167;0.0021;0.0021;0.0021;1;1;1;1;1;177;0.0021;0.0021;177;177;0.0021
"LowLevelPhysics2D.PhysicsWorld.RenderWorlds";0.0021;0.0021;0.0021;177;177;177;7;7;0.00209999992512167;0.0021;0.0021;0.0021;1;1;1;1;1;177;0.0021;0.0021;177;177;0.0021
"PostLateUpdate.GUIClearEvents";0.0021;0.0021;0.0021;177;177;177;3;3;0.00209999992512167;0.0021;0.0021;0.0021;1;1;1;1;1;177;0.0021;0.0021;177;177;0.0021
"PostLateUpdate.ObjectDispatcherPostLateUpdate";0.0021;0.0021;0.0021;177;177;177;3;3;0.00209999992512167;0.0021;0.0021;0.0021;1;1;1;1;1;177;0.0021;0.0021;177;177;0.0021
"PostLateUpdate.RenderAs2DUpdate";0.0021;0.0021;0.0021;177;177;177;3;3;0.00209999992512167;0.0021;0.0021;0.0021;1;1;1;1;1;177;0.0021;0.0021;177;177;0.0021
"SpeedTreeWindManager.Update";0.0021;0.0021;0.0021;177;177;177;4;4;0.00209999992512167;0.0021;0.0021;0.0021;1;1;1;1;1;177;0.0021;0.0021;177;177;0.0021
"TimeManager.Update";0.0021;0.0021;0.0021;177;177;177;4;4;0.00209999992512167;0.0021;0.0021;0.0021;1;1;1;1;1;177;0.0021;0.0021;177;177;0.0021
"AudioManager.FixedUpdate";0.002;0.002;0.002;177;177;177;4;4;0.0020000000949949;0.002;0.002;0.002;2;2;2;2;1;177;0.0003;0.0017;177;177;0.002
"Cleanup Unused Cached Data";0.002;0.002;0.002;177;177;177;4;4;0.0020000000949949;0.002;0.002;0.002;1;1;1;1;1;177;0.002;0.002;177;177;0.002
"Default World Unity.Rendering.PushMeshDataSystem";0.002;0.002;0.002;177;177;177;7;7;0.0020000000949949;0.002;0.002;0.002;1;1;1;1;1;177;0.002;0.002;177;177;0.002
"EarlyUpdate.PlayerCleanupCachedData";0.002;0.002;0.002;177;177;177;3;3;0.0020000000949949;0.002;0.002;0.002;1;1;1;1;1;177;0.002;0.002;177;177;0.002
"JobDebuggerFrameMaintenance";0.002;0.002;0.002;177;177;177;4;4;0.0020000000949949;0.002;0.002;0.002;1;1;1;1;1;177;0.002;0.002;177;177;0.002
"PreUpdate.AIUpdate";0.002;0.002;0.002;177;177;177;3;3;0.0020000000949949;0.002;0.002;0.002;1;1;1;1;1;177;0.002;0.002;177;177;0.002
"PreUpdate.Physics2DUpdate";0.002;0.002;0.002;177;177;177;3;3;0.0020000000949949;0.002;0.002;0.002;1;1;1;1;1;177;0.002;0.002;177;177;0.002
"UnityEngine.AccessibilityModule.dll!UnityEngine.Accessibility::AccessibilityManager.Internal_Update() [Invoke]";0.002;0.002;0.002;177;177;177;4;4;0.0020000000949949;0.002;0.002;0.002;1;1;1;1;1;177;0.002;0.002;177;177;0.002
"Default World Unity.Rendering.AddWorldAndChunkRenderBounds";0.0019;0.0019;0.0019;177;177;177;7;7;0.0019000000320375;0.0019;0.0019;0.0019;1;1;1;1;1;177;0.0019;0.0019;177;177;0.0019
"Inl_Forward+ Complete";0.0019;0.0019;0.0019;177;177;177;10;10;0.0019000000320375;0.0019;0.0019;0.0019;1;1;1;1;1;177;0.0019;0.0019;177;177;0.0019
"Inl_ScriptableRenderer.ClearRenderingState";0.0019;0.0019;0.0019;177;177;177;9;9;0.0019000000320375;0.0019;0.0019;0.0019;1;1;1;1;1;177;0.0019;0.0019;177;177;0.0019
"LowLevelPhysics2D.PhysicsWorld.PostSimulate";0.0019;0.0019;0.0019;177;177;177;6;6;0.0019000000320375;0.0019;0.0019;0.0019;2;2;2;2;1;177;0.0005;0.0014;177;177;0.0019
"Physics2D.SyncTransformChanges";0.0019;0.0019;0.0019;177;177;177;5;5;0.00189999991562217;0.0019;0.0019;0.0019;2;2;2;2;1;177;0.0007;0.0012;177;177;0.0019
"Default World Unity.Rendering.LightProbeUpdateSystem";0.0018;0.0018;0.0018;177;177;177;7;7;0.00179999996908009;0.0018;0.0018;0.0018;1;1;1;1;1;177;0.0018;0.0018;177;177;0.0018
"Draw DBuffer";0.0018;0.0018;0.0018;177;177;177;9;9;0.00179999996908009;0.0018;0.0018;0.0018;1;1;1;1;1;177;0.0018;0.0018;177;177;0.0018
"FixedUpdate.DirectorFixedUpdate";0.0018;0.0018;0.0018;177;177;177;3;3;0.00179999996908009;0.0018;0.0018;0.0018;2;2;2;2;1;177;0.0003;0.0015;177;177;0.0018
"InputSystem.onBeforeUpdate";0.0018;0.0018;0.0018;177;177;177;5;5;0.00179999996908009;0.0018;0.0018;0.0018;1;1;1;1;1;177;0.0018;0.0018;177;177;0.0018
"PreLateUpdate.Physics2DLateUpdate";0.0018;0.0018;0.0018;177;177;177;3;3;0.00179999996908009;0.0018;0.0018;0.0018;1;1;1;1;1;177;0.0018;0.0018;177;177;0.0018
"Application.Integrate Assets in Background";0.0017;0.0017;0.0017;177;177;177;6;6;0.00170000002253801;0.0017;0.0017;0.0017;1;1;1;1;1;177;0.0017;0.0017;177;177;0.0017
"PlayerCleanupCachedData";0.0017;0.0017;0.0017;177;177;177;5;5;0.00170000002253801;0.0017;0.0017;0.0017;1;1;1;1;1;177;0.0017;0.0017;177;177;0.0017
"VoxGeoFol.VegetationGpuDecisionPipeline.CountBranchInstances";0.0017;0.0017;0.0017;177;177;177;13;13;0.00170000002253801;0.0017;0.0017;0.0017;1;1;1;1;1;177;0.0017;0.0017;177;177;0.0017
"ApplyPass.PrepareKeywords";0.0017;0.0017;0.0017;177;177;177;12;15;0.00169999978970736;0.0017;0.0017;0.0017;8;8;8;8;1;177;0.0001;0.0006;177;177;0.0017
"EngineJob";0.0017;0.0017;0.0017;177;177;177;9;14;0.00169999978970736;0.0017;0.0017;0.0017;4;4;4;4;1;177;0.0001;0.0009;177;177;0.0017
"Inl_DrawDepthNormalPrepass";0.0016;0.0016;0.0016;177;177;177;8;8;0.00160000007599592;0.0016;0.0016;0.0016;2;2;2;2;1;177;0.0005;0.0011;177;177;0.0016
"Default World Unity.Entities.BeginSimulationEntityCommandBufferSystem";0.0016;0.0016;0.0016;177;177;177;6;6;0.0015999999595806;0.0016;0.0016;0.0016;1;1;1;1;1;177;0.0016;0.0016;177;177;0.0016
"FindActiveLights";0.0016;0.0016;0.0016;177;177;177;10;10;0.0015999999595806;0.0016;0.0016;0.0016;1;1;1;1;1;177;0.0016;0.0016;177;177;0.0016
"GPUResidentDrawer.FindUnsupportedRenderers";0.0016;0.0016;0.0016;177;177;177;5;5;0.0015999999595806;0.0016;0.0016;0.0016;1;1;1;1;1;177;0.0016;0.0016;177;177;0.0016
"Physics.CalculateChangedColliderTransforms";0.0016;0.0016;0.0016;177;177;177;6;6;0.0015999999595806;0.0016;0.0016;0.0016;2;2;2;2;1;177;0.0003;0.0013;177;177;0.0016
"PostLateUpdate.PhysicsSkinnedClothBeginUpdate";0.0016;0.0016;0.0016;177;177;177;3;3;0.0015999999595806;0.0016;0.0016;0.0016;1;1;1;1;1;177;0.0016;0.0016;177;177;0.0016
"Profiler.SerializeStats";0.0016;0.0016;0.0016;177;177;177;3;3;0.0015999999595806;0.0016;0.0016;0.0016;1;1;1;1;1;177;0.0016;0.0016;177;177;0.0016
"PxScene.simulate";0.0016;0.0016;0.0016;177;177;177;6;6;0.0015999999595806;0.0016;0.0016;0.0016;2;2;2;2;1;177;0.0004;0.0012;177;177;0.0016
"PrepareUpdateRendererBoundingVolumes";0.0016;0.0016;0.0016;177;177;177;4;10;0.00159999984316528;0.0016;0.0016;0.0016;6;6;6;6;1;177;0.0001;0.0007;177;177;0.0016
"ComputeStats";0.0015;0.0015;0.0015;177;177;177;7;7;0.00150000001303852;0.0015;0.0015;0.0015;1;1;1;1;1;177;0.0015;0.0015;177;177;0.0015
"Default World Unity.Entities.BeginFixedStepSimulationEntityCommandBufferSystem";0.0015;0.0015;0.0015;177;177;177;7;7;0.00150000001303852;0.0015;0.0015;0.0015;1;1;1;1;1;177;0.0015;0.0015;177;177;0.0015
"EarlyUpdate.ClearLines";0.0015;0.0015;0.0015;177;177;177;3;3;0.00150000001303852;0.0015;0.0015;0.0015;1;1;1;1;1;177;0.0015;0.0015;177;177;0.0015
"CoroutinesDelayedCalls";0.0015;0.0015;0.0015;177;177;177;4;4;0.00149999989662319;0.0015;0.0015;0.0015;6;6;6;6;1;177;0.0001;0.0006;177;177;0.0015
"Audibility computation";0.0014;0.0014;0.0014;177;177;177;6;6;0.00139999995008111;0.0014;0.0014;0.0014;1;1;1;1;1;177;0.0014;0.0014;177;177;0.0014
"Default World Unity.Physics.Systems.PhysicsAnalyticsSystem";0.0014;0.0014;0.0014;177;177;177;10;10;0.00139999995008111;0.0014;0.0014;0.0014;1;1;1;1;1;177;0.0014;0.0014;177;177;0.0014
"Default World Unity.Scenes.SceneSystem";0.0014;0.0014;0.0014;177;177;177;7;7;0.00139999995008111;0.0014;0.0014;0.0014;1;1;1;1;1;177;0.0014;0.0014;177;177;0.0014
"FixedUpdate.ScriptRunBehaviourFixedUpdate";0.0014;0.0014;0.0014;177;177;177;3;3;0.00139999995008111;0.0014;0.0014;0.0014;2;2;2;2;1;177;0.0002;0.0012;177;177;0.0014
"FrameEvents.OnBeforeRenderCallback";0.0014;0.0014;0.0014;177;177;177;3;3;0.00139999995008111;0.0014;0.0014;0.0014;1;1;1;1;1;177;0.0014;0.0014;177;177;0.0014
"GC.Alloc";0.0014;0.0014;0.0014;177;177;177;7;13;0.00139999995008111;0.0014;0.0014;0.0014;9;9;9;9;1;177;0;0.0005;177;177;0.0014
"Initialization.AsyncUploadTimeSlicedUpdate";0.0014;0.0014;0.0014;177;177;177;3;3;0.00139999995008111;0.0014;0.0014;0.0014;1;1;1;1;1;177;0.0014;0.0014;177;177;0.0014
"Inl_Draw DBuffer";0.0014;0.0014;0.0014;177;177;177;8;8;0.00139999995008111;0.0014;0.0014;0.0014;1;1;1;1;1;177;0.0014;0.0014;177;177;0.0014
"Inl_VFX Process Camera";0.0014;0.0014;0.0014;177;177;177;8;8;0.00139999995008111;0.0014;0.0014;0.0014;1;1;1;1;1;177;0.0014;0.0014;177;177;0.0014
"UnityEngine.IMGUIModule.dll!UnityEngine::Event.Internal_MakeMasterEventCurrent() [Invoke]";0.0014;0.0014;0.0014;177;177;177;11;11;0.00139999995008111;0.0014;0.0014;0.0014;1;1;1;1;1;177;0.0014;0.0014;177;177;0.0014
"UnityEngine.Physics2DModule.dll!UnityEngine.LowLevelPhysics2D::PhysicsEvents.InvokePreSimulate() [Invoke]";0.0014;0.0014;0.0014;177;177;177;7;7;0.00139999995008111;0.0014;0.0014;0.0014;2;2;2;2;1;177;0.0003;0.0011;177;177;0.0014
"VoxGeoFol.VegetationGpuDecisionPipeline.EmitBranchInstances";0.0014;0.0014;0.0014;177;177;177;13;13;0.00139999995008111;0.0014;0.0014;0.0014;1;1;1;1;1;177;0.0014;0.0014;177;177;0.0014
"BatchRendererGroup.CreateMissingMetadata";0.0014;0.0014;0.0014;177;177;177;11;12;0.00139999971725047;0.0014;0.0014;0.0014;14;14;14;14;1;177;0;0.0006;177;177;0.0014
"AddDirectionalLights";0.0013;0.0013;0.0013;177;177;177;10;10;0.00130000000353903;0.0013;0.0013;0.0013;1;1;1;1;1;177;0.0013;0.0013;177;177;0.0013
"ClothManager.LateUpdate";0.0013;0.0013;0.0013;177;177;177;4;4;0.00130000000353903;0.0013;0.0013;0.0013;1;1;1;1;1;177;0.0013;0.0013;177;177;0.0013
"Default World Unity.Physics.Systems.InjectTemporalCoherenceDataLastResortSystem";0.0013;0.0013;0.0013;177;177;177;11;11;0.00130000000353903;0.0013;0.0013;0.0013;1;1;1;1;1;177;0.0013;0.0013;177;177;0.0013
"Default World Unity.Rendering.ManageSHPropertiesSystem";0.0013;0.0013;0.0013;177;177;177;7;7;0.00130000000353903;0.0013;0.0013;0.0013;1;1;1;1;1;177;0.0013;0.0013;177;177;0.0013
"EarlyUpdate.ScriptRunDelayedStartupFrame";0.0013;0.0013;0.0013;177;177;177;3;3;0.00130000000353903;0.0013;0.0013;0.0013;1;1;1;1;1;177;0.0013;0.0013;177;177;0.0013
"EarlyUpdate.UpdateContentLoading";0.0013;0.0013;0.0013;177;177;177;3;3;0.00130000000353903;0.0013;0.0013;0.0013;1;1;1;1;1;177;0.0013;0.0013;177;177;0.0013
"Find dependency chain";0.0013;0.0013;0.0013;177;177;177;7;14;0.00130000000353903;0.0013;0.0013;0.0013;5;5;5;5;1;177;0.0001;0.0005;177;177;0.0013
"PostLateUpdate.TriggerEndOfFrameCallbacks";0.0013;0.0013;0.0013;177;177;177;3;3;0.00130000000353903;0.0013;0.0013;0.0013;1;1;1;1;1;177;0.0013;0.0013;177;177;0.0013
"ReflectionProbeAnchorManagerUpdate";0.0013;0.0013;0.0013;177;177;177;8;10;0.00130000000353903;0.0013;0.0013;0.0013;3;3;3;3;1;177;0.0003;0.0006;177;177;0.0013
"BatchRendererGroup.InvalidateStaleBatches";0.0012;0.0012;0.0012;177;177;177;9;10;0.00119999994058162;0.0012;0.0012;0.0012;4;4;4;4;1;177;0.0001;0.0007;177;177;0.0012
"Initialization.XREarlyUpdate";0.0012;0.0012;0.0012;177;177;177;3;3;0.00119999994058162;0.0012;0.0012;0.0012;1;1;1;1;1;177;0.0012;0.0012;177;177;0.0012
"Inl_Draw Additional Lights Shadowmap";0.0012;0.0012;0.0012;177;177;177;8;8;0.00119999994058162;0.0012;0.0012;0.0012;1;1;1;1;1;177;0.0012;0.0012;177;177;0.0012
"Inl_RenderPipeline.BeginContextRendering";0.0012;0.0012;0.0012;177;177;177;5;5;0.00119999994058162;0.0012;0.0012;0.0012;1;1;1;1;1;177;0.0012;0.0012;177;177;0.0012
"Renderers.OncePerFrameUpdate";0.0012;0.0012;0.0012;177;177;177;4;4;0.00119999994058162;0.0012;0.0012;0.0012;1;1;1;1;1;177;0.0012;0.0012;177;177;0.0012
"SpeedTreeWindManager.UpdateGlobalAndLocalWinds";0.0012;0.0012;0.0012;177;177;177;5;5;0.00119999994058162;0.0012;0.0012;0.0012;1;1;1;1;1;177;0.0012;0.0012;177;177;0.0012
"updateScene.Invoke";0.0012;0.0012;0.0012;177;177;177;3;3;0.00119999994058162;0.0012;0.0012;0.0012;1;1;1;1;1;177;0.0012;0.0012;177;177;0.0012
"Default World Unity.Physics.Systems.ColliderBlobCleanupSystem";0.0011;0.0011;0.0011;177;177;177;8;8;0.00109999999403954;0.0011;0.0011;0.0011;1;1;1;1;1;177;0.0011;0.0011;177;177;0.0011
"Default World Unity.Rendering.PushSkinMatrixSystem";0.0011;0.0011;0.0011;177;177;177;7;7;0.00109999999403954;0.0011;0.0011;0.0011;1;1;1;1;1;177;0.0011;0.0011;177;177;0.0011
"Default World Unity.Transforms.ParentSystem";0.0011;0.0011;0.0011;177;177;177;7;7;0.00109999999403954;0.0011;0.0011;0.0011;1;1;1;1;1;177;0.0011;0.0011;177;177;0.0011
"DrawTransparentObjects";0.0011;0.0011;0.0011;177;177;177;9;9;0.00109999999403954;0.0011;0.0011;0.0011;1;1;1;1;1;177;0.0011;0.0011;177;177;0.0011
"Inl_DrawTransparentObjects";0.0011;0.0011;0.0011;177;177;177;8;8;0.00109999999403954;0.0011;0.0011;0.0011;1;1;1;1;1;177;0.0011;0.0011;177;177;0.0011
"Inl_Set Motion Vector Global Matrices";0.0011;0.0011;0.0011;177;177;177;8;8;0.00109999999403954;0.0011;0.0011;0.0011;1;1;1;1;1;177;0.0011;0.0011;177;177;0.0011
"LOD.ComputeLOD";0.0011;0.0011;0.0011;177;177;177;9;10;0.00109999999403954;0.0011;0.0011;0.0011;2;2;2;2;1;177;0.0002;0.0009;177;177;0.0011
"Physics.Interpolation";0.0011;0.0011;0.0011;177;177;177;4;4;0.00109999999403954;0.0011;0.0011;0.0011;2;2;2;2;1;177;0.0002;0.0009;177;177;0.0011
"PreUpdate.UpdateVideo";0.0011;0.0011;0.0011;177;177;177;3;3;0.00109999999403954;0.0011;0.0011;0.0011;1;1;1;1;1;177;0.0011;0.0011;177;177;0.0011
"Update";0.0011;0.0011;0.0011;177;177;177;7;7;0.00109999999403954;0.0011;0.0011;0.0011;1;1;1;1;1;177;0.0011;0.0011;177;177;0.0011
"Default World Unity.Physics.Authoring.CleanPhysicsDebugDataSystem_Default";0.001;0.001;0.001;177;177;177;9;9;0.00100000004749745;0.001;0.001;0.001;1;1;1;1;1;177;0.001;0.001;177;177;0.001
"Default World Unity.Physics.Systems.InvalidatedTemporalCoherenceCleanupSystem";0.001;0.001;0.001;177;177;177;11;11;0.00100000004749745;0.001;0.001;0.001;1;1;1;1;1;177;0.001;0.001;177;177;0.001
"Default World Unity.Rendering.LODRequirementsUpdateSystem";0.001;0.001;0.001;177;177;177;7;7;0.00100000004749745;0.001;0.001;0.001;1;1;1;1;1;177;0.001;0.001;177;177;0.001
"Default World Unity.Rendering.PushBlendWeightSystem";0.001;0.001;0.001;177;177;177;7;7;0.00100000004749745;0.001;0.001;0.001;1;1;1;1;1;177;0.001;0.001;177;177;0.001
"Inl_Setup Additional Shadows";0.001;0.001;0.001;177;177;177;9;9;0.00100000004749745;0.001;0.001;0.001;1;1;1;1;1;177;0.001;0.001;177;177;0.001
"Inl_Sort Render Passes";0.001;0.001;0.001;177;177;177;8;8;0.00100000004749745;0.001;0.001;0.001;1;1;1;1;1;177;0.001;0.001;177;177;0.001
"PreUpdate.IMGUISendQueuedEvents";0.001;0.001;0.001;177;177;177;3;3;0.00100000004749745;0.001;0.001;0.001;1;1;1;1;1;177;0.001;0.001;177;177;0.001
"Shadows.CullingCallbacks";0.001;0.001;0.001;177;177;177;8;8;0.00100000004749745;0.001;0.001;0.001;1;1;1;1;1;177;0.001;0.001;177;177;0.001
"UnityEngine.UIModule.dll!UnityEngine::Canvas.SendPreWillRenderCanvases() [Invoke]";0.001;0.001;0.001;177;177;177;6;6;0.00100000004749745;0.001;0.001;0.001;1;1;1;1;1;177;0.001;0.001;177;177;0.001
"Connections.Process";0.0009999999;0.0009999999;0.0009999999;177;177;177;6;7;0.000999999931082129;0.0009999999;0.0009999999;0.0009999999;2;2;2;2;1;177;0.0001;0.0009;177;177;0.0009999999
"ObjectDispatcher.CollectInstances";0.0009;0.0009;0.0009;177;177;177;7;7;0.000900000042747706;0.0009;0.0009;0.0009;5;5;5;5;1;177;0.0001;0.0005;177;177;0.0009
"Default World Unity.Entities.CompanionGameObjectLiveBakingInitSystem";0.0009;0.0009;0.0009;177;177;177;6;6;0.000899999984540045;0.0009;0.0009;0.0009;1;1;1;1;1;177;0.0009;0.0009;177;177;0.0009
"Default World Unity.Entities.EndInitializationEntityCommandBufferSystem";0.0009;0.0009;0.0009;177;177;177;6;6;0.000899999984540045;0.0009;0.0009;0.0009;1;1;1;1;1;177;0.0009;0.0009;177;177;0.0009
"Default World Unity.Entities.EndSimulationEntityCommandBufferSystem";0.0009;0.0009;0.0009;177;177;177;6;6;0.000899999984540045;0.0009;0.0009;0.0009;1;1;1;1;1;177;0.0009;0.0009;177;177;0.0009
"Default World Unity.Entities.EntitiesJournaling+FrameCountSystem";0.0009;0.0009;0.0009;177;177;177;6;6;0.000899999984540045;0.0009;0.0009;0.0009;1;1;1;1;1;177;0.0009;0.0009;177;177;0.0009
"Default World Unity.Entities.VariableRateSimulationSystemGroup";0.0009;0.0009;0.0009;177;177;177;6;6;0.000899999984540045;0.0009;0.0009;0.0009;1;1;1;1;1;177;0.0009;0.0009;177;177;0.0009
"Default World Unity.Physics.GraphicsIntegration.SmoothRigidBodiesGraphicalMotion";0.0009;0.0009;0.0009;177;177;177;7;7;0.000899999984540045;0.0009;0.0009;0.0009;1;1;1;1;1;177;0.0009;0.0009;177;177;0.0009
"Default World Unity.Physics.Systems.SyncCustomPhysicsProxySystem";0.0009;0.0009;0.0009;177;177;177;8;8;0.000899999984540045;0.0009;0.0009;0.0009;1;1;1;1;1;177;0.0009;0.0009;177;177;0.0009
"Default World Unity.Rendering.BlendShapeDeformationSystem";0.0009;0.0009;0.0009;177;177;177;7;7;0.000899999984540045;0.0009;0.0009;0.0009;1;1;1;1;1;177;0.0009;0.0009;177;177;0.0009
"Default World Unity.Rendering.InstantiateDeformationSystem";0.0009;0.0009;0.0009;177;177;177;7;7;0.000899999984540045;0.0009;0.0009;0.0009;1;1;1;1;1;177;0.0009;0.0009;177;177;0.0009
"Default World Unity.Scenes.WeakAssetReferenceLoadingSystem";0.0009;0.0009;0.0009;177;177;177;7;7;0.000899999984540045;0.0009;0.0009;0.0009;1;1;1;1;1;177;0.0009;0.0009;177;177;0.0009
"EntityCommandBuffer.Dispose";0.0009;0.0009;0.0009;177;177;177;8;8;0.000899999984540045;0.0009;0.0009;0.0009;1;1;1;1;1;177;0.0009;0.0009;177;177;0.0009
"FixedBehaviourUpdate";0.0009;0.0009;0.0009;177;177;177;4;4;0.000899999984540045;0.0009;0.0009;0.0009;2;2;2;2;1;177;0.0001;0.0008;177;177;0.0009
"Inl_Draw Decal Forward Emissive";0.0009;0.0009;0.0009;177;177;177;8;8;0.000899999984540045;0.0009;0.0009;0.0009;1;1;1;1;1;177;0.0009;0.0009;177;177;0.0009
"LowLevelPhysics2D.PhysicsWorld.Transform.WriteTweens";0.0009;0.0009;0.0009;177;177;177;4;4;0.000899999984540045;0.0009;0.0009;0.0009;1;1;1;1;1;177;0.0009;0.0009;177;177;0.0009
"PostLateUpdate.AccessibilityLateUpdate";0.0009;0.0009;0.0009;177;177;177;3;3;0.000899999984540045;0.0009;0.0009;0.0009;1;1;1;1;1;177;0.0009;0.0009;177;177;0.0009
"PostLateUpdate.InputEndFrame";0.0009;0.0009;0.0009;177;177;177;3;3;0.000899999984540045;0.0009;0.0009;0.0009;1;1;1;1;1;177;0.0009;0.0009;177;177;0.0009
"PostLateUpdate.UpdateRectTransform";0.0009;0.0009;0.0009;177;177;177;3;3;0.000899999984540045;0.0009;0.0009;0.0009;1;1;1;1;1;177;0.0009;0.0009;177;177;0.0009
"PreLateUpdate.ConstraintManagerUpdate";0.0009;0.0009;0.0009;177;177;177;3;3;0.000899999984540045;0.0009;0.0009;0.0009;1;1;1;1;1;177;0.0009;0.0009;177;177;0.0009
"PreUpdate.PhysicsUpdate";0.0009;0.0009;0.0009;177;177;177;3;3;0.000899999984540045;0.0009;0.0009;0.0009;1;1;1;1;1;177;0.0009;0.0009;177;177;0.0009
"RenderTexture.GarbageCollectTemporary";0.0009;0.0009;0.0009;177;177;177;3;6;0.000899999984540045;0.0009;0.0009;0.0009;2;2;2;2;1;177;0.0003;0.0006;177;177;0.0009
"UnityEngine.CoreModule.dll!UnityEngine::Application.InvokeOnBeforeRender() [Invoke]";0.0009;0.0009;0.0009;177;177;177;4;4;0.000899999984540045;0.0009;0.0009;0.0009;1;1;1;1;1;177;0.0009;0.0009;177;177;0.0009
"Physics2D.SyncRigidbodyTransformChanges";0.0008;0.0008;0.0008;177;177;177;6;6;0.000800000037997961;0.0008;0.0008;0.0008;2;2;2;2;1;177;0.0003;0.0005;177;177;0.0008
"AddCustomActiveLocalLights";0.0008;0.0008;0.0008;177;177;177;10;10;0.0007999999797903;0.0008;0.0008;0.0008;1;1;1;1;1;177;0.0008;0.0008;177;177;0.0008
"AddNew";0.0008;0.0008;0.0008;177;177;177;7;7;0.0007999999797903;0.0008;0.0008;0.0008;1;1;1;1;1;177;0.0008;0.0008;177;177;0.0008
"BatchRendererGroup.AcquireWrite";0.0008;0.0008;0.0008;177;177;177;9;10;0.0007999999797903;0.0008;0.0008;0.0008;4;4;4;4;1;177;0.0001;0.0003;177;177;0.0008
"CullResultsToNativeArrays";0.0008;0.0008;0.0008;177;177;177;8;8;0.0007999999797903;0.0008;0.0008;0.0008;1;1;1;1;1;177;0.0008;0.0008;177;177;0.0008
"Default World Unity.Physics.Authoring.DisplayJointsSystem_Default";0.0008;0.0008;0.0008;177;177;177;8;8;0.0007999999797903;0.0008;0.0008;0.0008;1;1;1;1;1;177;0.0008;0.0008;177;177;0.0008
"Default World Unity.Physics.GraphicsIntegration.BufferInterpolatedRigidBodiesMotion";0.0008;0.0008;0.0008;177;177;177;8;8;0.0007999999797903;0.0008;0.0008;0.0008;1;1;1;1;1;177;0.0008;0.0008;177;177;0.0008
"Default World Unity.Rendering.RenderBoundsUpdateSystem";0.0008;0.0008;0.0008;177;177;177;7;7;0.0007999999797903;0.0008;0.0008;0.0008;1;1;1;1;1;177;0.0008;0.0008;177;177;0.0008
"Default World Unity.Rendering.SkinningDeformationSystem";0.0008;0.0008;0.0008;177;177;177;7;7;0.0007999999797903;0.0008;0.0008;0.0008;1;1;1;1;1;177;0.0008;0.0008;177;177;0.0008
"Director.PrepareFrame";0.0008;0.0008;0.0008;177;177;177;4;4;0.0007999999797903;0.0008;0.0008;0.0008;9;9;9;9;1;177;0;0.0003;177;177;0.0008
"EarlyUpdate.AnalyticsCoreStatsUpdate";0.0008;0.0008;0.0008;177;177;177;3;3;0.0007999999797903;0.0008;0.0008;0.0008;1;1;1;1;1;177;0.0008;0.0008;177;177;0.0008
"EarlyUpdate.DispatchEventQueueEvents";0.0008;0.0008;0.0008;177;177;177;3;3;0.0007999999797903;0.0008;0.0008;0.0008;1;1;1;1;1;177;0.0008;0.0008;177;177;0.0008
"EarlyUpdate.UpdateInputManager";0.0008;0.0008;0.0008;177;177;177;3;3;0.0007999999797903;0.0008;0.0008;0.0008;1;1;1;1;1;177;0.0008;0.0008;177;177;0.0008
"EntityCommandBuffer.Playback";0.0008;0.0008;0.0008;177;177;177;9;9;0.0007999999797903;0.0008;0.0008;0.0008;1;1;1;1;1;177;0.0008;0.0008;177;177;0.0008
"FixedUpdate.PhysicsClothFixedUpdate";0.0008;0.0008;0.0008;177;177;177;3;3;0.0007999999797903;0.0008;0.0008;0.0008;2;2;2;2;1;177;0.0001;0.0007;177;177;0.0008
"FrameEvents.XRBeginFrame";0.0008;0.0008;0.0008;177;177;177;3;3;0.0007999999797903;0.0008;0.0008;0.0008;1;1;1;1;1;177;0.0008;0.0008;177;177;0.0008
"Initialization.SynchronizeInputs";0.0008;0.0008;0.0008;177;177;177;3;3;0.0007999999797903;0.0008;0.0008;0.0008;1;1;1;1;1;177;0.0008;0.0008;177;177;0.0008
"Initialization.UpdateCameraMotionVectors";0.0008;0.0008;0.0008;177;177;177;3;3;0.0007999999797903;0.0008;0.0008;0.0008;1;1;1;1;1;177;0.0008;0.0008;177;177;0.0008
"Initialize Frame";0.0008;0.0008;0.0008;177;177;177;9;9;0.0007999999797903;0.0008;0.0008;0.0008;1;1;1;1;1;177;0.0008;0.0008;177;177;0.0008
"Inl_ScriptableRenderer.InternalFinishRenderingCommon";0.0008;0.0008;0.0008;177;177;177;7;7;0.0007999999797903;0.0008;0.0008;0.0008;1;1;1;1;1;177;0.0008;0.0008;177;177;0.0008
"TerrainManager.CullAllTerrains";0.0008;0.0008;0.0008;177;177;177;8;8;0.0007999999797903;0.0008;0.0008;0.0008;1;1;1;1;1;177;0.0008;0.0008;177;177;0.0008
"UIElements.CollectLayoutNodes";0.0008;0.0008;0.0008;177;177;177;5;5;0.0007999999797903;0.0008;0.0008;0.0008;1;1;1;1;1;177;0.0008;0.0008;177;177;0.0008
"Unity.ResourceManager.dll!::MonoBehaviourCallbackHooks.Update() [Invoke]";0.0008;0.0008;0.0008;177;177;177;5;5;0.0007999999797903;0.0008;0.0008;0.0008;2;2;2;2;1;177;0.0002;0.0006;177;177;0.0008
"UnityEngine.CoreModule.dll!UnityEngine.Rendering::SupportedRenderingFeatures.IsUIOverlayRenderedBySRP() [Invoke]";0.0008;0.0008;0.0008;177;177;177;3;3;0.0007999999797903;0.0008;0.0008;0.0008;1;1;1;1;1;177;0.0008;0.0008;177;177;0.0008
"UnityEngine.Physics2DModule.dll!UnityEngine.LowLevelPhysics2D::PhysicsEvents.InvokePostSimulate() [Invoke]";0.0008;0.0008;0.0008;177;177;177;7;7;0.0007999999797903;0.0008;0.0008;0.0008;2;2;2;2;1;177;0.0002;0.0006;177;177;0.0008
"UpdateEntitiesGraphicsBatches";0.0008;0.0008;0.0008;177;177;177;7;7;0.0007999999797903;0.0008;0.0008;0.0008;1;1;1;1;1;177;0.0008;0.0008;177;177;0.0008
"Inl_Set Global Texture";0.0007;0.0007;0.0007;177;177;177;8;8;0.000700000033248216;0.0007;0.0007;0.0007;2;2;2;2;1;177;0.0002;0.0005;177;177;0.0007
"Default World Unity.Entities.BeginPresentationEntityCommandBufferSystem";0.0007;0.0007;0.0007;177;177;177;6;6;0.000699999975040555;0.0007;0.0007;0.0007;1;1;1;1;1;177;0.0007;0.0007;177;177;0.0007
"Default World Unity.Physics.Authoring.DisplayColliderAabbsSystem_Default";0.0007;0.0007;0.0007;177;177;177;8;8;0.000699999975040555;0.0007;0.0007;0.0007;1;1;1;1;1;177;0.0007;0.0007;177;177;0.0007
"Default World Unity.Transforms.LocalToWorldSystem";0.0007;0.0007;0.0007;177;177;177;7;7;0.000699999975040555;0.0007;0.0007;0.0007;1;1;1;1;1;177;0.0007;0.0007;177;177;0.0007
"EarlyUpdate.ClearIntermediateRenderers";0.0007;0.0007;0.0007;177;177;177;3;3;0.000699999975040555;0.0007;0.0007;0.0007;1;1;1;1;1;177;0.0007;0.0007;177;177;0.0007
"EarlyUpdate.InsightsUpdate";0.0007;0.0007;0.0007;177;177;177;3;3;0.000699999975040555;0.0007;0.0007;0.0007;1;1;1;1;1;177;0.0007;0.0007;177;177;0.0007
"EarlyUpdate.XRUpdate";0.0007;0.0007;0.0007;177;177;177;3;3;0.000699999975040555;0.0007;0.0007;0.0007;1;1;1;1;1;177;0.0007;0.0007;177;177;0.0007
"FindBrightestDirectionalLight";0.0007;0.0007;0.0007;177;177;177;10;11;0.000699999975040555;0.0007;0.0007;0.0007;2;2;2;2;1;177;0.0003;0.0004;177;177;0.0007
"FixedUpdate.ScriptRunDelayedFixedFrameRate";0.0007;0.0007;0.0007;177;177;177;3;3;0.000699999975040555;0.0007;0.0007;0.0007;2;2;2;2;1;177;0.0003;0.0004;177;177;0.0007
"GPUResidentDrawer.ProcessCameras";0.0007;0.0007;0.0007;177;177;177;5;5;0.000699999975040555;0.0007;0.0007;0.0007;1;1;1;1;1;177;0.0007;0.0007;177;177;0.0007
"GPUResidentDrawer.ProcessRendererMaterialAndMeshChanges";0.0007;0.0007;0.0007;177;177;177;5;5;0.000699999975040555;0.0007;0.0007;0.0007;1;1;1;1;1;177;0.0007;0.0007;177;177;0.0007
"Inl_Setup Debug Properties";0.0007;0.0007;0.0007;177;177;177;8;8;0.000699999975040555;0.0007;0.0007;0.0007;1;1;1;1;1;177;0.0007;0.0007;177;177;0.0007
"Physics2D.CollectProfileInfo";0.0007;0.0007;0.0007;177;177;177;4;4;0.000699999975040555;0.0007;0.0007;0.0007;1;1;1;1;1;177;0.0007;0.0007;177;177;0.0007
"Physics2D.SyncColliderTransformChanges";0.0007;0.0007;0.0007;177;177;177;6;6;0.000699999975040555;0.0007;0.0007;0.0007;2;2;2;2;1;177;0.0003;0.0004;177;177;0.0007
"PostLateUpdate.UpdateAllSkinnedMeshes";0.0007;0.0007;0.0007;177;177;177;3;3;0.000699999975040555;0.0007;0.0007;0.0007;1;1;1;1;1;177;0.0007;0.0007;177;177;0.0007
"PostLateUpdate.VFXUpdate";0.0007;0.0007;0.0007;177;177;177;3;3;0.000699999975040555;0.0007;0.0007;0.0007;1;1;1;1;1;177;0.0007;0.0007;177;177;0.0007
"suspendPointHook.Invoke";0.0007;0.0007;0.0007;177;177;177;7;7;0.000699999975040555;0.0007;0.0007;0.0007;1;1;1;1;1;177;0.0007;0.0007;177;177;0.0007
"UnityEngine.CoreModule.dll!UnityEngine.Rendering::OnDemandRendering.GetRenderFrameInterval() [Invoke]";0.0007;0.0007;0.0007;177;177;177;3;3;0.000699999975040555;0.0007;0.0007;0.0007;1;1;1;1;1;177;0.0007;0.0007;177;177;0.0007
"UnityEngine.CoreModule.dll!UnityEngine.Rendering::SupportedRenderingFeatures.IsLightmapBakeTypeSupportedByRef() [Invoke]";0.0007;0.0007;0.0007;177;177;177;9;9;0.000699999975040555;0.0007;0.0007;0.0007;1;1;1;1;1;177;0.0007;0.0007;177;177;0.0007
"FixedUpdate.LegacyFixedAnimationUpdate";0.0006;0.0006;0.0006;177;177;177;3;3;0.000600000028498471;0.0006;0.0006;0.0006;2;2;2;2;1;177;0.0001;0.0005;177;177;0.0006
"Unity.ResourceManager.dll!::MonoBehaviourCallbackHooks.LateUpdate() [Invoke]";0.0006;0.0006;0.0006;177;177;177;5;5;0.000600000028498471;0.0006;0.0006;0.0006;2;2;2;2;1;177;0.0001;0.0005;177;177;0.0006
"Connections.Poll";0.0006;0.0006;0.0006;177;177;177;6;7;0.00059999997029081;0.0006;0.0006;0.0006;2;2;2;2;1;177;0;0.0006;177;177;0.0006
"Default World Unity.Physics.Authoring.DisplayBodyCollidersSystem";0.0006;0.0006;0.0006;177;177;177;8;8;0.00059999997029081;0.0006;0.0006;0.0006;1;1;1;1;1;177;0.0006;0.0006;177;177;0.0006
"Default World Unity.Physics.GraphicsIntegration.CopyPhysicsVelocityToSmoothing";0.0006;0.0006;0.0006;177;177;177;8;8;0.00059999997029081;0.0006;0.0006;0.0006;1;1;1;1;1;177;0.0006;0.0006;177;177;0.0006
"EarlyUpdate.UnityWebRequestUpdate";0.0006;0.0006;0.0006;177;177;177;3;3;0.00059999997029081;0.0006;0.0006;0.0006;1;1;1;1;1;177;0.0006;0.0006;177;177;0.0006
"EarlyUpdate.UpdateCanvasRectTransform";0.0006;0.0006;0.0006;177;177;177;3;3;0.00059999997029081;0.0006;0.0006;0.0006;1;1;1;1;1;177;0.0006;0.0006;177;177;0.0006
"EarlyUpdate.UpdateStreamingManager";0.0006;0.0006;0.0006;177;177;177;3;3;0.00059999997029081;0.0006;0.0006;0.0006;1;1;1;1;1;177;0.0006;0.0006;177;177;0.0006
"GarbageCollector.CollectIncremental";0.0006;0.0006;0.0006;177;177;177;4;4;0.00059999997029081;0.0006;0.0006;0.0006;1;1;1;1;1;177;0.0006;0.0006;177;177;0.0006
"Inl_DrawSkybox";0.0006;0.0006;0.0006;177;177;177;8;8;0.00059999997029081;0.0006;0.0006;0.0006;1;1;1;1;1;177;0.0006;0.0006;177;177;0.0006
"Physics2D.GetRayIntersection";0.0006;0.0006;0.0006;177;177;177;6;6;0.00059999997029081;0.0006;0.0006;0.0006;1;1;1;1;1;177;0.0006;0.0006;177;177;0.0006
"ReflectionProbeAnchorPositionUpdate";0.0006;0.0006;0.0006;177;177;177;9;11;0.00059999997029081;0.0006;0.0006;0.0006;3;3;3;3;1;177;0.0002;0.0002;177;177;0.0006
"CleanUp.TextRenderingGarbageCollect";0.0005;0.0005;0.0005;177;177;177;6;6;0.000500000023748726;0.0005;0.0005;0.0005;1;1;1;1;1;177;0.0005;0.0005;177;177;0.0005
"ContentLoadFrontend.IntegrateUpdate";0.0005;0.0005;0.0005;177;177;177;4;4;0.000500000023748726;0.0005;0.0005;0.0005;1;1;1;1;1;177;0.0005;0.0005;177;177;0.0005
"Default World Unity.Physics.Authoring.DisplayBroadphaseAabbsSystem";0.0005;0.0005;0.0005;177;177;177;8;8;0.000500000023748726;0.0005;0.0005;0.0005;1;1;1;1;1;177;0.0005;0.0005;177;177;0.0005
"Default World Unity.Physics.Authoring.DisplayCollisionEventsSystem";0.0005;0.0005;0.0005;177;177;177;9;9;0.000500000023748726;0.0005;0.0005;0.0005;1;1;1;1;1;177;0.0005;0.0005;177;177;0.0005
"Default World Unity.Physics.Authoring.DisplayContactsSystem";0.0005;0.0005;0.0005;177;177;177;9;9;0.000500000023748726;0.0005;0.0005;0.0005;1;1;1;1;1;177;0.0005;0.0005;177;177;0.0005
"EarlyUpdate.UpdateAsyncInstantiate";0.0005;0.0005;0.0005;177;177;177;3;3;0.000500000023748726;0.0005;0.0005;0.0005;1;1;1;1;1;177;0.0005;0.0005;177;177;0.0005
"EarlyUpdate.UpdateMainGameViewRect";0.0005;0.0005;0.0005;177;177;177;3;3;0.000500000023748726;0.0005;0.0005;0.0005;1;1;1;1;1;177;0.0005;0.0005;177;177;0.0005
"EarlyUpdate.UpdateTextureStreamingManager";0.0005;0.0005;0.0005;177;177;177;3;3;0.000500000023748726;0.0005;0.0005;0.0005;1;1;1;1;1;177;0.0005;0.0005;177;177;0.0005
"FinalizeUpdateRendererBoundingVolumes";0.0005;0.0005;0.0005;177;177;177;5;5;0.000500000023748726;0.0005;0.0005;0.0005;1;1;1;1;1;177;0.0005;0.0005;177;177;0.0005
"GlobalEventQueue";0.0005;0.0005;0.0005;177;177;177;4;4;0.000500000023748726;0.0005;0.0005;0.0005;1;1;1;1;1;177;0.0005;0.0005;177;177;0.0005
"GPUResidentDrawer.ProcessMaterials";0.0005;0.0005;0.0005;177;177;177;5;5;0.000500000023748726;0.0005;0.0005;0.0005;1;1;1;1;1;177;0.0005;0.0005;177;177;0.0005
"Inl_DecalEntityManager.SortChunks";0.0005;0.0005;0.0005;177;177;177;8;8;0.000500000023748726;0.0005;0.0005;0.0005;1;1;1;1;1;177;0.0005;0.0005;177;177;0.0005
"LightCookies";0.0005;0.0005;0.0005;177;177;177;10;10;0.000500000023748726;0.0005;0.0005;0.0005;1;1;1;1;1;177;0.0005;0.0005;177;177;0.0005
"PostLateUpdate.ScriptRunDelayedDynamicFrameRate";0.0005;0.0005;0.0005;177;177;177;3;3;0.000500000023748726;0.0005;0.0005;0.0005;1;1;1;1;1;177;0.0005;0.0005;177;177;0.0005
"PostLateUpdate.UpdateVideoTextures";0.0005;0.0005;0.0005;177;177;177;3;3;0.000500000023748726;0.0005;0.0005;0.0005;1;1;1;1;1;177;0.0005;0.0005;177;177;0.0005
"PreLateUpdate.DirectorUpdateAnimationBegin";0.0005;0.0005;0.0005;177;177;177;3;3;0.000500000023748726;0.0005;0.0005;0.0005;1;1;1;1;1;177;0.0005;0.0005;177;177;0.0005
"Preload Single Step";0.0005;0.0005;0.0005;177;177;177;7;7;0.000500000023748726;0.0005;0.0005;0.0005;1;1;1;1;1;177;0.0005;0.0005;177;177;0.0005
"Remove";0.0005;0.0005;0.0005;177;177;177;7;7;0.000500000023748726;0.0005;0.0005;0.0005;1;1;1;1;1;177;0.0005;0.0005;177;177;0.0005
"UIR.Free";0.0005;0.0005;0.0005;177;177;177;5;5;0.000500000023748726;0.0005;0.0005;0.0005;1;1;1;1;1;177;0.0005;0.0005;177;177;0.0005
"UnityEngine.AIModule.dll!UnityEngine.AI::NavMesh.Internal_CallOnNavMeshPreUpdate() [Invoke]";0.0005;0.0005;0.0005;177;177;177;4;4;0.000500000023748726;0.0005;0.0005;0.0005;1;1;1;1;1;177;0.0005;0.0005;177;177;0.0005
"Update.DirectorUpdate";0.0005;0.0005;0.0005;177;177;177;3;3;0.000500000023748726;0.0005;0.0005;0.0005;1;1;1;1;1;177;0.0005;0.0005;177;177;0.0005
"addCustomLights.Invoke";0.0005;0.0005;0.0005;177;177;177;11;11;0.000499999965541065;0.0005;0.0005;0.0005;7;7;7;7;1;177;0;0.0001;177;177;0.0005
"Director.ProcessFrame";0.0005;0.0005;0.0005;177;177;177;4;4;0.000499999965541065;0.0005;0.0005;0.0005;9;9;9;9;1;177;0;0.0001;177;177;0.0005
"FixedUpdate.DirectorFixedSampleTime";0.0005;0.0005;0.0005;177;177;177;3;3;0.000499999965541065;0.0005;0.0005;0.0005;2;2;2;2;1;177;0.0002;0.0003;177;177;0.0005
"FixedUpdate.DirectorFixedUpdatePostPhysics";0.0005;0.0005;0.0005;177;177;177;3;3;0.000499999965541065;0.0005;0.0005;0.0005;2;2;2;2;1;177;0.0002;0.0003;177;177;0.0005
"Graphics.DrawProcedural";0.0005;0.0005;0.0005;177;177;177;10;11;0.000499999965541065;0.0005;0.0005;0.0005;7;7;7;7;1;177;0;0.0003;177;177;0.0005
"Physics.CalculateChangedBodyTransforms";0.0005;0.0005;0.0005;177;177;177;6;6;0.000499999965541065;0.0005;0.0005;0.0005;2;2;2;2;1;177;0.0002;0.0003;177;177;0.0005
"Profiler.FrameMetadata";0.0005;0.0005;0.0005;177;177;177;5;5;0.000499999965541065;0.0005;0.0005;0.0005;3;3;3;3;1;177;0.0001;0.0003;177;177;0.0005
"Set Global Texture";0.0005;0.0005;0.0005;177;177;177;9;9;0.000499999965541065;0.0005;0.0005;0.0005;2;2;2;2;1;177;0.0001;0.0004;177;177;0.0005
"UGUI.Rendering.EmitWorldScreenspaceCameraGeometry";0.0005;0.0005;0.0005;177;177;177;3;4;0.000499999965541065;0.0005;0.0005;0.0005;2;2;2;2;1;177;0.0002;0.0003;177;177;0.0005
"ConstraintManager::Update";0.0004;0.0004;0.0004;177;177;177;4;4;0.00039999998989515;0.0004;0.0004;0.0004;1;1;1;1;1;177;0.0004;0.0004;177;177;0.0004
"Default World Unity.Physics.Authoring.DisplayBodyColliderEdges_Default";0.0004;0.0004;0.0004;177;177;177;8;8;0.00039999998989515;0.0004;0.0004;0.0004;1;1;1;1;1;177;0.0004;0.0004;177;177;0.0004
"Draw Additional Lights Shadowmap";0.0004;0.0004;0.0004;177;177;177;9;9;0.00039999998989515;0.0004;0.0004;0.0004;1;1;1;1;1;177;0.0004;0.0004;177;177;0.0004
"Draw Decal Forward Emissive";0.0004;0.0004;0.0004;177;177;177;9;9;0.00039999998989515;0.0004;0.0004;0.0004;1;1;1;1;1;177;0.0004;0.0004;177;177;0.0004
"EarlyUpdate.Physics2DEarlyUpdate";0.0004;0.0004;0.0004;177;177;177;3;3;0.00039999998989515;0.0004;0.0004;0.0004;1;1;1;1;1;177;0.0004;0.0004;177;177;0.0004
"GPUResidentDrawer.ProcessLODGroups";0.0004;0.0004;0.0004;177;177;177;5;5;0.00039999998989515;0.0004;0.0004;0.0004;1;1;1;1;1;177;0.0004;0.0004;177;177;0.0004
"GPUResidentDrawer.ProcessMeshes";0.0004;0.0004;0.0004;177;177;177;5;5;0.00039999998989515;0.0004;0.0004;0.0004;1;1;1;1;1;177;0.0004;0.0004;177;177;0.0004
"ParticleSystem.EndUpdateAll";0.0004;0.0004;0.0004;177;177;177;4;8;0.00039999998989515;0.0004;0.0004;0.0004;4;4;4;4;1;177;0;0.0004;177;177;0.0004
"PostLateUpdate.DirectorLateUpdate";0.0004;0.0004;0.0004;177;177;177;3;3;0.00039999998989515;0.0004;0.0004;0.0004;1;1;1;1;1;177;0.0004;0.0004;177;177;0.0004
"PostLateUpdate.ParticleSystemEndUpdateAll";0.0004;0.0004;0.0004;177;177;177;3;3;0.00039999998989515;0.0004;0.0004;0.0004;1;1;1;1;1;177;0.0004;0.0004;177;177;0.0004
"PostLateUpdate.UpdateVideo";0.0004;0.0004;0.0004;177;177;177;3;3;0.00039999998989515;0.0004;0.0004;0.0004;1;1;1;1;1;177;0.0004;0.0004;177;177;0.0004
"PostLateUpdate.XRPreEndFrame";0.0004;0.0004;0.0004;177;177;177;3;3;0.00039999998989515;0.0004;0.0004;0.0004;1;1;1;1;1;177;0.0004;0.0004;177;177;0.0004
"PreLateUpdate.DirectorDeferredEvaluate";0.0004;0.0004;0.0004;177;177;177;3;3;0.00039999998989515;0.0004;0.0004;0.0004;1;1;1;1;1;177;0.0004;0.0004;177;177;0.0004
"Profiler.ScreenshotUpdate";0.0004;0.0004;0.0004;177;177;177;4;4;0.00039999998989515;0.0004;0.0004;0.0004;1;1;1;1;1;177;0.0004;0.0004;177;177;0.0004
"Shadows.SplitAndSortCasters";0.0004;0.0004;0.0004;177;177;177;15;15;0.00039999998989515;0.0004;0.0004;0.0004;1;1;1;1;1;177;0.0004;0.0004;177;177;0.0004
"SkinnedMeshOncePerFrameUpdate";0.0004;0.0004;0.0004;177;177;177;5;5;0.00039999998989515;0.0004;0.0004;0.0004;1;1;1;1;1;177;0.0004;0.0004;177;177;0.0004
"UIEvents.CanvasManagerEmitOffScreenGeometry";0.0004;0.0004;0.0004;177;177;177;3;3;0.00039999998989515;0.0004;0.0004;0.0004;1;1;1;1;1;177;0.0004;0.0004;177;177;0.0004
"UnityEngine.AccessibilityModule.dll!UnityEngine.Accessibility::AccessibilityManager.Internal_LateUpdate() [Invoke]";0.0004;0.0004;0.0004;177;177;177;4;4;0.00039999998989515;0.0004;0.0004;0.0004;1;1;1;1;1;177;0.0004;0.0004;177;177;0.0004
"Update Lights";0.0004;0.0004;0.0004;177;177;177;4;4;0.00039999998989515;0.0004;0.0004;0.0004;1;1;1;1;1;177;0.0004;0.0004;177;177;0.0004
"UpdateAllBatches";0.0004;0.0004;0.0004;177;177;177;8;8;0.00039999998989515;0.0004;0.0004;0.0004;1;1;1;1;1;177;0.0004;0.0004;177;177;0.0004
"BatchRendererGroup.AddReader";0.0003;0.0003;0.0003;177;177;177;11;12;0.000299999985145405;0.0003;0.0003;0.0003;14;14;14;14;1;177;0;0.0001;177;177;0.0003
"Camera.Render";0.0003;0.0003;0.0003;177;177;177;3;3;0.000299999985145405;0.0003;0.0003;0.0003;1;1;1;1;1;177;0.0003;0.0003;177;177;0.0003
"ClothScene.Update";0.0003;0.0003;0.0003;177;177;177;5;5;0.000299999985145405;0.0003;0.0003;0.0003;1;1;1;1;1;177;0.0003;0.0003;177;177;0.0003
"Default World Unity.Physics.Authoring.DisplayMassPropertiesSystem";0.0003;0.0003;0.0003;177;177;177;8;8;0.000299999985145405;0.0003;0.0003;0.0003;1;1;1;1;1;177;0.0003;0.0003;177;177;0.0003
"Default World Unity.Physics.Authoring.DisplayTriggerEventsSystem";0.0003;0.0003;0.0003;177;177;177;9;9;0.000299999985145405;0.0003;0.0003;0.0003;1;1;1;1;1;177;0.0003;0.0003;177;177;0.0003
"Default World Unity.Physics.Authoring.PhysicsDebugDisplaySystem_Default";0.0003;0.0003;0.0003;177;177;177;8;8;0.000299999985145405;0.0003;0.0003;0.0003;1;1;1;1;1;177;0.0003;0.0003;177;177;0.0003
"EarlyUpdate.GpuTimestamp";0.0003;0.0003;0.0003;177;177;177;3;3;0.000299999985145405;0.0003;0.0003;0.0003;1;1;1;1;1;177;0.0003;0.0003;177;177;0.0003
"EarlyUpdate.PerformanceAnalyticsUpdate";0.0003;0.0003;0.0003;177;177;177;3;3;0.000299999985145405;0.0003;0.0003;0.0003;1;1;1;1;1;177;0.0003;0.0003;177;177;0.0003
"EarlyUpdate.SpriteAtlasManagerUpdate";0.0003;0.0003;0.0003;177;177;177;3;3;0.000299999985145405;0.0003;0.0003;0.0003;1;1;1;1;1;177;0.0003;0.0003;177;177;0.0003
"EarlyUpdate.TilemapRendererEarlyUpdate";0.0003;0.0003;0.0003;177;177;177;3;3;0.000299999985145405;0.0003;0.0003;0.0003;1;1;1;1;1;177;0.0003;0.0003;177;177;0.0003
"EarlyUpdate.UpdateAsyncReadbackManager";0.0003;0.0003;0.0003;177;177;177;3;3;0.000299999985145405;0.0003;0.0003;0.0003;1;1;1;1;1;177;0.0003;0.0003;177;177;0.0003
"FindDirectionalShadowCastingLights";0.0003;0.0003;0.0003;177;177;177;10;10;0.000299999985145405;0.0003;0.0003;0.0003;1;1;1;1;1;177;0.0003;0.0003;177;177;0.0003
"FixedUpdate.ClearLines";0.0003;0.0003;0.0003;177;177;177;3;3;0.000299999985145405;0.0003;0.0003;0.0003;2;2;2;2;1;177;0.0001;0.0002;177;177;0.0003
"FixedUpdate.XRFixedUpdate";0.0003;0.0003;0.0003;177;177;177;3;3;0.000299999985145405;0.0003;0.0003;0.0003;2;2;2;2;1;177;0.0001;0.0002;177;177;0.0003
"Flush DSP connections";0.0003;0.0003;0.0003;177;177;177;7;7;0.000299999985145405;0.0003;0.0003;0.0003;1;1;1;1;1;177;0.0003;0.0003;177;177;0.0003
"FrameEvents.XREndFrame";0.0003;0.0003;0.0003;177;177;177;4;4;0.000299999985145405;0.0003;0.0003;0.0003;1;1;1;1;1;177;0.0003;0.0003;177;177;0.0003
"LowLevelPhysics2D.PhysicsWorld.WriteTransformTweens";0.0003;0.0003;0.0003;177;177;177;5;5;0.000299999985145405;0.0003;0.0003;0.0003;1;1;1;1;1;177;0.0003;0.0003;177;177;0.0003
"ObjectDispatcher.FilterInstancesJob";0.0003;0.0003;0.0003;177;177;177;10;10;0.000299999985145405;0.0003;0.0003;0.0003;1;1;1;1;1;177;0.0003;0.0003;177;177;0.0003
"ObjectDispatcher.SortInstances";0.0003;0.0003;0.0003;177;177;177;7;7;0.000299999985145405;0.0003;0.0003;0.0003;1;1;1;1;1;177;0.0003;0.0003;177;177;0.0003
"PostLateUpdate.DirectorRenderImage";0.0003;0.0003;0.0003;177;177;177;3;3;0.000299999985145405;0.0003;0.0003;0.0003;1;1;1;1;1;177;0.0003;0.0003;177;177;0.0003
"PostLateUpdate.SortingGroupsUpdate";0.0003;0.0003;0.0003;177;177;177;3;3;0.000299999985145405;0.0003;0.0003;0.0003;1;1;1;1;1;177;0.0003;0.0003;177;177;0.0003
"PreLateUpdate.AIUpdatePostScript";0.0003;0.0003;0.0003;177;177;177;3;3;0.000299999985145405;0.0003;0.0003;0.0003;1;1;1;1;1;177;0.0003;0.0003;177;177;0.0003
"PreLateUpdate.LegacyAnimationUpdate";0.0003;0.0003;0.0003;177;177;177;3;3;0.000299999985145405;0.0003;0.0003;0.0003;1;1;1;1;1;177;0.0003;0.0003;177;177;0.0003
"Profiler.FlushFileIOCounters";0.0003;0.0003;0.0003;177;177;177;2;2;0.000299999985145405;0.0003;0.0003;0.0003;1;1;1;1;1;177;0.0003;0.0003;177;177;0.0003
"RewindAllocators";0.0003;0.0003;0.0003;177;177;177;7;7;0.000299999985145405;0.0003;0.0003;0.0003;1;1;1;1;1;177;0.0003;0.0003;177;177;0.0003
"ScheduleCullingGroups";0.0003;0.0003;0.0003;177;177;177;8;8;0.000299999985145405;0.0003;0.0003;0.0003;1;1;1;1;1;177;0.0003;0.0003;177;177;0.0003
"Set Motion Vector Global Matrices";0.0003;0.0003;0.0003;177;177;177;9;9;0.000299999985145405;0.0003;0.0003;0.0003;1;1;1;1;1;177;0.0003;0.0003;177;177;0.0003
"UI.RenderOverlays";0.0003;0.0003;0.0003;177;177;177;10;10;0.000299999985145405;0.0003;0.0003;0.0003;1;1;1;1;1;177;0.0003;0.0003;177;177;0.0003
"UnityEngine.UIModule.dll!UnityEngine::Canvas.SendWillRenderCanvases() [Invoke]";0.0003;0.0003;0.0003;177;177;177;6;6;0.000299999985145405;0.0003;0.0003;0.0003;1;1;1;1;1;177;0.0003;0.0003;177;177;0.0003
"Update.ScriptRunDelayedDynamicFrameRate";0.0003;0.0003;0.0003;177;177;177;3;3;0.000299999985145405;0.0003;0.0003;0.0003;1;1;1;1;1;177;0.0003;0.0003;177;177;0.0003
"UpdateRendererBoundingVolumes";0.0003;0.0003;0.0003;177;177;177;5;5;0.000299999985145405;0.0003;0.0003;0.0003;1;1;1;1;1;177;0.0003;0.0003;177;177;0.0003
"Application.FlushRenderStats";0.0002;0.0002;0.0002;177;177;177;2;2;0.000199999994947575;0.0002;0.0002;0.0002;1;1;1;1;1;177;0.0002;0.0002;177;177;0.0002
"CompileRenderGraph";0.0002;0.0002;0.0002;177;177;177;8;8;0.000199999994947575;0.0002;0.0002;0.0002;1;1;1;1;1;177;0.0002;0.0002;177;177;0.0002
"Default World Unity.Physics.Systems.DummySimulationSystem";0.0002;0.0002;0.0002;177;177;177;9;9;0.000199999994947575;0.0002;0.0002;0.0002;1;1;1;1;1;177;0.0002;0.0002;177;177;0.0002
"EarlyUpdate.ResetFrameStatsAfterPresent";0.0002;0.0002;0.0002;177;177;177;3;3;0.000199999994947575;0.0002;0.0002;0.0002;1;1;1;1;1;177;0.0002;0.0002;177;177;0.0002
"GPUResidentDrawer.FreeRendererGroupInstances";0.0002;0.0002;0.0002;177;177;177;7;7;0.000199999994947575;0.0002;0.0002;0.0002;1;1;1;1;1;177;0.0002;0.0002;177;177;0.0002
"GPUResidentDrawer.TransformInstances";0.0002;0.0002;0.0002;177;177;177;7;7;0.000199999994947575;0.0002;0.0002;0.0002;1;1;1;1;1;177;0.0002;0.0002;177;177;0.0002
"Initialization.SynchronizeState";0.0002;0.0002;0.0002;177;177;177;3;3;0.000199999994947575;0.0002;0.0002;0.0002;1;1;1;1;1;177;0.0002;0.0002;177;177;0.0002
"NavMeshManager";0.0002;0.0002;0.0002;177;177;177;4;4;0.000199999994947575;0.0002;0.0002;0.0002;1;1;1;1;1;177;0.0002;0.0002;177;177;0.0002
"ParticleSystem.WaitForPreviousRenderingToFinish";0.0002;0.0002;0.0002;177;177;177;5;5;0.000199999994947575;0.0002;0.0002;0.0002;1;1;1;1;1;177;0.0002;0.0002;177;177;0.0002
"PostLateUpdate.BatchModeUpdate";0.0002;0.0002;0.0002;177;177;177;3;3;0.000199999994947575;0.0002;0.0002;0.0002;1;1;1;1;1;177;0.0002;0.0002;177;177;0.0002
"PostLateUpdate.PhysicsSkinnedClothFinishUpdate";0.0002;0.0002;0.0002;177;177;177;3;3;0.000199999994947575;0.0002;0.0002;0.0002;1;1;1;1;1;177;0.0002;0.0002;177;177;0.0002
"PostLateUpdate.XRPostLateUpdate";0.0002;0.0002;0.0002;177;177;177;3;3;0.000199999994947575;0.0002;0.0002;0.0002;1;1;1;1;1;177;0.0002;0.0002;177;177;0.0002
"PreLateUpdate.DirectorUpdateAnimationEnd";0.0002;0.0002;0.0002;177;177;177;3;3;0.000199999994947575;0.0002;0.0002;0.0002;1;1;1;1;1;177;0.0002;0.0002;177;177;0.0002
"PreUpdate.CheckTexFieldInput";0.0002;0.0002;0.0002;177;177;177;3;3;0.000199999994947575;0.0002;0.0002;0.0002;1;1;1;1;1;177;0.0002;0.0002;177;177;0.0002
"Profiler.CollectEditorStats";0.0002;0.0002;0.0002;177;177;177;1;1;0.000199999994947575;0.0002;0.0002;0.0002;1;1;1;1;1;177;0.0002;0.0002;177;177;0.0002
"QueuePrepareIntegrateMainThreadObjects";0.0002;0.0002;0.0002;177;177;177;9;10;0.000199999994947575;0.0002;0.0002;0.0002;2;2;2;2;1;177;0.0001;0.0001;177;177;0.0002
"Send messages";0.0002;0.0002;0.0002;177;177;177;5;5;0.000199999994947575;0.0002;0.0002;0.0002;1;1;1;1;1;177;0.0002;0.0002;177;177;0.0002
"Shadows.Sort";0.0002;0.0002;0.0002;177;177;177;16;16;0.000199999994947575;0.0002;0.0002;0.0002;1;1;1;1;1;177;0.0002;0.0002;177;177;0.0002
"SoundManager.Update";0.0002;0.0002;0.0002;177;177;177;4;4;0.000199999994947575;0.0002;0.0002;0.0002;1;1;1;1;1;177;0.0002;0.0002;177;177;0.0002
"TextRendering.CollectGarbage";0.0002;0.0002;0.0002;177;177;177;4;4;0.000199999994947575;0.0002;0.0002;0.0002;1;1;1;1;1;177;0.0002;0.0002;177;177;0.0002
"TextureStreamingManager.Update";0.0002;0.0002;0.0002;177;177;177;4;4;0.000199999994947575;0.0002;0.0002;0.0002;1;1;1;1;1;177;0.0002;0.0002;177;177;0.0002
"UIEvents.UpdateCanvasRectTransform";0.0002;0.0002;0.0002;177;177;177;4;4;0.000199999994947575;0.0002;0.0002;0.0002;1;1;1;1;1;177;0.0002;0.0002;177;177;0.0002
"ClothManager.UploadSimulatedSkinData";0.0001;0.0001;0.0001;177;177;177;4;4;9.99999974737875E-05;0.0001;0.0001;0.0001;1;1;1;1;1;177;0.0001;0.0001;177;177;0.0001
"ConstraintManager::Update::JobSetup";0.0001;0.0001;0.0001;177;177;177;5;5;9.99999974737875E-05;0.0001;0.0001;0.0001;1;1;1;1;1;177;0.0001;0.0001;177;177;0.0001
"EditorConnection.RefreshObservablePlayerList";0.0001;0.0001;0.0001;177;177;177;5;5;9.99999974737875E-05;0.0001;0.0001;0.0001;1;1;1;1;1;177;0.0001;0.0001;177;177;0.0001
"FindShadowCastingLights";0.0001;0.0001;0.0001;177;177;177;11;11;9.99999974737875E-05;0.0001;0.0001;0.0001;1;1;1;1;1;177;0.0001;0.0001;177;177;0.0001
"Inl_DecalCreateDrawCallSystem.Execute";0.0001;0.0001;0.0001;177;177;177;8;8;9.99999974737875E-05;0.0001;0.0001;0.0001;1;1;1;1;1;177;0.0001;0.0001;177;177;0.0001
"Inl_DecalDrawErrorSystem.Execute";0.0001;0.0001;0.0001;177;177;177;8;8;9.99999974737875E-05;0.0001;0.0001;0.0001;1;1;1;1;1;177;0.0001;0.0001;177;177;0.0001
"Inl_DecalDrawIntoDBufferSystem.Execute";0.0001;0.0001;0.0001;177;177;177;9;9;9.99999974737875E-05;0.0001;0.0001;0.0001;1;1;1;1;1;177;0.0001;0.0001;177;177;0.0001
"Inl_DecalUpdateCulledSystem.Execute";0.0001;0.0001;0.0001;177;177;177;8;8;9.99999974737875E-05;0.0001;0.0001;0.0001;1;1;1;1;1;177;0.0001;0.0001;177;177;0.0001
"Inl_DecalUpdateCullingGroupsSystem.Execute";0.0001;0.0001;0.0001;177;177;177;8;8;9.99999974737875E-05;0.0001;0.0001;0.0001;1;1;1;1;1;177;0.0001;0.0001;177;177;0.0001
"Inl_UniversalRenderPipeline.GetPerObjectLightFlags";0.0001;0.0001;0.0001;177;177;177;8;8;9.99999974737875E-05;0.0001;0.0001;0.0001;1;1;1;1;1;177;0.0001;0.0001;177;177;0.0001
"PostLateUpdate.EndGraphicsJobsAfterScriptLateUpdate";0.0001;0.0001;0.0001;177;177;177;3;3;9.99999974737875E-05;0.0001;0.0001;0.0001;1;1;1;1;1;177;0.0001;0.0001;177;177;0.0001
"RenderTarget.SetActive";0.0001;0.0001;0.0001;177;177;177;9;11;9.99999974737875E-05;0.0001;0.0001;0.0001;7;7;7;7;1;177;0;0.0001;177;177;0.0001
"Semaphore.WaitForSignal";0.0001;0.0001;0.0001;177;177;177;3;3;9.99999974737875E-05;0.0001;0.0001;0.0001;1;1;1;1;1;177;0.0001;0.0001;177;177;0.0001
"Setup Debug Properties";0.0001;0.0001;0.0001;177;177;177;9;9;9.99999974737875E-05;0.0001;0.0001;0.0001;1;1;1;1;1;177;0.0001;0.0001;177;177;0.0001
"SortingGroupManager.Update";0.0001;0.0001;0.0001;177;177;177;4;4;9.99999974737875E-05;0.0001;0.0001;0.0001;1;1;1;1;1;177;0.0001;0.0001;177;177;0.0001
"Terrain.Trees.OnWillRender";0.0001;0.0001;0.0001;177;177;177;9;11;9.99999974737875E-05;0.0001;0.0001;0.0001;2;2;2;2;1;177;0;0.0001;177;177;0.0001
"VFX Process Camera";0.0001;0.0001;0.0001;177;177;177;9;9;9.99999974737875E-05;0.0001;0.0001;0.0001;1;1;1;1;1;177;0.0001;0.0001;177;177;0.0001
"VFX.CollectShadowCullResults";0.0001;0.0001;0.0001;177;177;177;9;9;9.99999974737875E-05;0.0001;0.0001;0.0001;1;1;1;1;1;177;0.0001;0.0001;177;177;0.0001
"AnimationClip Count";0;0;0;177;177;177;3;3;0;0;0;0;1;1;1;1;1;177;0;0;177;177;0
"AnimationClip Memory";0;0;0;177;177;177;3;3;0;0;0;0;1;1;1;1;1;177;0;0;177;177;0
"App Committed Memory";0;0;0;177;177;177;3;3;0;0;0;0;1;1;1;1;1;177;0;0;177;177;0
"App Resident Memory";0;0;0;177;177;177;3;3;0;0;0;0;1;1;1;1;1;177;0;0;177;177;0
"Asset Bundles";0;0;0;177;177;177;3;3;0;0;0;0;1;1;1;1;1;177;0;0;177;177;0
"Asset Count";0;0;0;177;177;177;3;3;0;0;0;0;1;1;1;1;1;177;0;0;177;177;0
"Assets";0;0;0;177;177;177;3;3;0;0;0;0;1;1;1;1;1;177;0;0;177;177;0
"Audio Reads";0;0;0;177;177;177;3;3;0;0;0;0;1;1;1;1;1;177;0;0;177;177;0
"Audio Reserved Memory";0;0;0;177;177;177;3;3;0;0;0;0;1;1;1;1;1;177;0;0;177;177;0
"Audio Used Memory";0;0;0;177;177;177;3;3;0;0;0;0;1;1;1;1;1;177;0;0;177;177;0
"AudioClip Count";0;0;0;177;177;177;3;3;0;0;0;0;1;1;1;1;1;177;0;0;177;177;0
"AudioClip Memory";0;0;0;177;177;177;3;3;0;0;0;0;1;1;1;1;1;177;0;0;177;177;0
"BeginJob";0;0;0;177;177;177;7;14;0;0;0;0;8;8;8;8;1;177;0;0;177;177;0
"Catalogs";0;0;0;177;177;177;3;3;0;0;0;0;1;1;1;1;1;177;0;0;177;177;0
"Command Process Time";0;0;0;177;177;177;3;3;0;0;0;0;1;1;1;1;1;177;0;0;177;177;0
"CullingGroupSendEvents";0;0;0;177;177;177;8;8;0;0;0;0;1;1;1;1;1;177;0;0;177;177;0
"DecalDrawFowardEmissiveSystem.Execute";0;0;0;177;177;177;10;10;0;0;0;0;1;1;1;1;1;177;0;0;177;177;0
"DecalDrawIntoDBufferSystem.Execute";0;0;0;177;177;177;10;10;0;0;0;0;1;1;1;1;1;177;0;0;177;177;0
"EndJob";0;0;0;177;177;177;7;14;0;0;0;0;8;8;8;8;1;177;0;0;177;177;0
"Entities Reads";0;0;0;177;177;177;3;3;0;0;0;0;1;1;1;1;1;177;0;0;177;177;0
"File Bytes Read";0;0;0;177;177;177;3;3;0;0;0;0;1;1;1;1;1;177;0;0;177;177;0
"File Bytes Written";0;0;0;177;177;177;3;3;0;0;0;0;1;1;1;1;1;177;0;0;177;177;0
"File Handles Open";0;0;0;177;177;177;3;3;0;0;0;0;1;1;1;1;1;177;0;0;177;177;0
"File Reads Finished";0;0;0;177;177;177;3;3;0;0;0;0;1;1;1;1;1;177;0;0;177;177;0
"File Reads Started";0;0;0;177;177;177;3;3;0;0;0;0;1;1;1;1;1;177;0;0;177;177;0
"File Seeks";0;0;0;177;177;177;3;3;0;0;0;0;1;1;1;1;1;177;0;0;177;177;0
"Files Closed";0;0;0;177;177;177;3;3;0;0;0;0;1;1;1;1;1;177;0;0;177;177;0
"Files Opened";0;0;0;177;177;177;3;3;0;0;0;0;1;1;1;1;1;177;0;0;177;177;0
"Game Object Count";0;0;0;177;177;177;3;3;0;0;0;0;1;1;1;1;1;177;0;0;177;177;0
"GC Allocated In Frame";0;0;0;177;177;177;3;3;0;0;0;0;1;1;1;1;1;177;0;0;177;177;0
"GC Allocation In Frame Count";0;0;0;177;177;177;3;3;0;0;0;0;1;1;1;1;1;177;0;0;177;177;0
"GC Reserved Memory";0;0;0;177;177;177;3;3;0;0;0;0;1;1;1;1;1;177;0;0;177;177;0
"GC Used Memory";0;0;0;177;177;177;3;3;0;0;0;0;1;1;1;1;1;177;0;0;177;177;0
"Gfx Reserved Memory";0;0;0;177;177;177;3;3;0;0;0;0;1;1;1;1;1;177;0;0;177;177;0
"Gfx Used Memory";0;0;0;177;177;177;3;3;0;0;0;0;1;1;1;1;1;177;0;0;177;177;0
"Inl_DecalDrawFowardEmissiveSystem.Execute";0;0;0;177;177;177;9;9;0;0;0;0;1;1;1;1;1;177;0;0;177;177;0
"Inl_DecalUpdateCachedSystem.Execute";0;0;0;177;177;177;8;8;0;0;0;0;1;1;1;1;1;177;0;0;177;177;0
"KickJobs";0;0;0;177;177;177;5;13;0;0;0;0;55;55;55;55;1;177;0;0;177;177;0
"Loaded Archives";0;0;0;177;177;177;3;3;0;0;0;0;1;1;1;1;1;177;0;0;177;177;0
"Loaded Files";0;0;0;177;177;177;3;3;0;0;0;0;1;1;1;1;1;177;0;0;177;177;0
"Loaded Objects";0;0;0;177;177;177;3;3;0;0;0;0;1;1;1;1;1;177;0;0;177;177;0
"Loaded Scenes";0;0;0;177;177;177;3;3;0;0;0;0;1;1;1;1;1;177;0;0;177;177;0
"Material Count";0;0;0;177;177;177;3;3;0;0;0;0;1;1;1;1;1;177;0;0;177;177;0
"Material Memory";0;0;0;177;177;177;3;3;0;0;0;0;1;1;1;1;1;177;0;0;177;177;0
"Mesh Count";0;0;0;177;177;177;3;3;0;0;0;0;1;1;1;1;1;177;0;0;177;177;0
"Mesh Memory";0;0;0;177;177;177;3;3;0;0;0;0;1;1;1;1;1;177;0;0;177;177;0
"Mesh Reads";0;0;0;177;177;177;3;3;0;0;0;0;1;1;1;1;1;177;0;0;177;177;0
"Object Count";0;0;0;177;177;177;3;3;0;0;0;0;1;1;1;1;1;177;0;0;177;177;0
"Object Load Requests";0;0;0;177;177;177;3;3;0;0;0;0;1;1;1;1;1;177;0;0;177;177;0
"Object Ref Count";0;0;0;177;177;177;3;3;0;0;0;0;1;1;1;1;1;177;0;0;177;177;0
"Object Release Requests";0;0;0;177;177;177;3;3;0;0;0;0;1;1;1;1;1;177;0;0;177;177;0
"Other Reads";0;0;0;177;177;177;3;3;0;0;0;0;1;1;1;1;1;177;0;0;177;177;0
"Physics Used Memory";0;0;0;177;177;177;3;5;0;0;0;0;2;2;2;2;1;177;0;0;177;177;0
"Physics Used Memory (2D)";0;0;0;177;177;177;3;3;0;0;0;0;1;1;1;1;1;177;0;0;177;177;0
"Physics.WriteColliderPoses";0;0;0;177;177;177;6;6;0;0;0;0;2;2;2;2;1;177;0;0;177;177;0
"Physics.WriteRigidbodyPoses";0;0;0;177;177;177;6;6;0;0;0;0;2;2;2;2;1;177;0;0;177;177;0
"PostLateUpdate.ResetInputAxis";0;0;0;177;177;177;3;3;0;0;0;0;1;1;1;1;1;177;0;0;177;177;0
"PostLateUpdate.UpdateCaptureScreenshot";0;0;0;177;177;177;3;3;0;0;0;0;1;1;1;1;1;177;0;0;177;177;0
"PreLateUpdate.PhysicsLateUpdate";0;0;0;177;177;177;3;3;0;0;0;0;1;1;1;1;1;177;0;0;177;177;0
"Profiler Reserved Memory";0;0;0;177;177;177;3;3;0;0;0;0;1;1;1;1;1;177;0;0;177;177;0
"Profiler Used Memory";0;0;0;177;177;177;3;3;0;0;0;0;1;1;1;1;1;177;0;0;177;177;0
"Reads in Flight";0;0;0;177;177;177;3;3;0;0;0;0;1;1;1;1;1;177;0;0;177;177;0
"Scene Load Requests";0;0;0;177;177;177;3;3;0;0;0;0;1;1;1;1;1;177;0;0;177;177;0
"Scene Object Count";0;0;0;177;177;177;3;3;0;0;0;0;1;1;1;1;1;177;0;0;177;177;0
"Scene Unload Requests";0;0;0;177;177;177;3;3;0;0;0;0;1;1;1;1;1;177;0;0;177;177;0
"Scenes";0;0;0;177;177;177;3;3;0;0;0;0;1;1;1;1;1;177;0;0;177;177;0
"ScheduleAllocJob";0;0;0;177;177;177;6;13;0;0;0;0;28;28;28;28;1;177;0;0;177;177;0
"ScheduleJob";0;0;0;177;177;177;5;13;0;0;0;0;87;87;87;87;1;177;0;0;177;177;0
"Scripting Reads";0;0;0;177;177;177;3;3;0;0;0;0;1;1;1;1;1;177;0;0;177;177;0
"System Total Used Memory";0;0;0;177;177;177;3;3;0;0;0;0;1;1;1;1;1;177;0;0;177;177;0
"System Used Memory";0;0;0;177;177;177;3;3;0;0;0;0;1;1;1;1;1;177;0;0;177;177;0
"Terrain.UpdateSplatProperties";0;0;0;177;177;177;9;9;0;0;0;0;1;1;1;1;1;177;0;0;177;177;0
"Texture Count";0;0;0;177;177;177;3;3;0;0;0;0;1;1;1;1;1;177;0;0;177;177;0
"Texture Memory";0;0;0;177;177;177;3;3;0;0;0;0;1;1;1;1;1;177;0;0;177;177;0
"Texture Reads";0;0;0;177;177;177;3;3;0;0;0;0;1;1;1;1;1;177;0;0;177;177;0
"Total Reserved Memory";0;0;0;177;177;177;3;3;0;0;0;0;1;1;1;1;1;177;0;0;177;177;0
"Total Used Memory";0;0;0;177;177;177;3;3;0;0;0;0;1;1;1;1;1;177;0;0;177;177;0
"UIEvents.AlignCanvasRectTransformWithCamera";0;0;0;177;177;177;4;4;0;0;0;0;1;1;1;1;1;177;0;0;177;177;0
"Video Reserved Memory";0;0;0;177;177;177;3;3;0;0;0;0;1;1;1;1;1;177;0;0;177;177;0
"Video Used Memory";0;0;0;177;177;177;3;3;0;0;0;0;1;1;1;1;1;177;0;0;177;177;0
"Virtual Texture Reads";0;0;0;177;177;177;3;3;0;0;0;0;1;1;1;1;1;177;0;0;177;177;0
"WaitForCompleted";0;0;0;177;177;177;3;13;0;0;0;0;50;50;50;50;1;177;0;0;177;177;0
