Frame Offset; Left Frame Index; Right Frame Index; Left Frame Time (ms); Left time from first frame (ms); Right Frame Time (ms); Right time from first frame (ms); Frame Time Diff (ms)
0;1;1;4.6659;0;4.6659;0;0
1;2;2;4.8245;4.66589975357056;4.8245;4.66589975357056;0
2;3;3;5.6912;9.4903998374939;5.6912;9.4903998374939;0
3;4;4;6.0733;15.1815996170044;6.0733;15.1815996170044;0
4;5;5;4.6756;21.2548995018005;4.6756;21.2548995018005;0
5;6;6;4.7526;25.9304995536804;4.7526;25.9304995536804;0
6;7;7;5.2303;30.6830997467041;5.2303;30.6830997467041;0
7;8;8;4.2553;35.9133996963501;4.2553;35.9133996963501;0
8;9;9;5.0882;40.1686997413635;5.0882;40.1686997413635;0
9;10;10;5.1674;45.2568998336792;5.1674;45.2568998336792;0
10;11;11;4.727;50.4242997169495;4.727;50.4242997169495;0
11;12;12;5.1354;55.1512994766235;5.1354;55.1512994766235;0
12;13;13;4.7073;60.2866992950439;4.7073;60.2866992950439;0
13;14;14;5.3649;64.9939994812012;5.3649;64.9939994812012;0
14;15;15;5.0276;70.3588995933533;5.0276;70.3588995933533;0
15;16;16;4.1953;75.3864994049072;4.1953;75.3864994049072;0
16;17;17;4.5852;79.5817995071411;4.5852;79.5817995071411;0
17;18;18;3.8958;84.1669993400574;3.8958;84.1669993400574;0
18;19;19;4.6881;88.0627992153168;4.6881;88.0627992153168;0
19;20;20;4.7064;92.7508990764618;4.7064;92.7508990764618;0
20;21;21;5.3666;97.4572989940643;5.3666;97.4572989940643;0
21;22;22;5.876;102.823899030685;5.876;102.823899030685;0
22;23;23;5.4535;108.699898958206;5.4535;108.699898958206;0
23;24;24;3.9052;114.153398752213;3.9052;114.153398752213;0
24;25;25;4.4471;118.05859875679;4.4471;118.05859875679;0
25;26;26;3.7357;122.505698919296;3.7357;122.505698919296;0
26;27;27;4.1084;126.24139881134;4.1084;126.24139881134;0
27;28;28;4.5562;130.349798679352;4.5562;130.349798679352;0
28;29;29;4.9827;134.905998706818;4.9827;134.905998706818;0
29;30;30;5.4046;139.888698577881;5.4046;139.888698577881;0
30;31;31;3.998;145.293298721313;3.998;145.293298721313;0
31;32;32;5.8521;149.291298627853;5.8521;149.291298627853;0
32;33;33;4.384;155.143398523331;4.384;155.143398523331;0
33;34;34;4.9602;159.527398347855;4.9602;159.527398347855;0
34;35;35;5.4917;164.487598180771;5.4917;164.487598180771;0
35;36;36;4.4082;169.979298353195;4.4082;169.979298353195;0
36;37;37;4.578;174.387498140335;4.578;174.387498140335;0
37;38;38;3.8749;178.965498209;3.8749;178.965498209;0
38;39;39;4.7814;182.840398311615;4.7814;182.840398311615;0
39;40;40;4.845;187.62179851532;4.845;187.62179851532;0
40;41;41;5.202;192.466798305511;5.202;192.466798305511;0
41;42;42;5.2028;197.668798446655;5.2028;197.668798446655;0
42;43;43;4.0587;202.871598243713;4.0587;202.871598243713;0
43;44;44;5.2916;206.9302983284;5.2916;206.9302983284;0
44;45;45;6.2563;212.221898078918;6.2563;212.221898078918;0
45;46;46;5.5382;218.478198051453;5.5382;218.478198051453;0
46;47;47;4.6121;224.016397953033;4.6121;224.016397953033;0
47;48;48;5.5118;228.628498077393;5.5118;228.628498077393;0
48;49;49;5.5793;234.140297889709;5.5793;234.140297889709;0
49;50;50;4.5162;239.719597816467;4.5162;239.719597816467;0
50;51;51;5.0556;244.23579788208;5.0556;244.23579788208;0
51;52;52;4.3932;249.291398048401;4.3932;249.291398048401;0
52;53;53;6.3558;253.684597969055;6.3558;253.684597969055;0
53;54;54;8.3631;260.04039812088;8.3631;260.04039812088;0
54;55;55;5.7137;268.40349817276;5.7137;268.40349817276;0
55;56;56;3.6925;274.117197990417;3.6925;274.117197990417;0
56;57;57;4.4472;277.80969786644;4.4472;277.80969786644;0
57;58;58;6.7167;282.256897687912;6.7167;282.256897687912;0
58;59;59;4.7337;288.973597764969;4.7337;288.973597764969;0
59;60;60;5.4287;293.707297563553;5.4287;293.707297563553;0
60;61;61;6.767;299.135997533798;6.767;299.135997533798;0
61;62;62;4.7264;305.902997732162;4.7264;305.902997732162;0
62;63;63;5.4183;310.629397630692;5.4183;310.629397630692;0
63;64;64;5.8571;316.047697782516;5.8571;316.047697782516;0
64;65;65;4.0911;321.904797792435;4.0911;321.904797792435;0
65;66;66;4.4578;325.995898008347;4.4578;325.995898008347;0
66;67;67;6.294;330.453697919846;6.294;330.453697919846;0
67;68;68;4.5389;336.747698068619;4.5389;336.747698068619;0
68;69;69;4.0308;341.286597967148;4.0308;341.286597967148;0
69;70;70;3.9252;345.31739783287;3.9252;345.31739783287;0
70;71;71;4.7215;349.242597818375;4.7215;349.242597818375;0
71;72;72;6.0611;353.964097738266;6.0611;353.964097738266;0
72;73;73;4.8061;360.02519774437;4.8061;360.02519774437;0
73;74;74;4.9912;364.831297636032;4.9912;364.831297636032;0
74;75;75;4.8594;369.822497606277;4.8594;369.822497606277;0
75;76;76;4.4923;374.68189740181;4.4923;374.68189740181;0
76;77;77;4.9744;379.174197435379;4.9744;379.174197435379;0
77;78;78;5.1603;384.148597478867;5.1603;384.148597478867;0
78;79;79;4.9266;389.308897256851;4.9266;389.308897256851;0
79;80;80;5.3084;394.235497236252;5.3084;394.235497236252;0
80;81;81;4.2864;399.543897390366;4.2864;399.543897390366;0
81;82;82;5.8178;403.830297231674;5.8178;403.830297231674;0
82;83;83;5.4849;409.648097276688;5.4849;409.648097276688;0
83;84;84;5.1821;415.132997274399;5.1821;415.132997274399;0
84;85;85;4.9686;420.315097093582;4.9686;420.315097093582;0
85;86;86;5.4135;425.283696889877;5.4135;425.283696889877;0
86;87;87;7.2494;430.697196722031;7.2494;430.697196722031;0
87;88;88;5.3882;437.946596860886;5.3882;437.946596860886;0
88;89;89;4.589;443.334796667099;4.589;443.334796667099;0
89;90;90;5.4623;447.923796892166;5.4623;447.923796892166;0
90;91;91;6.6648;453.386096715927;6.6648;453.386096715927;0
91;92;92;5.8887;460.050896883011;5.8887;460.050896883011;0
92;93;93;6.7242;465.939596891403;6.7242;465.939596891403;0
93;94;94;5.1802;472.663796663284;5.1802;472.663796663284;0
94;95;95;4.2755;477.843996763229;4.2755;477.843996763229;0
95;96;96;5.8075;482.119496583939;5.8075;482.119496583939;0
96;97;97;5.3281;487.926996469498;5.3281;487.926996469498;0
97;98;98;7.459;493.255096673965;7.459;493.255096673965;0
98;99;99;5.0409;500.714096784592;5.0409;500.714096784592;0
99;100;100;6.1722;505.754996538162;6.1722;505.754996538162;0
100;101;101;6.2713;511.927196741104;6.2713;511.927196741104;0
101;102;102;7.4994;518.198496580124;7.4994;518.198496580124;0
102;103;103;5.5861;525.697896718979;5.5861;525.697896718979;0
103;104;104;4.9089;531.28399682045;4.9089;531.28399682045;0
104;105;105;5.8775;536.192896604538;5.8775;536.192896604538;0
105;106;106;5.6562;542.070396661758;5.6562;542.070396661758;0
106;107;107;4.9116;547.726596593857;4.9116;547.726596593857;0
107;108;108;4.6082;552.638196706772;4.6082;552.638196706772;0
108;109;109;5.2436;557.246396780014;5.2436;557.246396780014;0
109;110;110;5.1375;562.489996671677;5.1375;562.489996671677;0
110;111;111;4.8997;567.627496480942;4.8997;567.627496480942;0
111;112;112;5.3465;572.527196645737;5.3465;572.527196645737;0
112;113;113;4.913;577.873696565628;4.913;577.873696565628;0
113;114;114;5.0132;582.78669667244;5.0132;582.78669667244;0
114;115;115;6.0916;587.799896478653;6.0916;587.799896478653;0
115;116;116;6.4223;593.891496419907;6.4223;593.891496419907;0
116;117;117;5.9854;600.313796281815;5.9854;600.313796281815;0
117;118;118;5.409;606.299196481705;5.409;606.299196481705;0
118;119;119;5.748;611.708196401596;5.748;611.708196401596;0
119;120;120;5.3086;617.456196546555;5.3086;617.456196546555;0
120;121;121;6.2979;622.764796495438;6.2979;622.764796495438;0
121;122;122;5.3432;629.062696695328;5.3432;629.062696695328;0
122;123;123;5.7584;634.405896902084;5.7584;634.405896902084;0
123;124;124;5.5601;640.164296865463;5.5601;640.164296865463;0
124;125;125;5.3691;645.724396944046;5.3691;645.724396944046;0
125;126;126;6.4122;651.093497037888;6.4122;651.093497037888;0
126;127;127;5.9931;657.505697011948;5.9931;657.505697011948;0
127;128;128;5.7772;663.498797178268;5.7772;663.498797178268;0
128;129;129;6.4686;669.275997400284;6.4686;669.275997400284;0
129;130;130;5.5653;675.744597196579;5.5653;675.744597196579;0
130;131;131;5.1726;681.309897184372;5.1726;681.309897184372;0
131;132;132;5.4447;686.482496976852;5.4447;686.482496976852;0
132;133;133;5.606;691.927196741104;5.606;691.927196741104;0
133;134;134;6.0158;697.533196687698;6.0158;697.533196687698;0
134;135;135;5.8005;703.548996686935;5.8005;703.548996686935;0
135;136;136;6.6045;709.349496603012;6.6045;709.349496603012;0
136;137;137;5.5599;715.953996419907;5.5599;715.953996419907;0
137;138;138;5.6234;721.513896226883;5.6234;721.513896226883;0
138;139;139;5.3233;727.137296438217;5.3233;727.137296438217;0
139;140;140;5.2424;732.460596323013;5.2424;732.460596323013;0
140;141;141;5.3689;737.702996492386;5.3689;737.702996492386;0
141;142;142;5.2564;743.071896314621;5.2564;743.071896314621;0
142;143;143;4.8032;748.328296422958;4.8032;748.328296422958;0
143;144;144;5.3001;753.131496191025;5.3001;753.131496191025;0
144;145;145;4.9241;758.431596040726;4.9241;758.431596040726;0
145;146;146;6.4647;763.355695962906;6.4647;763.355695962906;0
146;147;147;6.3973;769.820396184921;6.3973;769.820396184921;0
147;148;148;5.6979;776.217695951462;5.6979;776.217695951462;0
148;149;149;4.6169;781.915595769882;4.6169;781.915595769882;0
149;150;150;3.8142;786.532495737076;3.8142;786.532495737076;0
150;151;151;5.7618;790.346695661545;5.7618;790.346695661545;0
151;152;152;4.2232;796.108495473862;4.2232;796.108495473862;0
152;153;153;6.051;800.331695318222;6.051;800.331695318222;0
153;154;154;4.9744;806.382695436478;4.9744;806.382695436478;0
154;155;155;4.9013;811.357095479965;4.9013;811.357095479965;0
155;156;156;4.9868;816.258395433426;4.9868;816.258395433426;0
156;157;157;5.0289;821.245195627213;5.0289;821.245195627213;0
157;158;158;4.3569;826.274095773697;4.3569;826.274095773697;0
158;159;159;4.2786;830.630995988846;4.2786;830.630995988846;0
159;160;160;4.8834;834.909596204758;4.8834;834.909596204758;0
160;161;161;5.9497;839.792996168137;5.9497;839.792996168137;0
161;162;162;5.1728;845.742696046829;5.1728;845.742696046829;0
162;163;163;4.9717;850.915496110916;4.9717;850.915496110916;0
163;164;164;4.1731;855.887196302414;4.1731;855.887196302414;0
164;165;165;4.6371;860.060296297073;4.6371;860.060296297073;0
165;166;166;5.0644;864.6973965168;5.0644;864.6973965168;0
166;167;167;4.7908;869.761796712875;4.7908;869.761796712875;0
167;168;168;4.1795;874.55259680748;4.1795;874.55259680748;0
168;169;169;3.9637;878.732096910477;3.9637;878.732096910477;0
169;170;170;4.0357;882.695796966553;4.0357;882.695796966553;0
170;171;171;4.3977;886.731496810913;4.3977;886.731496810913;0
171;172;172;7.264;891.129196643829;7.264;891.129196643829;0
172;173;173;5.2776;898.393196582794;5.2776;898.393196582794;0
173;174;174;4.3113;903.670796394348;4.3113;903.670796394348;0
174;175;175;4.5141;907.982096195221;4.5141;907.982096195221;0
175;176;176;4.9041;912.496196269989;4.9041;912.496196269989;0
176;177;177;5.4619;917.400296211243;5.4619;917.400296211243;0
177;178;178;6.2235;922.862195968628;6.2235;922.862195968628;0
178;179;179;4.1746;929.085695743561;4.1746;929.085695743561;0
179;180;180;4.6082;933.26029586792;4.6082;933.26029586792;0
180;181;181;5.8064;937.868495941162;5.8064;937.868495941162;0
181;182;182;3.7176;943.674895763397;3.7176;943.674895763397;0
182;183;183;3.7561;947.39249587059;3.7561;947.39249587059;0
183;184;184;4.006;951.148595809937;4.006;951.148595809937;0
184;185;185;4.771;955.154595851898;4.771;955.154595851898;0
185;186;186;4.0517;959.925595760345;4.0517;959.925595760345;0
186;187;187;4.7944;963.977295875549;4.7944;963.977295875549;0
187;188;188;4.3338;968.771696090698;4.3338;968.771696090698;0
188;189;189;5.3837;973.105495929718;5.3837;973.105495929718;0
189;190;190;4.2625;978.489195823669;4.2625;978.489195823669;0
190;191;191;4.1369;982.751695632935;4.1369;982.751695632935;0
191;192;192;3.7651;986.888595581055;3.7651;986.888595581055;0
192;193;193;4.6546;990.653695583344;4.6546;990.653695583344;0
193;194;194;6.0392;995.308295726776;6.0392;995.308295726776;0
194;195;195;4.2946;1001.34749555588;4.2946;1001.34749555588;0
195;196;196;3.9246;1005.6420955658;3.9246;1005.6420955658;0
196;197;197;4.7852;1009.56669545174;4.7852;1009.56669545174;0
197;198;198;4.9778;1014.35189557076;4.9778;1014.35189557076;0
198;199;199;4.3636;1019.32969546318;4.3636;1019.32969546318;0
199;200;200;4.7142;1023.6932952404;4.7142;1023.6932952404;0
200;201;201;4.1897;1028.40749526024;4.1897;1028.40749526024;0
201;202;202;4.7167;1032.59719538689;4.7167;1032.59719538689;0
202;203;203;4.512;1037.31389546394;4.512;1037.31389546394;0
203;204;204;4.0105;1041.82589554787;4.0105;1041.82589554787;0
204;205;205;4.2762;1045.83639550209;4.2762;1045.83639550209;0
205;206;206;3.8149;1050.11259531975;3.8149;1050.11259531975;0
206;207;207;4.3245;1053.92749524117;4.3245;1053.92749524117;0
207;208;208;3.9252;1058.25199532509;3.9252;1058.25199532509;0
208;209;209;4.5279;1062.17719531059;4.5279;1062.17719531059;0
209;210;210;4.6927;1066.70509552956;4.6927;1066.70509552956;0
210;211;211;4.0796;1071.39779543877;4.0796;1071.39779543877;0
211;212;212;3.967;1075.4773952961;3.967;1075.4773952961;0
212;213;213;3.8888;1079.44439530373;3.8888;1079.44439530373;0
213;214;214;3.7836;1083.3331952095;3.7836;1083.3331952095;0
214;215;215;4.2684;1087.11679530144;4.2684;1087.11679530144;0
215;216;216;4.1066;1091.3851954937;4.1066;1091.3851954937;0
216;217;217;4.8103;1095.49179530144;4.8103;1095.49179530144;0
217;218;218;4.3566;1100.30209517479;4.3566;1100.30209517479;0
218;219;219;4.6082;1104.65869498253;4.6082;1104.65869498253;0
219;220;220;4.2989;1109.26689505577;4.2989;1109.26689505577;0
220;221;221;4.2755;1113.56579518318;4.2755;1113.56579518318;0
221;222;222;3.892;1117.84129500389;3.892;1117.84129500389;0
222;223;223;4.3683;1121.73329496384;4.3683;1121.73329496384;0
223;224;224;4.5636;1126.10159492493;4.5636;1126.10159492493;0
224;225;225;4.0698;1130.66519498825;4.0698;1130.66519498825;0
225;226;226;4.035;1134.73499488831;4.035;1134.73499488831;0
226;227;227;4.1164;1138.76999473572;4.1164;1138.76999473572;0
227;228;228;3.7585;1142.88639450073;3.7585;1142.88639450073;0
228;229;229;4.1;1146.64489459991;4.1;1146.64489459991;0
229;230;230;4.0467;1150.74489450455;4.0467;1150.74489450455;0
230;231;231;4.117;1154.79159450531;4.117;1154.79159450531;0
231;232;232;4.531;1158.90859460831;4.531;1158.90859460831;0
232;233;233;4.7724;1163.43959474564;4.7724;1163.43959474564;0
233;234;234;4.0782;1168.21199464798;4.0782;1168.21199464798;0
234;235;235;4.2134;1172.29019451141;4.2134;1172.29019451141;0
235;236;236;3.9554;1176.5035943985;3.9554;1176.5035943985;0
236;237;237;3.905;1180.45899438858;3.905;1180.45899438858;0
237;238;238;4.208;1184.36399435997;4.208;1184.36399435997;0
238;239;239;4.7075;1188.57199454308;4.7075;1188.57199454308;0
239;240;240;4.6714;1193.279494524;4.6714;1193.279494524;0
240;241;241;5.2568;1197.95089459419;5.2568;1197.95089459419;0
241;242;242;4.4202;1203.20769476891;4.4202;1203.20769476891;0
242;243;243;4.4976;1207.62789463997;4.4976;1207.62789463997;0
243;244;244;5.443;1212.12549471855;5.443;1212.12549471855;0
244;245;245;4.0339;1217.56849455833;4.0339;1217.56849455833;0
245;246;246;4.3924;1221.60239434242;4.3924;1221.60239434242;0
246;247;247;4.8361;1225.99479413033;4.8361;1225.99479413033;0
247;248;248;4.2443;1230.8308942318;4.2443;1230.8308942318;0
248;249;249;4.8701;1235.07519412041;4.8701;1235.07519412041;0
249;250;250;4.0237;1239.94529414177;4.0237;1239.94529414177;0
250;251;251;4.5958;1243.96899390221;4.5958;1243.96899390221;0
251;252;252;4.1221;1248.56479382515;4.1221;1248.56479382515;0
252;253;253;4.021;1252.68689370155;4.021;1252.68689370155;0
253;254;254;4.7163;1256.70789361;4.7163;1256.70789361;0
254;255;255;4.9752;1261.42419362068;4.9752;1261.42419362068;0
255;256;256;4.4103;1266.39939379692;4.4103;1266.39939379692;0
256;257;257;4.1855;1270.80969357491;4.1855;1270.80969357491;0
257;258;258;4.7896;1274.99519371986;4.7896;1274.99519371986;0
258;259;259;4.0385;1279.78479361534;4.0385;1279.78479361534;0
259;260;260;4.8183;1283.82329344749;4.8183;1283.82329344749;0
260;261;261;4.8812;1288.64159321785;4.8812;1288.64159321785;0
261;262;262;4.0456;1293.52279305458;4.0456;1293.52279305458;0
262;263;263;4.7852;1297.56839299202;4.7852;1297.56839299202;0
263;264;264;3.7537;1302.35359311104;3.7537;1302.35359311104;0
264;265;265;4.4429;1306.10729312897;4.4429;1306.10729312897;0
265;266;266;4.585;1310.55019330978;4.585;1310.55019330978;0
266;267;267;5.746;1315.13519334793;5.746;1315.13519334793;0
267;268;268;4.8959;1320.88119316101;4.8959;1320.88119316101;0
268;269;269;4.024;1325.77709293365;4.024;1325.77709293365;0
269;270;270;4.846;1329.8010931015;4.846;1329.8010931015;0
270;271;271;4.0156;1334.64709329605;4.0156;1334.64709329605;0
271;272;272;4.6325;1338.66269350052;4.6325;1338.66269350052;0
272;273;273;3.6059;1343.29519367218;3.6059;1343.29519367218;0
273;274;274;4.2323;1346.90109372139;4.2323;1346.90109372139;0
274;275;275;3.9772;1351.13339352608;3.9772;1351.13339352608;0
275;276;276;4.9228;1355.11059355736;4.9228;1355.11059355736;0
276;277;277;4.517;1360.03339362144;4.517;1360.03339362144;0
277;278;278;5.776;1364.55039381981;5.776;1364.55039381981;0
278;279;279;5.6099;1370.3263938427;5.6099;1370.3263938427;0
279;280;280;4.759;1375.93629384041;4.759;1375.93629384041;0
280;281;281;4.0192;1380.69529366493;4.0192;1380.69529366493;0
281;282;282;4.3599;1384.71449351311;4.3599;1384.71449351311;0
282;283;283;4.018;1389.07439351082;4.018;1389.07439351082;0
283;284;284;4.3601;1393.0923936367;4.3601;1393.0923936367;0
284;285;285;3.7705;1397.45249342918;3.7705;1397.45249342918;0
285;286;286;4.2532;1401.22299337387;4.2532;1401.22299337387;0
286;287;287;4.3388;1405.47619342804;4.3388;1405.47619342804;0
287;288;288;4.9387;1409.8149933815;4.9387;1409.8149933815;0
288;289;289;5.4391;1414.75369358063;5.4391;1414.75369358063;0
289;290;290;3.8466;1420.19279336929;3.8466;1420.19279336929;0
290;291;291;4.575;1424.03939342499;4.575;1424.03939342499;0
291;292;292;4.7447;1428.61439323425;4.7447;1428.61439323425;0
292;293;293;4.576;1433.35909318924;4.576;1433.35909318924;0
293;294;294;4.0849;1437.93509340286;4.0849;1437.93509340286;0
294;295;295;4.5114;1442.01999330521;4.5114;1442.01999330521;0
295;296;296;5.0455;1446.53139352798;5.0455;1446.53139352798;0
296;297;297;3.8711;1451.57689332962;3.8711;1451.57689332962;0
297;298;298;4.6849;1455.4479932785;4.6849;1455.4479932785;0
298;299;299;4.1097;1460.13289308548;4.1097;1460.13289308548;0
299;300;300;5.1149;1464.24259328842;5.1149;1464.24259328842;0
300;301;301;4.6162;1469.35749340057;4.6162;1469.35749340057;0
301;302;302;5.5294;1473.97369337082;5.5294;1473.97369337082;0
302;303;303;4.2896;1479.50309324265;4.2896;1479.50309324265;0
303;304;304;3.9409;1483.79269313812;3.9409;1483.79269313812;0
304;305;305;4.6421;1487.73359322548;4.6421;1487.73359322548;0
305;306;306;3.9674;1492.37569308281;3.9674;1492.37569308281;0
306;307;307;4.7377;1496.34309315681;4.7377;1496.34309315681;0
307;308;308;4.773;1501.08079314232;4.773;1501.08079314232;0
308;309;309;4.3211;1505.85379290581;4.3211;1505.85379290581;0
309;310;310;4.9024;1510.17489266396;4.9024;1510.17489266396;0
310;311;311;4.3201;1515.07729268074;4.3201;1515.07729268074;0
311;312;312;4.3207;1519.39739251137;4.3207;1519.39739251137;0
312;313;313;4.7576;1523.71809267998;4.7576;1523.71809267998;0
313;314;314;5.4077;1528.4756925106;5.4077;1528.4756925106;0
314;315;315;5.1677;1533.8833925724;5.1677;1533.8833925724;0
315;316;316;5.4367;1539.05109238625;5.4367;1539.05109238625;0
316;317;317;4.9701;1544.48779225349;4.9701;1544.48779225349;0
317;318;318;5.2187;1549.45789217949;5.2187;1549.45789217949;0
318;319;319;4.0388;1554.67659211159;4.0388;1554.67659211159;0
319;320;320;5.8698;1558.71539187431;5.8698;1558.71539187431;0
320;321;321;5.1477;1564.5851919651;5.1477;1564.5851919651;0
321;322;322;7.8345;1569.73289179802;7.8345;1569.73289179802;0
322;323;323;4.3373;1577.56739163399;4.3373;1577.56739163399;0
323;324;324;4.4943;1581.90469145775;4.4943;1581.90469145775;0
324;325;325;4.3341;1586.39899134636;4.3341;1586.39899134636;0
325;326;326;4.9844;1590.73309111595;4.9844;1590.73309111595;0
326;327;327;4.0069;1595.71749091148;4.0069;1595.71749091148;0
327;328;328;6.3801;1599.72439074516;6.3801;1599.72439074516;0
328;329;329;5.9336;1606.10449051857;5.9336;1606.10449051857;0
329;330;330;5.4362;1612.03809046745;5.4362;1612.03809046745;0
330;331;331;4.6756;1617.47429060936;4.6756;1617.47429060936;0
331;332;332;5.2381;1622.14989066124;5.2381;1622.14989066124;0
332;333;333;4.5397;1627.38799071312;4.5397;1627.38799071312;0
333;334;334;4.4068;1631.9276907444;4.4068;1631.9276907444;0
334;335;335;5.0012;1636.33449053764;5.0012;1636.33449053764;0
335;336;336;4.9907;1641.33569073677;4.9907;1641.33569073677;0
336;337;337;4.6462;1646.32639050484;4.6462;1646.32639050484;0
337;338;338;4.8631;1650.97259068489;4.8631;1650.97259068489;0
338;339;339;4.5554;1655.83569073677;4.5554;1655.83569073677;0
339;340;340;5.3158;1660.39109063148;5.3158;1660.39109063148;0
340;341;341;4.5895;1665.70689082146;4.5895;1665.70689082146;0
341;342;342;4.9422;1670.29639077187;4.9422;1670.29639077187;0
342;343;343;5.6107;1675.23859095573;5.6107;1675.23859095573;0
343;344;344;4.2473;1680.8492910862;4.2473;1680.8492910862;0
344;345;345;4.8221;1685.09659123421;4.8221;1685.09659123421;0
345;346;346;4.4596;1689.91869139671;4.4596;1689.91869139671;0
346;347;347;5.7864;1694.37829136848;5.7864;1694.37829136848;0
347;348;348;5.022;1700.16469120979;5.022;1700.16469120979;0
348;349;349;4.6273;1705.18669104576;4.6273;1705.18669104576;0
349;350;350;5.465;1709.81399083138;5.465;1709.81399083138;0
350;351;351;4.9707;1715.27899098396;4.9707;1715.27899098396;0
351;352;352;4.8219;1720.2496907711;4.8219;1720.2496907711;0
352;353;353;4.2654;1725.071590662;4.2654;1725.071590662;0
353;354;354;4.4128;1729.33699059486;4.4128;1729.33699059486;0
354;355;355;4.0301;1733.74979043007;4.0301;1733.74979043007;0
355;356;356;4.9442;1737.77989029884;4.9442;1737.77989029884;0
356;357;357;4.229;1742.72409033775;4.229;1742.72409033775;0
357;358;358;5.0915;1746.95309042931;5.0915;1746.95309042931;0
358;359;359;3.8348;1752.04459023476;3.8348;1752.04459023476;0
359;360;360;5.2955;1755.87939023972;5.2955;1755.87939023972;0
360;361;361;5.2596;1761.17489004135;5.2596;1761.17489004135;0
361;362;362;4.6104;1766.43449020386;4.6104;1766.43449020386;0
362;363;363;5.7704;1771.04489040375;5.7704;1771.04489040375;0
363;364;364;5.5629;1776.81529045105;5.5629;1776.81529045105;0
364;365;365;5.0104;1782.37819051743;5.0104;1782.37819051743;0
365;366;366;4.6048;1787.38859033585;4.6048;1787.38859033585;0
366;367;367;3.8267;1791.99339056015;3.8267;1791.99339056015;0
367;368;368;4.4516;1795.8200905323;4.4516;1795.8200905323;0
368;369;369;4.1185;1800.27169060707;4.1185;1800.27169060707;0
369;370;370;4.5467;1804.39019036293;4.5467;1804.39019036293;0
370;371;371;4.1566;1808.93689036369;4.1566;1808.93689036369;0
371;372;372;4.8577;1813.09349036217;4.8577;1813.09349036217;0
372;373;373;4.7725;1817.95119023323;4.7725;1817.95119023323;0
373;374;374;3.7759;1822.72369027138;3.7759;1822.72369027138;0
374;375;375;4.3277;1826.49959015846;4.3277;1826.49959015846;0
375;376;376;4.8282;1830.82729029655;4.8282;1830.82729029655;0
376;377;377;4.5252;1835.65549015999;4.5252;1835.65549015999;0
377;378;378;4.9645;1840.18069005013;4.9645;1840.18069005013;0
378;379;379;3.961;1845.14519000053;3.961;1845.14519000053;0
379;380;380;4.6601;1849.1061899662;4.6601;1849.1061899662;0
380;381;381;5.2499;1853.76628994942;5.2499;1853.76628994942;0
381;382;382;3.8441;1859.01618981361;3.8441;1859.01618981361;0
382;383;383;5.2901;1862.86028981209;5.2901;1862.86028981209;0
383;384;384;4.2064;1868.15038990974;4.2064;1868.15038990974;0
384;385;385;4.8215;1872.35678982735;4.8215;1872.35678982735;0
385;386;386;4.3611;1877.17828965187;4.3611;1877.17828965187;0
386;387;387;4.2449;1881.53938984871;4.2449;1881.53938984871;0
387;388;388;4.0878;1885.7842900753;4.0878;1885.7842900753;0
388;389;389;4.5849;1889.87209010124;4.5849;1889.87209010124;0
389;390;390;5.136;1894.45699000359;5.136;1894.45699000359;0
390;391;391;4.037;1899.59299015999;4.037;1899.59299015999;0
391;392;392;4.83;1903.62999033928;4.83;1903.62999033928;0
392;393;393;3.9288;1908.45999026299;3.9288;1908.45999026299;0
393;394;394;6.5274;1912.38879036903;6.5274;1912.38879036903;0
394;395;395;6.0672;1918.91619038582;6.0672;1918.91619038582;0
395;396;396;6.348;1924.98339056969;6.348;1924.98339056969;0
396;397;397;4.0664;1931.33139061928;4.0664;1931.33139061928;0
397;398;398;5.0929;1935.39779067039;5.0929;1935.39779067039;0
398;399;399;4.138;1940.49069046974;4.138;1940.49069046974;0
399;400;400;4.3143;1944.62869048119;4.3143;1944.62869048119;0
400;401;401;4.3503;1948.94299054146;4.3503;1948.94299054146;0
401;402;402;4.8141;1953.29329037666;4.8141;1953.29329037666;0
402;403;403;5.8912;1958.10739016533;5.8912;1958.10739016533;0
403;404;404;4.4405;1963.99859023094;4.4405;1963.99859023094;0
404;405;405;4.5317;1968.4390900135;4.5317;1968.4390900135;0
405;406;406;6.5539;1972.97079014778;6.5539;1972.97079014778;0
406;407;407;3.9307;1979.5246899128;3.9307;1979.5246899128;0
407;408;408;4.6952;1983.4553899765;4.6952;1983.4553899765;0
408;409;409;5.4109;1988.15058994293;5.4109;1988.15058994293;0
409;410;410;4.1412;1993.5614900589;4.1412;1993.5614900589;0
410;411;411;4.0763;1997.70269012451;4.0763;1997.70269012451;0
411;412;412;3.98;2001.77899026871;3.98;2001.77899026871;0
412;413;413;4.6663;2005.75899028778;4.6663;2005.75899028778;0
413;414;414;6.0229;2010.42529010773;6.0229;2010.42529010773;0
414;415;415;4.4396;2016.44819021225;4.4396;2016.44819021225;0
415;416;416;4.8205;2020.88779020309;4.8205;2020.88779020309;0
416;417;417;3.9333;2025.7082901001;3.9333;2025.7082901001;0
417;418;418;3.8314;2029.64159011841;3.8314;2029.64159011841;0
418;419;419;3.8101;2033.47299003601;3.8101;2033.47299003601;0
419;420;420;4.7713;2037.28309011459;4.7713;2037.28309011459;0
420;421;421;4.6611;2042.05438995361;4.6611;2042.05438995361;0
421;422;422;4.5448;2046.71548986435;4.5448;2046.71548986435;0
422;423;423;4.4718;2051.26028966904;4.4718;2051.26028966904;0
423;424;424;5.1485;2055.7320895195;5.1485;2055.7320895195;0
424;425;425;4.8914;2060.88058948517;4.8914;2060.88058948517;0
425;426;426;4.9214;2065.77198934555;4.9214;2065.77198934555;0
426;427;427;4.5289;2070.69338941574;4.5289;2070.69338941574;0
427;428;428;4.7764;2075.22228956223;4.7764;2075.22228956223;0
428;429;429;4.732;2079.99868965149;4.732;2079.99868965149;0
429;430;430;4.2327;2084.7306895256;4.2327;2084.7306895256;0
430;431;431;4.2775;2088.96338939667;4.2775;2088.96338939667;0
431;432;432;4.0357;2093.24088954926;4.0357;2093.24088954926;0
432;433;433;4.1196;2097.27658939362;4.1196;2097.27658939362;0
433;434;434;4.0541;2101.3961892128;4.0541;2101.3961892128;0
434;435;435;5.8424;2105.45028924942;5.8424;2105.45028924942;0
435;436;436;6.1315;2111.29268932343;6.1315;2111.29268932343;0
436;437;437;4.6419;2117.42418909073;4.6419;2117.42418909073;0
437;438;438;4.3593;2122.06608915329;4.3593;2122.06608915329;0
438;439;439;4.5907;2126.42538928986;4.5907;2126.42538928986;0
439;440;440;3.5177;2131.01608943939;3.5177;2131.01608943939;0
440;441;441;3.7032;2134.53378939629;3.7032;2134.53378939629;0
441;442;442;3.8604;2138.23698949814;3.8604;2138.23698949814;0
442;443;443;6.3353;2142.09738945961;6.3353;2142.09738945961;0
443;444;444;6.9917;2148.43268942833;6.9917;2148.43268942833;0
444;445;445;7.1467;2155.42438960075;7.1467;2155.42438960075;0
445;446;446;7.2888;2162.57108950615;7.2888;2162.57108950615;0
446;447;447;6.5671;2169.85988926888;6.5671;2169.85988926888;0
447;448;448;4.4388;2176.42698931694;4.4388;2176.42698931694;0
448;449;449;4.0349;2180.86578917503;4.0349;2180.86578917503;0
449;450;450;3.9463;2184.90068936348;3.9463;2184.90068936348;0
450;451;451;4.3615;2188.84698939323;4.3615;2188.84698939323;0
451;452;452;3.8624;2193.20848917961;3.8624;2193.20848917961;0
452;453;453;3.8697;2197.07088923454;3.8697;2197.07088923454;0
453;454;454;3.9432;2200.94058918953;3.9432;2200.94058918953;0
454;455;455;4.0046;2204.8837890625;4.0046;2204.8837890625;0
455;456;456;5.75;2208.88838911057;5.75;2208.88838911057;0
456;457;457;5.9633;2214.63838911057;5.9633;2214.63838911057;0
457;458;458;4.7145;2220.60168886185;4.7145;2220.60168886185;0
458;459;459;4.848;2225.31618881226;4.848;2225.31618881226;0
459;460;460;4.4563;2230.16418886185;4.4563;2230.16418886185;0
460;461;461;4.8093;2234.62048864365;4.8093;2234.62048864365;0
461;462;462;4.0497;2239.42978858948;4.0497;2239.42978858948;0
462;463;463;5.0378;2243.4794883728;5.0378;2243.4794883728;0
463;464;464;4.5431;2248.51728820801;4.5431;2248.51728820801;0
464;465;465;3.881;2253.06038808823;3.881;2253.06038808823;0
465;466;466;6.3156;2256.94138813019;6.3156;2256.94138813019;0
466;467;467;6.1255;2263.25698804855;6.1255;2263.25698804855;0
467;468;468;4.0135;2269.38248825073;4.0135;2269.38248825073;0
468;469;469;4.6057;2273.39598846436;4.6057;2273.39598846436;0
469;470;470;5.8533;2278.00168848038;5.8533;2278.00168848038;0
470;471;471;4.5875;2283.85498857498;4.5875;2283.85498857498;0
471;472;472;4.532;2288.44248867035;4.532;2288.44248867035;0
472;473;473;4.2648;2292.9744887352;4.2648;2292.9744887352;0
473;474;474;5.2992;2297.23928880692;5.2992;2297.23928880692;0
474;475;475;6.1539;2302.5384888649;6.1539;2302.5384888649;0
475;476;476;5.0716;2308.69238901138;5.0716;2308.69238901138;0
476;477;477;6.3459;2313.76398897171;6.3459;2313.76398897171;0
477;478;478;5.4178;2320.10988903046;5.4178;2320.10988903046;0
478;479;479;4.6058;2325.5276889801;4.6058;2325.5276889801;0
479;480;480;5.1203;2330.13348913193;5.1203;2330.13348913193;0
480;481;481;4.9132;2335.25378894806;4.9132;2335.25378894806;0
481;482;482;4.5708;2340.16698884964;4.5708;2340.16698884964;0
482;483;483;5.2961;2344.73778867722;5.2961;2344.73778867722;0
483;484;484;3.8791;2350.03388881683;3.8791;2350.03388881683;0
484;485;485;5.4476;2353.91298890114;5.4476;2353.91298890114;0
485;486;486;4.6411;2359.36058878899;4.6411;2359.36058878899;0
486;487;487;5.5852;2364.0016887188;5.5852;2364.0016887188;0
487;488;488;6.3556;2369.58688855171;6.3556;2369.58688855171;0
488;489;489;4.83;2375.94248843193;4.83;2375.94248843193;0
489;490;490;4.2904;2380.77248835564;4.2904;2380.77248835564;0
490;491;491;4.9657;2385.06288838387;4.9657;2385.06288838387;0
491;492;492;4.0626;2390.0285885334;4.0626;2390.0285885334;0
492;493;493;5.356;2394.0911886692;5.356;2394.0911886692;0
493;494;494;4.7352;2399.4471886158;4.7352;2399.4471886158;0
494;495;495;5.1569;2404.18238854408;5.1569;2404.18238854408;0
495;496;496;4.7672;2409.33928847313;4.7672;2409.33928847313;0
496;497;497;5.371;2414.10648846626;5.371;2414.10648846626;0
497;498;498;4.2699;2419.47748827934;4.2699;2419.47748827934;0
498;499;499;5.1007;2423.74738812447;5.1007;2423.74738812447;0
499;500;500;4.7818;2428.84808802605;4.7818;2428.84808802605;0
500;501;501;3.8091;2433.62988781929;3.8091;2433.62988781929;0
501;502;502;4.7962;2437.43898773193;4.7962;2437.43898773193;0
502;503;503;3.6397;2442.23518753052;3.6397;2442.23518753052;0
503;504;504;4.7508;2445.87488746643;4.7508;2445.87488746643;0
504;505;505;3.7012;2450.62568759918;3.7012;2450.62568759918;0
505;506;506;4.7994;2454.32688760757;4.7994;2454.32688760757;0
506;507;507;3.8425;2459.12628746033;3.8425;2459.12628746033;0
507;508;508;5.0152;2462.96878743172;5.0152;2462.96878743172;0
508;509;509;5.4855;2467.98398756981;5.4855;2467.98398756981;0
509;510;510;4.3648;2473.46948742867;4.3648;2473.46948742867;0
510;511;511;4.826;2477.83428740501;4.826;2477.83428740501;0
511;512;512;4.1084;2482.66028761864;4.1084;2482.66028761864;0
512;513;513;4.2494;2486.76868748665;4.2494;2486.76868748665;0
513;514;514;4.4105;2491.0180876255;4.4105;2491.0180876255;0
514;515;515;4.687;2495.42858767509;4.687;2495.42858767509;0
515;516;516;4.8729;2500.11558747292;4.8729;2500.11558747292;0
516;517;517;4.6449;2504.98848748207;4.6449;2504.98848748207;0
517;518;518;6.2724;2509.63338732719;6.2724;2509.63338732719;0
518;519;519;5.6793;2515.90578722954;5.6793;2515.90578722954;0
519;520;520;4.0681;2521.58508706093;4.0681;2521.58508706093;0
520;521;521;4.3288;2525.65318703651;4.3288;2525.65318703651;0
521;522;522;3.6835;2529.98198723793;3.6835;2529.98198723793;0
522;523;523;4.4675;2533.66548728943;4.4675;2533.66548728943;0
523;524;524;4.1628;2538.13298749924;4.1628;2538.13298749924;0
524;525;525;4.9284;2542.29578733444;4.9284;2542.29578733444;0
525;526;526;6.0167;2547.22418737411;6.0167;2547.22418737411;0
526;527;527;4.0575;2553.24088716507;4.0575;2553.24088716507;0
527;528;528;5.3685;2557.29838705063;5.3685;2557.29838705063;0
528;529;529;4.495;2562.66688680649;4.495;2562.66688680649;0
529;530;530;4.706;2567.16188669205;4.706;2567.16188669205;0
530;531;531;4.5873;2571.86788654327;4.5873;2571.86788654327;0
531;532;532;4.0248;2576.45518636703;4.0248;2576.45518636703;0
532;533;533;6.1805;2580.4799861908;6.1805;2580.4799861908;0
533;534;534;4.7256;2586.66048622131;4.7256;2586.66048622131;0
534;535;535;4.2137;2591.38608598709;4.2137;2591.38608598709;0
535;536;536;5.807;2595.59978580475;5.807;2595.59978580475;0
536;537;537;4.1468;2601.40678596497;4.1468;2601.40678596497;0
537;538;538;5.4064;2605.55358600616;5.4064;2605.55358600616;0
538;539;539;5.3511;2610.95998620987;5.3511;2610.95998620987;0
539;540;540;4.2473;2616.31108617783;4.2473;2616.31108617783;0
540;541;541;4.5373;2620.55838632584;4.5373;2620.55838632584;0
541;542;542;4.0782;2625.0956864357;4.0782;2625.0956864357;0
542;543;543;4.6994;2629.17388629913;4.6994;2629.17388629913;0
543;544;544;4.2148;2633.87328624725;4.2148;2633.87328624725;0
544;545;545;4.379;2638.08808612823;4.379;2638.08808612823;0
545;546;546;5.0167;2642.46708631516;5.0167;2642.46708631516;0
546;547;547;4.6144;2647.48378610611;4.6144;2647.48378610611;0
547;548;548;4.9907;2652.09818601608;4.9907;2652.09818601608;0
548;549;549;4.799;2657.08888578415;4.799;2657.08888578415;0
549;550;550;4.5877;2661.88788557053;4.5877;2661.88788557053;0
550;551;551;4.4149;2666.47558546066;4.4149;2666.47558546066;0
551;552;552;4.9075;2670.89048528671;4.9075;2670.89048528671;0
552;553;553;4.2104;2675.7979850769;4.2104;2675.7979850769;0
553;554;554;4.4979;2680.00838518143;4.4979;2680.00838518143;0
554;555;555;4.0266;2684.50628519058;4.0266;2684.50628519058;0
555;556;556;6.051;2688.53288507462;6.051;2688.53288507462;0
556;557;557;3.9418;2694.58388519287;3.9418;2694.58388519287;0
557;558;558;4.779;2698.52568507195;4.779;2698.52568507195;0
558;559;559;3.8648;2703.3046848774;3.8648;2703.3046848774;0
559;560;560;4.9099;2707.16948485374;4.9099;2707.16948485374;0
560;561;561;5.5447;2712.07938504219;5.5447;2712.07938504219;0
561;562;562;4.5831;2717.62408518791;4.5831;2717.62408518791;0
562;563;563;4.7915;2722.20718502998;4.7915;2722.20718502998;0
563;564;564;4.6456;2726.99868512154;4.6456;2726.99868512154;0
564;565;565;4.9301;2731.64428496361;4.9301;2731.64428496361;0
565;566;566;5.2054;2736.57438492775;5.2054;2736.57438492775;0
566;567;567;7.29;2741.77978491783;7.29;2741.77978491783;0
567;568;568;4.183;2749.06978487968;4.183;2749.06978487968;0
568;569;569;5.1768;2753.25278496742;5.1768;2753.25278496742;0
569;570;570;4.9495;2758.42958474159;4.9495;2758.42958474159;0
570;571;571;4.3621;2763.37908482552;4.3621;2763.37908482552;0
571;572;572;4.8652;2767.74118494987;4.8652;2767.74118494987;0
572;573;573;4.3173;2772.6063849926;4.3173;2772.6063849926;0
573;574;574;4.8182;2776.92368483543;4.8182;2776.92368483543;0
574;575;575;4.6063;2781.74188494682;4.6063;2781.74188494682;0
575;576;576;4.8805;2786.34818482399;4.8805;2786.34818482399;0
576;577;577;4.8905;2791.22868466377;4.8905;2791.22868466377;0
577;578;578;4.0951;2796.11918473244;4.0951;2796.11918473244;0
578;579;579;4.8481;2800.21428465843;4.8481;2800.21428465843;0
579;580;580;4.5926;2805.06238484383;4.5926;2805.06238484383;0
580;581;581;4.9951;2809.6549847126;4.9951;2809.6549847126;0
581;582;582;5.6118;2814.65008473396;5.6118;2814.65008473396;0
582;583;583;4.3845;2820.26188492775;4.3845;2820.26188492775;0
583;584;584;5.2803;2824.64638495445;5.2803;2824.64638495445;0
584;585;585;4.1361;2829.92668509483;4.1361;2829.92668509483;0
585;586;586;5.5934;2834.0627849102;5.5934;2834.0627849102;0
586;587;587;4.6363;2839.65618491173;4.6363;2839.65618491173;0
587;588;588;3.9431;2844.2924849987;3.9431;2844.2924849987;0
588;589;589;4.8462;2848.23558497429;4.8462;2848.23558497429;0
589;590;590;4.0646;2853.08178496361;4.0646;2853.08178496361;0
590;591;591;4.7269;2857.14638495445;4.7269;2857.14638495445;0
591;592;592;3.4109;2861.87328505516;3.4109;2861.87328505516;0
592;593;593;6.2069;2865.28418493271;6.2069;2865.28418493271;0
593;594;594;5.1556;2871.49108505249;5.1556;2871.49108505249;0
594;595;595;4.086;2876.64668512344;4.086;2876.64668512344;0
595;596;596;4.3653;2880.73268508911;4.3653;2880.73268508911;0
596;597;597;5.0375;2885.09798526764;5.0375;2885.09798526764;0
597;598;598;5.3374;2890.13548517227;5.3374;2890.13548517227;0
598;599;599;4.8665;2895.47288513184;4.8665;2895.47288513184;0
599;600;600;4.195;2900.33938503265;4.195;2900.33938503265;0
600;601;601;4.2147;2904.53438520432;4.2147;2904.53438520432;0
601;602;602;4.4516;2908.74908542633;4.4516;2908.74908542633;0
602;603;603;4.567;2913.2006855011;4.567;2913.2006855011;0
603;604;604;5.0643;2917.76768541336;5.0643;2917.76768541336;0
604;605;605;5.2868;2922.83198547363;5.2868;2922.83198547363;0
605;606;606;5.3611;2928.11878538132;5.3611;2928.11878538132;0
606;607;607;5.1571;2933.47988557816;5.1571;2933.47988557816;0
607;608;608;5.826;2938.63698577881;5.826;2938.63698577881;0
608;609;609;5.6464;2944.46298599243;5.6464;2944.46298599243;0
609;610;610;5.1069;2950.10938596725;5.1069;2950.10938596725;0
610;611;611;6.0212;2955.2162861824;6.0212;2955.2162861824;0
611;612;612;6.3416;2961.23748636246;6.3416;2961.23748636246;0
612;613;613;5.3002;2967.57908630371;5.3002;2967.57908630371;0
613;614;614;5.3386;2972.87928628922;5.3386;2972.87928628922;0
614;615;615;4.673;2978.21788644791;4.673;2978.21788644791;0
615;616;616;6.39;2982.89088630676;6.39;2982.89088630676;0
616;617;617;6.5409;2989.28088617325;6.5409;2989.28088617325;0
617;618;618;5.267;2995.82178592682;5.267;2995.82178592682;0
618;619;619;3.9203;3001.08878612518;3.9203;3001.08878612518;0
619;620;620;4.5285;3005.00908613205;4.5285;3005.00908613205;0
620;621;621;5.9914;3009.53758621216;5.9914;3009.53758621216;0
621;622;622;5.5181;3015.52898597717;5.5181;3015.52898597717;0
622;623;623;7.2072;3021.04708576202;7.2072;3021.04708576202;0
623;624;624;5.2662;3028.25428581238;5.2662;3028.25428581238;0
624;625;625;7.4752;3033.52048587799;7.4752;3033.52048587799;0
625;626;626;5.7865;3040.99568605423;5.7865;3040.99568605423;0
626;627;627;5.1812;3046.78218603134;5.1812;3046.78218603134;0
627;628;628;5.1834;3051.96338605881;5.1834;3051.96338605881;0
628;629;629;5.3057;3057.14678621292;5.3057;3057.14678621292;0
629;630;630;4.9638;3062.45248603821;4.9638;3062.45248603821;0
630;631;631;4.9637;3067.41628599167;4.9637;3067.41628599167;0
631;632;632;5.1386;3072.37998580933;5.1386;3072.37998580933;0
632;633;633;4.8829;3077.51858568192;4.8829;3077.51858568192;0
633;634;634;5.219;3082.40148544312;5.219;3082.40148544312;0
634;635;635;5.8906;3087.62048530579;5.8906;3087.62048530579;0
635;636;636;6.3411;3093.51108551025;6.3411;3093.51108551025;0
636;637;637;6.3059;3099.85218572617;6.3059;3099.85218572617;0
637;638;638;7.6352;3106.15808582306;7.6352;3106.15808582306;0
638;639;639;7.2773;3113.79328584671;7.2773;3113.79328584671;0
639;640;640;5.2626;3121.07058572769;5.2626;3121.07058572769;0
640;641;641;4.8273;3126.33318567276;4.8273;3126.33318567276;0
641;642;642;5.7032;3131.16048574448;5.7032;3131.16048574448;0
642;643;643;5.3568;3136.86368560791;5.3568;3136.86368560791;0
643;644;644;5.9287;3142.22048568726;5.9287;3142.22048568726;0
644;645;645;5.4005;3148.1491856575;5.4005;3148.1491856575;0
645;646;646;6.8829;3153.54968547821;6.8829;3153.54968547821;0
646;647;647;5.4413;3160.43258523941;5.4413;3160.43258523941;0
647;648;648;5.2043;3165.87388515472;5.2043;3165.87388515472;0
648;649;649;5.7176;3171.07818508148;5.7176;3171.07818508148;0
649;650;650;4.7946;3176.79578495026;4.7946;3176.79578495026;0
650;651;651;4.369;3181.59038496017;4.369;3181.59038496017;0
651;652;652;4.5848;3185.95938491821;4.5848;3185.95938491821;0
652;653;653;5.1555;3190.54418468475;5.1555;3190.54418468475;0
653;654;654;4.7667;3195.6996846199;4.7667;3195.6996846199;0
654;655;655;4.8483;3200.46638441086;4.8483;3200.46638441086;0
655;656;656;4.8211;3205.31468439102;4.8211;3205.31468439102;0
656;657;657;4.5597;3210.13578414917;4.5597;3210.13578414917;0
657;658;658;5.1034;3214.69548416138;5.1034;3214.69548416138;0
658;659;659;5.4701;3219.79888391495;5.4701;3219.79888391495;0
659;660;660;5.9236;3225.26898384094;5.9236;3225.26898384094;0
660;661;661;5.8201;3231.19258403778;5.8201;3231.19258403778;0
661;662;662;4.6183;3237.01268386841;4.6183;3237.01268386841;0
662;663;663;4.64;3241.6309838295;4.64;3241.6309838295;0
663;664;664;4.7815;3246.27098369598;4.7815;3246.27098369598;0
664;665;665;5.2288;3251.05248355865;5.2288;3251.05248355865;0
665;666;666;5.0692;3256.2812833786;5.0692;3256.2812833786;0
666;667;667;4.865;3261.35048341751;4.865;3261.35048341751;0
667;668;668;4.8494;3266.21548318863;4.8494;3266.21548318863;0
668;669;669;5.2061;3271.06488323212;5.2061;3271.06488323212;0
669;670;670;4.3721;3276.27098321915;4.3721;3276.27098321915;0
670;671;671;3.9752;3280.64308309555;3.9752;3280.64308309555;0
671;672;672;3.9527;3284.61828303337;3.9527;3284.61828303337;0
672;673;673;6.3117;3288.57098293304;6.3117;3288.57098293304;0
673;674;674;6.306;3294.88268280029;6.306;3294.88268280029;0
674;675;675;3.9844;3301.18868255615;3.9844;3301.18868255615;0
675;676;676;5.8836;3305.1730825901;5.8836;3305.1730825901;0
676;677;677;4.3861;3311.05668234825;4.3861;3311.05668234825;0
677;678;678;3.9342;3315.44278216362;3.9342;3315.44278216362;0
678;679;679;5.2415;3319.37698221207;5.2415;3319.37698221207;0
679;680;680;5.3546;3324.61848211288;5.3546;3324.61848211288;0
680;681;681;3.8651;3329.97308206558;3.8651;3329.97308206558;0
681;682;682;3.7587;3333.8381819725;3.7587;3333.8381819725;0
682;683;683;4.0269;3337.59688186646;4.0269;3337.59688186646;0
683;684;684;3.7603;3341.62378168106;3.7603;3341.62378168106;0
684;685;685;4.3429;3345.3840816021;4.3429;3345.3840816021;0
685;686;686;6.8723;3349.72698140144;6.8723;3349.72698140144;0
686;687;687;7.2111;3356.59928154945;7.2111;3356.59928154945;0
687;688;688;3.6847;3363.81038165092;3.6847;3363.81038165092;0
688;689;689;4.9805;3367.49508166313;4.9805;3367.49508166313;0
689;690;690;5.9679;3372.47558188438;5.9679;3372.47558188438;0
690;691;691;3.9024;3378.44348168373;3.9024;3378.44348168373;0
691;692;692;4.5332;3382.34588170052;4.5332;3382.34588170052;0
692;693;693;4.3898;3386.87908148766;4.3898;3386.87908148766;0
693;694;694;5.4773;3391.26888155937;5.4773;3391.26888155937;0
694;695;695;4.2445;3396.74618172646;4.2445;3396.74618172646;0
695;696;696;3.9873;3400.99068188667;3.9873;3400.99068188667;0
696;697;697;3.858;3404.9779818058;3.858;3404.9779818058;0
697;698;698;3.9579;3408.83598184586;3.9579;3408.83598184586;0
698;699;699;3.8093;3412.79388189316;3.8093;3412.79388189316;0
699;700;700;4.1948;3416.60318183899;4.1948;3416.60318183899;0
700;701;701;4.4415;3420.79798173904;4.4415;3420.79798173904;0
701;702;702;3.8324;3425.23948192596;3.8324;3425.23948192596;0
702;703;703;3.9512;3429.07188200951;3.9512;3429.07188200951;0
703;704;704;3.9029;3433.0230820179;3.9029;3433.0230820179;0
704;705;705;4.9099;3436.92598199844;4.9099;3436.92598199844;0
705;706;706;3.9197;3441.83588218689;3.9197;3441.83588218689;0
706;707;707;4.4125;3445.75558209419;4.4125;3445.75558209419;0
707;708;708;4.0394;3450.16808199883;4.0394;3450.16808199883;0
708;709;709;4.575;3454.20748209953;4.575;3454.20748209953;0
709;710;710;4.6693;3458.7824819088;4.6693;3458.7824819088;0
710;711;711;4.9142;3463.45178198814;4.9142;3463.45178198814;0
711;712;712;5.9433;3468.36598181725;5.9433;3468.36598181725;0
712;713;713;6.1468;3474.3092815876;6.1468;3474.3092815876;0
713;714;714;4.4849;3480.4560816288;4.4849;3480.4560816288;0
714;715;715;4.1884;3484.94098162651;4.1884;3484.94098162651;0
715;716;716;3.9807;3489.12938141823;3.9807;3489.12938141823;0
716;717;717;4.6697;3493.11008143425;4.6697;3493.11008143425;0
717;718;718;4.1;3497.77978157997;4.1;3497.77978157997;0
718;719;719;4.3741;3501.8797814846;4.3741;3501.8797814846;0
719;720;720;3.7913;3506.25388169289;3.7913;3506.25388169289;0
720;721;721;3.5568;3510.04518175125;3.5568;3510.04518175125;0
721;722;722;3.6786;3513.60198163986;3.6786;3513.60198163986;0
722;723;723;3.9465;3517.28058171272;3.9465;3517.28058171272;0
723;724;724;4.7818;3521.22708177567;4.7818;3521.22708177567;0
724;725;725;4.0477;3526.00888156891;4.0477;3526.00888156891;0
725;726;726;4.1359;3530.05658149719;4.1359;3530.05658149719;0
726;727;727;3.9809;3534.19248151779;3.9809;3534.19248151779;0
727;728;728;4.6029;3538.173381567;4.6029;3538.173381567;0
728;729;729;4.116;3542.77628159523;4.116;3542.77628159523;0
729;730;730;3.9295;3546.89228177071;3.9295;3546.89228177071;0
730;731;731;3.8732;3550.8217818737;3.8732;3550.8217818737;0
731;732;732;4.4546;3554.69498181343;4.4546;3554.69498181343;0
732;733;733;3.6169;3559.14958167076;3.6169;3559.14958167076;0
733;734;734;3.8224;3562.76648163795;3.8224;3562.76648163795;0
734;735;735;5.1871;3566.58888173103;5.1871;3566.58888173103;0
735;736;736;5.745;3571.77598166466;5.745;3571.77598166466;0
736;737;737;4.5411;3577.52098155022;4.5411;3577.52098155022;0
737;738;738;3.9486;3582.06208157539;3.9486;3582.06208157539;0
738;739;739;4.8285;3586.01068162918;4.8285;3586.01068162918;0
739;740;740;4.5674;3590.83918142319;4.5674;3590.83918142319;0
740;741;741;5.4651;3595.40658140182;5.4651;3595.40658140182;0
741;742;742;4.4429;3600.87168121338;4.4429;3600.87168121338;0
742;743;743;4.2486;3605.3145813942;4.2486;3605.3145813942;0
743;744;744;4.2111;3609.5631814003;4.2111;3609.5631814003;0
744;745;745;4.4512;3613.77428150177;4.4512;3613.77428150177;0
745;746;746;4.5603;3618.22548151016;4.5603;3618.22548151016;0
746;747;747;4.3521;3622.78578138351;4.3521;3622.78578138351;0
747;748;748;6.1534;3627.13788127899;6.1534;3627.13788127899;0
748;749;749;6.3117;3633.2912812233;6.3117;3633.2912812233;0
749;750;750;4.3871;3639.60298109055;4.3871;3639.60298109055;0
750;751;751;4.4868;3643.99008131027;4.4868;3643.99008131027;0
751;752;752;4.0008;3648.47688150406;4.0008;3648.47688150406;0
752;753;753;4.3236;3652.47768163681;4.3236;3652.47768163681;0
753;754;754;3.9175;3656.80128145218;3.9175;3656.80128145218;0
754;755;755;4.163;3660.71878147125;4.163;3660.71878147125;0
755;756;756;3.5909;3664.88178157806;3.5909;3664.88178157806;0
756;757;757;4.2284;3668.47268152237;4.2284;3668.47268152237;0
757;758;758;4.1112;3672.70108127594;4.1112;3672.70108127594;0
758;759;759;3.7188;3676.81228113174;3.7188;3676.81228113174;0
759;760;760;4.4649;3680.53108119965;4.4649;3680.53108119965;0
760;761;761;4.1157;3684.99598121643;4.1157;3684.99598121643;0
761;762;762;3.7576;3689.1116809845;3.7576;3689.1116809845;0
762;763;763;4.681;3692.86928105354;4.681;3692.86928105354;0
763;764;764;4.0847;3697.5502808094;4.0847;3697.5502808094;0
764;765;765;4.0497;3701.63498091698;4.0497;3701.63498091698;0
765;766;766;4.209;3705.6846807003;4.209;3705.6846807003;0
766;767;767;3.858;3709.89368081093;3.858;3709.89368081093;0
767;768;768;3.4818;3713.75168085098;3.4818;3713.75168085098;0
768;769;769;4.1497;3717.23348093033;4.1497;3717.23348093033;0
769;770;770;10.8182;3721.38318109512;10.8182;3721.38318109512;0
770;771;771;10.9624;3732.20138120651;10.9624;3732.20138120651;0
771;772;772;7.8597;3743.16378164291;7.8597;3743.16378164291;0
772;773;773;7.06;3751.02348184586;7.06;3751.02348184586;0
773;774;774;4.171;3758.08348178864;4.171;3758.08348178864;0
774;775;775;4.005;3762.25448179245;4.005;3762.25448179245;0
775;776;776;4.2489;3766.25948190689;4.2489;3766.25948190689;0
776;777;777;4.498;3770.50838184357;4.498;3770.50838184357;0
777;778;778;3.9506;3775.00638198853;3.9506;3775.00638198853;0
778;779;779;3.6796;3778.95698189735;3.6796;3778.95698189735;0
779;780;780;3.9837;3782.63658189774;3.9837;3782.63658189774;0
780;781;781;3.8453;3786.62028193474;3.8453;3786.62028193474;0
781;782;782;4.1002;3790.46558189392;4.1002;3790.46558189392;0
782;783;783;4.0289;3794.56578207016;4.0289;3794.56578207016;0
783;784;784;3.7747;3798.59468221664;3.7747;3798.59468221664;0
784;785;785;3.68;3802.36938214302;3.68;3802.36938214302;0
785;786;786;4.6025;3806.04938220978;4.6025;3806.04938220978;0
786;787;787;3.6591;3810.65188217163;3.6591;3810.65188217163;0
787;788;788;3.6367;3814.31098222733;3.6367;3814.31098222733;0
788;789;789;4.0518;3817.94768214226;4.0518;3817.94768214226;0
789;790;790;5.2067;3821.99948191643;5.2067;3821.99948191643;0
790;791;791;3.6433;3827.2061817646;3.6433;3827.2061817646;0
791;792;792;4.3822;3830.84948182106;4.3822;3830.84948182106;0
792;793;793;4.2418;3835.23168158531;4.2418;3835.23168158531;0
793;794;794;4.5009;3839.4734814167;4.5009;3839.4734814167;0
794;795;795;3.6101;3843.97438120842;3.6101;3843.97438120842;0
795;796;796;4.4738;3847.58448123932;4.4738;3847.58448123932;0
796;797;797;7.1046;3852.05828142166;7.1046;3852.05828142166;0
797;798;798;5.9193;3859.16288137436;5.9193;3859.16288137436;0
798;799;799;5.52;3865.0821814537;5.52;3865.0821814537;0
799;800;800;5.0724;3870.60218143463;5.0724;3870.60218143463;0
800;801;801;3.6101;3875.67458152771;3.6101;3875.67458152771;0
801;802;802;4.0557;3879.28468155861;4.0557;3879.28468155861;0
802;803;803;4.8445;3883.3403813839;4.8445;3883.3403813839;0
803;804;804;4.508;3888.18488144875;4.508;3888.18488144875;0
804;805;805;5.3968;3892.69288134575;5.3968;3892.69288134575;0
805;806;806;3.8685;3898.08968138695;3.8685;3898.08968138695;0
806;807;807;3.6036;3901.95818138123;3.6036;3901.95818138123;0
807;808;808;3.7225;3905.5617814064;3.7225;3905.5617814064;0
808;809;809;3.6903;3909.28428149223;3.6903;3909.28428149223;0
809;810;810;3.8595;3912.97458148003;3.8595;3912.97458148003;0
810;811;811;5.1026;3916.83408141136;5.1026;3916.83408141136;0
811;812;812;4.3733;3921.93668150902;4.3733;3921.93668150902;0
812;813;813;4.7079;3926.30998158455;4.7079;3926.30998158455;0
813;814;814;4.2914;3931.01788163185;4.2914;3931.01788163185;0
814;815;815;3.9217;3935.3092815876;3.9217;3935.3092815876;0
815;816;816;3.916;3939.23098158836;3.916;3939.23098158836;0
816;817;817;3.6677;3943.14698147774;3.6677;3943.14698147774;0
817;818;818;3.9858;3946.81468153;3.9858;3946.81468153;0
818;819;819;3.5706;3950.80048155785;3.5706;3950.80048155785;0
819;820;820;3.7453;3954.37108159065;3.7453;3954.37108159065;0
820;821;821;3.653;3958.1163816452;3.653;3958.1163816452;0
821;822;822;4.1281;3961.76938152313;4.1281;3961.76938152313;0
822;823;823;3.7244;3965.8974814415;3.7244;3965.8974814415;0
823;824;824;4.5498;3969.62188148499;4.5498;3969.62188148499;0
824;825;825;4.1534;3974.17168140411;4.1534;3974.17168140411;0
825;826;826;4.804;3978.32508134842;4.804;3978.32508134842;0
826;827;827;3.7647;3983.12908124924;3.7647;3983.12908124924;0
827;828;828;4.8301;3986.89378118515;4.8301;3986.89378118515;0
828;829;829;4.4721;3991.72388124466;4.4721;3991.72388124466;0
829;830;830;4.5953;3996.1959810257;4.5953;3996.1959810257;0
830;831;831;4.5826;4000.7912812233;4.5826;4000.7912812233;0
831;832;832;4.5702;4005.37388134003;4.5702;4005.37388134003;0
832;833;833;3.6915;4009.94408130646;3.6915;4009.94408130646;0
833;834;834;4.0023;4013.63558125496;4.0023;4013.63558125496;0
834;835;835;3.9916;4017.63788104057;3.9916;4017.63788104057;0
835;836;836;4.8046;4021.62948107719;4.8046;4021.62948107719;0
836;837;837;3.7096;4026.43408083916;3.7096;4026.43408083916;0
837;838;838;4.2566;4030.14368081093;4.2566;4030.14368081093;0
838;839;839;3.6691;4034.40028071404;3.6691;4034.40028071404;0
839;840;840;4.1129;4038.06938076019;4.1129;4038.06938076019;0
840;841;841;4.5407;4042.18228054047;4.5407;4042.18228054047;0
841;842;842;4.5189;4046.72298049927;4.5189;4046.72298049927;0
842;843;843;3.6152;4051.24188041687;3.6152;4051.24188041687;0
843;844;844;3.8828;4054.85708045959;3.8828;4054.85708045959;0
844;845;845;4.0639;4058.73988056183;4.0639;4058.73988056183;0
845;846;846;3.6021;4062.80378055573;3.6021;4062.80378055573;0
846;847;847;3.7717;4066.4058804512;3.7717;4066.4058804512;0
847;848;848;4.6584;4070.1775803566;4.6584;4070.1775803566;0
848;849;849;3.6624;4074.83598041534;3.6624;4074.83598041534;0
849;850;850;4.1604;4078.49838042259;4.1604;4078.49838042259;0
850;851;851;3.9044;4082.65878033638;3.9044;4082.65878033638;0
851;852;852;3.7876;4086.56318020821;3.7876;4086.56318020821;0
852;853;853;3.9166;4090.35078024864;3.9166;4090.35078024864;0
853;854;854;4.6342;4094.26738023758;4.6342;4094.26738023758;0
854;855;855;5.0416;4098.90158033371;5.0416;4098.90158033371;0
855;856;856;5.8715;4103.94318008423;5.8715;4103.94318008423;0
856;857;857;4.1708;4109.81468009949;4.1708;4109.81468009949;0
857;858;858;4.7381;4113.98548030853;4.7381;4113.98548030853;0
858;859;859;6.1185;4118.72358036041;6.1185;4118.72358036041;0
859;860;860;4.2911;4124.84208011627;4.2911;4124.84208011627;0
860;861;861;3.6676;4129.13318014145;3.6676;4129.13318014145;0
861;862;862;4.2875;4132.80078005791;4.2875;4132.80078005791;0
862;863;863;3.6777;4137.08827996254;3.6777;4137.08827996254;0
863;864;864;3.6962;4140.76598000526;3.6962;4140.76598000526;0
864;865;865;3.7441;4144.46217989922;3.7441;4144.46217989922;0
865;866;866;3.5616;4148.20627999306;3.5616;4148.20627999306;0
866;867;867;3.6735;4151.76787996292;3.6735;4151.76787996292;0
867;868;868;3.7751;4155.44138002396;3.7751;4155.44138002396;0
868;869;869;3.7901;4159.21648001671;3.7901;4159.21648001671;0
869;870;870;3.6734;4163.00658011436;3.6734;4163.00658011436;0
870;871;871;5.1863;4166.6799800396;5.1863;4166.6799800396;0
871;872;872;4.4628;4171.86627984047;4.4628;4171.86627984047;0
872;873;873;3.6555;4176.32907986641;3.6555;4176.32907986641;0
873;874;874;3.6298;4179.98457980156;3.6298;4179.98457980156;0
874;875;875;3.7934;4183.61437988281;3.7934;4183.61437988281;0
875;876;876;3.8886;4187.40777993202;3.8886;4187.40777993202;0
876;877;877;3.909;4191.29637980461;3.909;4191.29637980461;0
877;878;878;4.2742;4195.2053797245;4.2742;4195.2053797245;0
878;879;879;8.5663;4199.47957968712;8.5663;4199.47957968712;0
879;880;880;10.72;4208.04588007927;10.72;4208.04588007927;0
880;881;881;8.3205;4218.7658803463;8.3205;4218.7658803463;0
881;882;882;4.5578;4227.08638072014;4.5578;4227.08638072014;0
882;883;883;4.3251;4231.64418053627;4.3251;4231.64418053627;0
883;884;884;4.1137;4235.96928048134;4.1137;4235.96928048134;0
884;885;885;4.1876;4240.08298039436;4.1876;4240.08298039436;0
885;886;886;4.8816;4244.27058053017;4.8816;4244.27058053017;0
886;887;887;3.9599;4249.15218043327;3.9599;4249.15218043327;0
887;888;888;3.7504;4253.11208033562;3.7504;4253.11208033562;0
888;889;889;4.2774;4256.86248040199;4.2774;4256.86248040199;0
889;890;890;3.8114;4261.13988041878;3.8114;4261.13988041878;0
890;891;891;4.1016;4264.95128035545;4.1016;4264.95128035545;0
891;892;892;4.9569;4269.05288052559;4.9569;4269.05288052559;0
892;893;893;4.2083;4274.00978064537;4.2083;4274.00978064537;0
893;894;894;3.9578;4278.21808075905;3.9578;4278.21808075905;0
894;895;895;3.5375;4282.17588067055;3.5375;4282.17588067055;0
895;896;896;3.69;4285.71338057518;3.69;4285.71338057518;0
896;897;897;4.0124;4289.4033806324;4.0124;4289.4033806324;0
897;898;898;4.2574;4293.4157807827;4.2574;4293.4157807827;0
898;899;899;5.2105;4297.67318081856;5.2105;4297.67318081856;0
899;900;900;3.6515;4302.88368058205;3.6515;4302.88368058205;0
900;901;901;4.5321;4306.5351805687;4.5321;4306.5351805687;0
901;902;902;3.9792;4311.06728076935;3.9792;4311.06728076935;0
902;903;903;3.8257;4315.04648065567;3.8257;4315.04648065567;0
903;904;904;5.3469;4318.8721807003;5.3469;4318.8721807003;0
904;905;905;5.2563;4324.21908068657;5.2563;4324.21908068657;0
905;906;906;4.1788;4329.4753806591;4.1788;4329.4753806591;0
906;907;907;4.6737;4333.65418076515;4.6737;4333.65418076515;0
907;908;908;4.0345;4338.32788062096;4.0345;4338.32788062096;0
908;909;909;4.1713;4342.36238074303;4.1713;4342.36238074303;0
909;910;910;3.6952;4346.53368067741;3.6952;4346.53368067741;0
910;911;911;4.2049;4350.22888064384;4.2049;4350.22888064384;0
911;912;912;3.6785;4354.43378043175;3.6785;4354.43378043175;0
912;913;913;3.9716;4358.1122803688;3.9716;4358.1122803688;0
913;914;914;5.3024;4362.0838804245;5.3024;4362.0838804245;0
914;915;915;4.0019;4367.38628053665;4.0019;4367.38628053665;0
915;916;916;5.4469;4371.38818073273;5.4469;4371.38818073273;0
916;917;917;3.6982;4376.83508062363;3.6982;4376.83508062363;0
917;918;918;4.0282;4380.53328061104;4.0282;4380.53328061104;0
918;919;919;5.1923;4384.56148076057;5.1923;4384.56148076057;0
919;920;920;4.9315;4389.75378060341;4.9315;4389.75378060341;0
920;921;921;5.0318;4394.68528056145;5.0318;4394.68528056145;0
921;922;922;4.1795;4399.71708035469;4.1795;4399.71708035469;0
922;923;923;5.4648;4403.89658045769;5.4648;4403.89658045769;0
923;924;924;5.546;4409.36138033867;5.546;4409.36138033867;0
924;925;925;3.7149;4414.90738034248;3.7149;4414.90738034248;0
925;926;926;4.7435;4418.62228035927;4.7435;4418.62228035927;0
926;927;927;4.2263;4423.36578011513;4.2263;4423.36578011513;0
927;928;928;4.9358;4427.59207987785;4.9358;4427.59207987785;0
928;929;929;3.7638;4432.52787995338;3.7638;4432.52787995338;0
929;930;930;4.3359;4436.29167985916;4.3359;4436.29167985916;0
930;931;931;4.7387;4440.62757968903;4.7387;4440.62757968903;0
931;932;932;5.0649;4445.36627960205;5.0649;4445.36627960205;0
932;933;933;2.9475;4450.43117952347;2.9475;4450.43117952347;0
933;934;934;12.3943;4453.37867951393;12.3943;4453.37867951393;0
934;935;935;3.7949;4465.77297902107;3.7949;4465.77297902107;0
935;936;936;4.9727;4469.56787896156;4.9727;4469.56787896156;0
936;937;937;5.3098;4474.54057908058;5.3098;4474.54057908058;0
937;938;938;3.3851;4479.85037922859;3.3851;4479.85037922859;0
938;939;939;4.0134;4483.23547911644;4.0134;4483.23547911644;0
939;940;940;3.7865;4487.24887919426;3.7865;4487.24887919426;0
940;941;941;3.887;4491.03537917137;3.887;4491.03537917137;0
941;942;942;3.9063;4494.92237925529;3.9063;4494.92237925529;0
942;943;943;4.4154;4498.8286793232;4.4154;4498.8286793232;0
943;944;944;3.7085;4503.24407935143;3.7085;4503.24407935143;0
944;945;945;4.4526;4506.95257925987;4.4526;4506.95257925987;0
945;946;946;3.645;4511.40517926216;3.645;4511.40517926216;0
946;947;947;4.2528;4515.05017924309;4.2528;4515.05017924309;0
947;948;948;4.9447;4519.30297923088;4.9447;4519.30297923088;0
948;949;949;4.7765;4524.24767899513;4.7765;4524.24767899513;0
949;950;950;4.6196;4529.0241792202;4.6196;4529.0241792202;0
950;951;951;3.6798;4533.64377903938;3.6798;4533.64377903938;0
951;952;952;4.9526;4537.32357907295;4.9526;4537.32357907295;0
952;953;953;4.2859;4542.27617907524;4.2859;4542.27617907524;0
953;954;954;4.6247;4546.56207919121;4.6247;4546.56207919121;0
954;955;955;4.5198;4551.18677926064;4.5198;4551.18677926064;0
955;956;956;4.5275;4555.70657944679;4.5275;4555.70657944679;0
956;957;957;4.6595;4560.23407959938;4.6595;4560.23407959938;0
957;958;958;4.3481;4564.89357972145;4.3481;4564.89357972145;0
958;959;959;6.4542;4569.24167990685;6.4542;4569.24167990685;0
959;960;960;4.2071;4575.6958796978;4.2071;4575.6958796978;0
960;961;961;6.3505;4579.90297961235;6.3505;4579.90297961235;0
961;962;962;4.6615;4586.25347971916;4.6615;4586.25347971916;0
962;963;963;4.6595;4590.91497969627;4.6595;4590.91497969627;0
963;964;964;5.9594;4595.57447981834;5.9594;4595.57447981834;0
964;965;965;4.2276;4601.53387999535;4.2276;4601.53387999535;0
965;966;966;5.1382;4605.761480093;5.1382;4605.761480093;0
966;967;967;5.3059;4610.89967989922;5.3059;4610.89967989922;0
967;968;968;5.012;4616.20557999611;5.012;4616.20557999611;0
968;969;969;4.3127;4621.21758008003;4.3127;4621.21758008003;0
969;970;970;5.0377;4625.5302798748;5.0377;4625.5302798748;0
970;971;971;4.1159;4630.56798005104;4.1159;4630.56798005104;0
971;972;972;3.9688;4634.68388009071;3.9688;4634.68388009071;0
972;973;973;4.4438;4638.65268015862;4.4438;4638.65268015862;0
973;974;974;3.9378;4643.09648013115;3.9378;4643.09648013115;0
974;975;975;4.1307;4647.03428006172;4.1307;4647.03428006172;0
975;976;976;3.9435;4651.16498017311;3.9435;4651.16498017311;0
976;977;977;4.3615;4655.10848021507;4.3615;4655.10848021507;0
977;978;978;3.7785;4659.46998000145;3.7785;4659.46998000145;0
978;979;979;3.7272;4663.24848008156;3.7272;4663.24848008156;0
979;980;980;4.3168;4666.97568011284;4.3168;4666.97568011284;0
980;981;981;5.3589;4671.29248023033;5.3589;4671.29248023033;0
981;982;982;3.9632;4676.65138030052;3.9632;4676.65138030052;0
982;983;983;3.7772;4680.61458039284;3.7772;4680.61458039284;0
983;984;984;3.7493;4684.39178037643;3.7493;4684.39178037643;0
984;985;985;4.2535;4688.14108037949;4.2535;4688.14108037949;0
985;986;986;3.5432;4692.39458036423;3.5432;4692.39458036423;0
986;987;987;4.0443;4695.93778038025;4.0443;4695.93778038025;0
987;988;988;3.8405;4699.98208045959;3.8405;4699.98208045959;0
988;989;989;3.9431;4703.82258033752;3.9431;4703.82258033752;0
989;990;990;3.9773;4707.76568031311;3.9773;4707.76568031311;0
990;991;991;4.2397;4711.74298024178;4.2397;4711.74298024178;0
991;992;992;3.7333;4715.98268008232;3.7333;4715.98268008232;0
992;993;993;4.5349;4719.71598005295;4.5349;4719.71598005295;0
993;994;994;4.2494;4724.25088024139;4.2494;4724.25088024139;0
994;995;995;3.7377;4728.50028038025;3.7377;4728.50028038025;0
995;996;996;3.3801;4732.23798036575;3.3801;4732.23798036575;0
996;997;997;3.8312;4735.61808037758;3.8312;4735.61808037758;0
997;998;998;3.9072;4739.44928026199;3.9072;4739.44928026199;0
998;999;999;3.952;4743.35648036003;3.952;4743.35648036003;0
999;1000;1000;3.859;4747.30848026276;3.859;4747.30848026276;0
1000;1001;1001;3.8946;4751.16748023033;3.8946;4751.16748023033;0
1001;1002;1002;4.4797;4755.06208014488;4.4797;4755.06208014488;0
1002;1003;1003;4.5989;4759.54178023338;4.5989;4759.54178023338;0
1003;1004;1004;3.735;4764.14068007469;3.735;4764.14068007469;0
1004;1005;1005;4.8245;4767.87567996979;4.8245;4767.87567996979;0
1005;1006;1006;5.2045;4772.70018005371;5.2045;4772.70018005371;0
1006;1007;1007;3.7121;4777.90468025208;3.7121;4777.90468025208;0
1007;1008;1008;4.4274;4781.61678028107;4.4274;4781.61678028107;0
1008;1009;1009;3.9652;4786.04418039322;3.9652;4786.04418039322;0
1009;1010;1010;4.3328;4790.00938034058;4.3328;4790.00938034058;0
1010;1011;1011;4.1102;4794.34218025208;4.1102;4794.34218025208;0
1011;1012;1012;5.0154;4798.45238018036;5.0154;4798.45238018036;0
1012;1013;1013;3.8143;4803.46778011322;3.8143;4803.46778011322;0
1013;1014;1014;4.7454;4807.28208017349;4.7454;4807.28208017349;0
1014;1015;1015;4.9775;4812.02748012543;4.9775;4812.02748012543;0
1015;1016;1016;3.9665;4817.00498008728;3.9665;4817.00498008728;0
1016;1017;1017;5.1716;4820.97148013115;5.1716;4820.97148013115;0
1017;1018;1018;3.7155;4826.14307999611;3.7155;4826.14307999611;0
1018;1019;1019;4.0495;4829.85857987404;4.0495;4829.85857987404;0
1019;1020;1020;3.6156;4833.90807986259;3.6156;4833.90807986259;0
1020;1021;1021;5.3646;4837.52367997169;5.3646;4837.52367997169;0
1021;1022;1022;4.1174;4842.88828015327;4.1174;4842.88828015327;0
1022;1023;1023;3.9112;4847.00568032265;3.9112;4847.00568032265;0
1023;1024;1024;4.2007;4850.91688036919;4.2007;4850.91688036919;0
1024;1025;1025;3.5821;4855.1175801754;3.5821;4855.1175801754;0
1025;1026;1026;4.4497;4858.69968008995;4.4497;4858.69968008995;0
1026;1027;1027;3.9609;4863.14937996864;3.9609;4863.14937996864;0
1027;1028;1028;4.9412;4867.11028003693;4.9412;4867.11028003693;0
1028;1029;1029;4.3731;4872.05147981644;4.3731;4872.05147981644;0
1029;1030;1030;4.2305;4876.42457962036;4.2305;4876.42457962036;0
1030;1031;1031;3.4127;4880.65507984161;3.4127;4880.65507984161;0
1031;1032;1032;3.9258;4884.06777977943;3.9258;4884.06777977943;0
1032;1033;1033;4.1625;4887.9935798645;4.1625;4887.9935798645;0
1033;1034;1034;4.2652;4892.15607976913;4.2652;4892.15607976913;0
1034;1035;1035;3.8791;4896.42127990723;3.8791;4896.42127990723;0
1035;1036;1036;3.9444;4900.30037999153;3.9444;4900.30037999153;0
1036;1037;1037;4.9304;4904.24478006363;4.9304;4904.24478006363;0
1037;1038;1038;5.1119;4909.17517995834;5.1119;4909.17517995834;0
1038;1039;1039;3.5808;4914.2870798111;3.5808;4914.2870798111;0
1039;1040;1040;4.5989;4917.86787986755;4.5989;4917.86787986755;0
1040;1041;1041;5.2338;4922.46677970886;5.2338;4922.46677970886;0
1041;1042;1042;3.736;4927.70057964325;3.736;4927.70057964325;0
1042;1043;1043;4.3071;4931.43657970428;4.3071;4931.43657970428;0
1043;1044;1044;3.9053;4935.74367952347;3.9053;4935.74367952347;0
1044;1045;1045;5.1814;4939.64897942543;5.1814;4939.64897942543;0
1045;1046;1046;4.9792;4944.83037924767;4.9792;4944.83037924767;0
1046;1047;1047;7.4079;4949.80957913399;7.4079;4949.80957913399;0
1047;1048;1048;7.0597;4957.21747899055;7.0597;4957.21747899055;0
1048;1049;1049;4.1597;4964.27717900276;4.1597;4964.27717900276;0
1049;1050;1050;6.4054;4968.4368789196;6.4054;4968.4368789196;0
1050;1051;1051;6.4918;4974.84227871895;6.4918;4974.84227871895;0
1051;1052;1052;3.9746;4981.33407855034;3.9746;4981.33407855034;0
1052;1053;1053;4.2456;4985.30867862701;4.2456;4985.30867862701;0
1053;1054;1054;3.9399;4989.55427885056;3.9399;4989.55427885056;0
1054;1055;1055;4.1983;4993.49417877197;4.1983;4993.49417877197;0
1055;1056;1056;4.7842;4997.69247865677;4.7842;4997.69247865677;0
1056;1057;1057;4.2233;5002.47667884827;4.2233;5002.47667884827;0
1057;1058;1058;4.4924;5006.69997882843;4.4924;5006.69997882843;0
1058;1059;1059;4.8624;5011.1923789978;4.8624;5011.1923789978;0
1059;1060;1060;3.494;5016.05477905273;3.494;5016.05477905273;0
1060;1061;1061;4.8;5019.54877901077;4.8;5019.54877901077;0
1061;1062;1062;4.9354;5024.34877920151;4.9354;5024.34877920151;0
1062;1063;1063;6.5717;5029.28417921066;6.5717;5029.28417921066;0
1063;1064;1064;4.4376;5035.85587930679;4.4376;5035.85587930679;0
1064;1065;1065;6.834;5040.2934794426;6.834;5040.2934794426;0
1065;1066;1066;3.9493;5047.12747955322;3.9493;5047.12747955322;0
1066;1067;1067;7.2948;5051.07677960396;7.2948;5051.07677960396;0
1067;1068;1068;4.377;5058.37157940865;4.377;5058.37157940865;0
1068;1069;1069;4.3254;5062.74857926369;4.3254;5062.74857926369;0
1069;1070;1070;4.1625;5067.07397913933;4.1625;5067.07397913933;0
1070;1071;1071;4.9611;5071.23647904396;4.9611;5071.23647904396;0
1071;1072;1072;3.7555;5076.19757914543;3.7555;5076.19757914543;0
1072;1073;1073;3.6835;5079.95307922363;3.6835;5079.95307922363;0
1073;1074;1074;3.8751;5083.63657927513;3.8751;5083.63657927513;0
1074;1075;1075;4.4831;5087.51167917252;4.4831;5087.51167917252;0
1075;1076;1076;4.0591;5091.99477910995;4.0591;5091.99477910995;0
1076;1077;1077;4.9512;5096.05387926102;4.9512;5096.05387926102;0
1077;1078;1078;4.4801;5101.00507926941;4.4801;5101.00507926941;0
1078;1079;1079;4.8362;5105.48517942429;4.8362;5105.48517942429;0
1079;1080;1080;4.5467;5110.32137918472;4.5467;5110.32137918472;0
1080;1081;1081;4.9713;5114.86807918549;4.9713;5114.86807918549;0
1081;1082;1082;7.5633;5119.83937931061;7.5633;5119.83937931061;0
1082;1083;1083;10.2595;5127.40267944336;10.2595;5127.40267944336;0
1083;1084;1084;7.6756;5137.66217899323;7.6756;5137.66217899323;0
1084;1085;1085;7.2893;5145.3377790451;7.2893;5145.3377790451;0
1085;1086;1086;7.3021;5152.62707901001;7.3021;5152.62707901001;0
1086;1087;1087;8.1473;5159.92917919159;8.1473;5159.92917919159;0
1087;1088;1088;7.3415;5168.07647895813;7.3415;5168.07647895813;0
1088;1089;1089;7.1124;5175.41797876358;7.1124;5175.41797876358;0
1089;1090;1090;7.0371;5182.53037881851;7.0371;5182.53037881851;0
1090;1091;1091;8.2844;5189.56747865677;8.2844;5189.56747865677;0
1091;1092;1092;18.0357;5197.85187864304;18.0357;5197.85187864304;0
1092;1093;1093;3.8728;5215.8875784874;3.8728;5215.8875784874;0
1093;1094;1094;5.0816;5219.76037836075;5.0816;5219.76037836075;0
1094;1095;1095;5.1086;5224.84197854996;5.1086;5224.84197854996;0
1095;1096;1096;4.6374;5229.95057868958;4.6374;5229.95057868958;0
1096;1097;1097;4.8962;5234.58797883987;4.8962;5234.58797883987;0
1097;1098;1098;4.9176;5239.48417901993;4.9176;5239.48417901993;0
1098;1099;1099;5.4851;5244.4017791748;5.4851;5244.4017791748;0
1099;1100;1100;5.021;5249.88687896729;5.021;5249.88687896729;0
1100;1101;1101;5.1409;5254.90787887573;5.1409;5254.90787887573;0
1101;1102;1102;5.1288;5260.04877901077;5.1288;5260.04877901077;0
1102;1103;1103;4.052;5265.17757892609;4.052;5265.17757892609;0
1103;1104;1104;4.9534;5269.22957897186;4.9534;5269.22957897186;0
1104;1105;1105;8.0285;5274.1829791069;8.0285;5274.1829791069;0
1105;1106;1106;7.1767;5282.21147871017;7.1767;5282.21147871017;0
1106;1107;1107;4.2965;5289.38817882538;4.2965;5289.38817882538;0
1107;1108;1108;5.1618;5293.68467903137;5.1618;5293.68467903137;0
1108;1109;1109;6.1541;5298.84647893906;6.1541;5298.84647893906;0
1109;1110;1110;4.3373;5305.00057888031;4.3373;5305.00057888031;0
1110;1111;1111;4.3536;5309.33787870407;4.3536;5309.33787870407;0
1111;1112;1112;3.7912;5313.69147872925;3.7912;5313.69147872925;0
1112;1113;1113;5.5321;5317.48267865181;5.5321;5317.48267865181;0
1113;1114;1114;4.8462;5323.01477885246;4.8462;5323.01477885246;0
1114;1115;1115;3.8249;5327.86097884178;3.8249;5327.86097884178;0
1115;1116;1116;4.1998;5331.68587875366;4.1998;5331.68587875366;0
1116;1117;1117;3.9214;5335.88567876816;3.9214;5335.88567876816;0
1117;1118;1118;3.7397;5339.80707883835;3.7397;5339.80707883835;0
1118;1119;1119;3.7259;5343.54677891731;3.7259;5343.54677891731;0
1119;1120;1120;4.3569;5347.27267885208;4.3569;5347.27267885208;0
1120;1121;1121;3.98;5351.62957906723;3.98;5351.62957906723;0
1121;1122;1122;4.0538;5355.6095790863;4.0538;5355.6095790863;0
1122;1123;1123;3.9176;5359.66337919235;3.9176;5359.66337919235;0
1123;1124;1124;4.783;5363.58097910881;4.783;5363.58097910881;0
1124;1125;1125;4.7128;5368.36397910118;4.7128;5368.36397910118;0
1125;1126;1126;5.0595;5373.07677912712;5.0595;5373.07677912712;0
1126;1127;1127;3.9731;5378.13627934456;3.9731;5378.13627934456;0
1127;1128;1128;3.9257;5382.10937929153;3.9257;5382.10937929153;0
1128;1129;1129;4.0684;5386.0350792408;4.0684;5386.0350792408;0
1129;1130;1130;4.2494;5390.10347914696;4.2494;5390.10347914696;0
1130;1131;1131;3.9974;5394.35287928581;3.9974;5394.35287928581;0
1131;1132;1132;4.1102;5398.35027933121;4.1102;5398.35027933121;0
1132;1133;1133;3.9021;5402.46047925949;3.9021;5402.46047925949;0
1133;1134;1134;4.4209;5406.3625793457;4.4209;5406.3625793457;0
1134;1135;1135;4.3689;5410.78347921371;4.3689;5410.78347921371;0
1135;1136;1136;4.076;5415.15237903595;4.076;5415.15237903595;0
1136;1137;1137;4.5247;5419.22837924957;4.5247;5419.22837924957;0
1137;1138;1138;4.8106;5423.75307941437;4.8106;5423.75307941437;0
1138;1139;1139;5.3028;5428.56367921829;5.3028;5428.56367921829;0
1139;1140;1140;4.4853;5433.86647939682;4.4853;5433.86647939682;0
1140;1141;1141;4.3827;5438.35177946091;4.3827;5438.35177946091;0
1141;1142;1142;4.2626;5442.73447942734;4.2626;5442.73447942734;0
1142;1143;1143;3.971;5446.99707937241;3.971;5446.99707937241;0
1143;1144;1144;4.0085;5450.96807932854;4.0085;5450.96807932854;0
1144;1145;1145;4.4189;5454.97657942772;4.4189;5454.97657942772;0
1145;1146;1146;4.4737;5459.39547944069;4.4737;5459.39547944069;0
1146;1147;1147;4.4859;5463.86917948723;4.4859;5463.86917948723;0
1147;1148;1148;4.9238;5468.35507941246;4.9238;5468.35507941246;0
1148;1149;1149;4.9266;5473.27887940407;4.9266;5473.27887940407;0
1149;1150;1150;3.9796;5478.20547938347;3.9796;5478.20547938347;0
1150;1151;1151;3.9314;5482.18507933617;3.9314;5482.18507933617;0
1151;1152;1152;3.9622;5486.11647939682;3.9622;5486.11647939682;0
1152;1153;1153;4.4878;5490.0786793232;4.4878;5490.0786793232;0
1153;1154;1154;3.8339;5494.5664794445;3.8339;5494.5664794445;0
1154;1155;1155;3.8649;5498.40037941933;3.8649;5498.40037941933;0
1155;1156;1156;4.2435;5502.26527929306;4.2435;5502.26527929306;0
1156;1157;1157;4.4118;5506.50877904892;4.4118;5506.50877904892;0
1157;1158;1158;3.9627;5510.9205789566;3.9627;5510.9205789566;0
1158;1159;1159;4.6547;5514.88327884674;4.6547;5514.88327884674;0
1159;1160;1160;4.7352;5519.53797864914;4.7352;5519.53797864914;0
1160;1161;1161;4.3378;5524.27317857742;4.3378;5524.27317857742;0
1161;1162;1162;3.8844;5528.61097860336;3.8844;5528.61097860336;0
1162;1163;1163;4.044;5532.49537849426;4.044;5532.49537849426;0
1163;1164;1164;4.3288;5536.53937864304;4.3288;5536.53937864304;0
1164;1165;1165;4.3223;5540.86817884445;4.3223;5540.86817884445;0
1165;1166;1166;4.2107;5545.19047880173;4.2107;5545.19047880173;0
1166;1167;1167;4.1379;5549.40117883682;4.1379;5549.40117883682;0
1167;1168;1168;4.2775;5553.53907871246;4.2775;5553.53907871246;0
1168;1169;1169;3.7779;5557.81657886505;3.7779;5557.81657886505;0
1169;1170;1170;3.9326;5561.5944788456;3.9326;5561.5944788456;0
1170;1171;1171;3.4322;5565.52707886696;3.4322;5565.52707886696;0
1171;1172;1172;8.6456;5568.95927882195;8.6456;5568.95927882195;0
1172;1173;1173;3.8652;5577.60487914085;3.8652;5577.60487914085;0
1173;1174;1174;4.1019;5581.47007918358;4.1019;5581.47007918358;0
1174;1175;1175;4.2472;5585.57197928429;4.2472;5585.57197928429;0
1175;1176;1176;4.302;5589.81917929649;4.302;5589.81917929649;0
1176;1177;1177;4.6367;5594.12117934227;4.6367;5594.12117934227;0
1177;1178;1178;4.7854;5598.75787949562;4.7854;5598.75787949562;0
1178;1179;1179;5.7402;5603.54327940941;5.7402;5603.54327940941;0
1179;1180;1180;4.1912;5609.28347945213;4.1912;5609.28347945213;0
1180;1181;1181;4.0719;5613.47467923164;4.0719;5613.47467923164;0
1181;1182;1182;3.9364;5617.54657912254;3.9364;5617.54657912254;0
1182;1183;1183;4.1771;5621.48297905922;4.1771;5621.48297905922;0
1183;1184;1184;7.1305;5625.6600792408;7.1305;5625.6600792408;0
1184;1185;1185;4.4718;5632.79057908058;4.4718;5632.79057908058;0
1185;1186;1186;4.0524;5637.26237893105;4.0524;5637.26237893105;0
1186;1187;1187;5.0398;5641.3147790432;5.0398;5641.3147790432;0
1187;1188;1188;7.9251;5646.35457921028;7.9251;5646.35457921028;0
1188;1189;1189;5.1545;5654.27967905998;5.1545;5654.27967905998;0
1189;1190;1190;5.0368;5659.43417906761;5.0368;5659.43417906761;0
1190;1191;1191;3.7612;5664.4709789753;3.7612;5664.4709789753;0
1191;1192;1192;4.4911;5668.23217892647;4.4911;5668.23217892647;0
1192;1193;1193;5.0864;5672.72327876091;5.0864;5672.72327876091;0
1193;1194;1194;4.2538;5677.80967879295;4.2538;5677.80967879295;0
1194;1195;1195;3.9582;5682.06347870827;3.9582;5682.06347870827;0
1195;1196;1196;4.1493;5686.02167868614;4.1493;5686.02167868614;0
1196;1197;1197;3.8245;5690.17097878456;3.8245;5690.17097878456;0
1197;1198;1198;3.7264;5693.99547886848;3.7264;5693.99547886848;0
1198;1199;1199;4.0855;5697.72187876701;4.0855;5697.72187876701;0
1199;1200;1200;4.2155;5701.8073785305;4.2155;5701.8073785305;0
1200;1201;1201;5.3678;5706.02287840843;5.3678;5706.02287840843;0
1201;1202;1202;3.7793;5711.39067816734;3.7793;5711.39067816734;0
1202;1203;1203;3.8273;5715.16997814178;3.8273;5715.16997814178;0
1203;1204;1204;4.862;5718.9972782135;4.862;5718.9972782135;0
1204;1205;1205;4.7473;5723.85927820206;4.7473;5723.85927820206;0
1205;1206;1206;4.242;5728.60657835007;4.242;5728.60657835007;0
1206;1207;1207;3.9399;5732.84857845306;3.9399;5732.84857845306;0
1207;1208;1208;4.3436;5736.78847837448;4.3436;5736.78847837448;0
1208;1209;1209;3.759;5741.13207817078;3.759;5741.13207817078;0
1209;1210;1210;3.9389;5744.89107823372;3.9389;5744.89107823372;0
1210;1211;1211;4.1191;5748.82997822762;4.1191;5748.82997822762;0
1211;1212;1212;3.6852;5752.94907832146;3.6852;5752.94907832146;0
1212;1213;1213;4.0802;5756.63427829742;4.0802;5756.63427829742;0
1213;1214;1214;3.8079;5760.71447849274;3.8079;5760.71447849274;0
1214;1215;1215;3.9566;5764.52237844467;3.9566;5764.52237844467;0
1215;1216;1216;4.3503;5768.47897839546;4.3503;5768.47897839546;0
1216;1217;1217;4.895;5772.82927823067;4.895;5772.82927823067;0
1217;1218;1218;4.7519;5777.72427821159;4.7519;5777.72427821159;0
1218;1219;1219;3.8377;5782.47617840767;3.8377;5782.47617840767;0
1219;1220;1220;3.8316;5786.31387829781;3.8316;5786.31387829781;0
1220;1221;1221;4.4968;5790.1454782486;4.4968;5790.1454782486;0
1221;1222;1222;3.764;5794.64227819443;3.764;5794.64227819443;0
1222;1223;1223;3.7516;5798.40627813339;3.7516;5798.40627813339;0
1223;1224;1224;3.4955;5802.15787816048;3.4955;5802.15787816048;0
1224;1225;1225;4.1059;5805.65337824821;4.1059;5805.65337824821;0
1225;1226;1226;3.6981;5809.75927805901;3.6981;5809.75927805901;0
1226;1227;1227;3.9604;5813.45737814903;3.9604;5813.45737814903;0
1227;1228;1228;4.2139;5817.41777825356;4.2139;5817.41777825356;0
1228;1229;1229;4.4536;5821.63167834282;4.4536;5821.63167834282;0
1229;1230;1230;3.7826;5826.08527827263;3.7826;5826.08527827263;0
1230;1231;1231;4.3882;5829.86787819862;4.3882;5829.86787819862;0
1231;1232;1232;4.6302;5834.25607800484;4.6302;5834.25607800484;0
1232;1233;1233;4.0372;5838.88627791405;4.0372;5838.88627791405;0
1233;1234;1234;4.0272;5842.92347788811;4.0272;5842.92347788811;0
1234;1235;1235;3.9121;5846.95067811012;3.9121;5846.95067811012;0
1235;1236;1236;3.4873;5850.8627781868;3.4873;5850.8627781868;0
1236;1237;1237;3.9851;5854.35007810593;3.9851;5854.35007810593;0
1237;1238;1238;3.6142;5858.33517813683;3.6142;5858.33517813683;0
1238;1239;1239;4.0512;5861.94937801361;4.0512;5861.94937801361;0
1239;1240;1240;3.8873;5866.00057792664;3.8873;5866.00057792664;0
1240;1241;1241;5.2964;5869.88787794113;5.2964;5869.88787794113;0
1241;1242;1242;4.2657;5875.18427801132;4.2657;5875.18427801132;0
1242;1243;1243;3.574;5879.44997787476;3.574;5879.44997787476;0
1243;1244;1244;3.7912;5883.0239777565;3.7912;5883.0239777565;0
1244;1245;1245;3.8394;5886.81517767906;3.8394;5886.81517767906;0
1245;1246;1246;4.2619;5890.65457773209;4.2619;5890.65457773209;0
1246;1247;1247;4.0173;5894.91647768021;4.0173;5894.91647768021;0
1247;1248;1248;3.7311;5898.93377780914;3.7311;5898.93377780914;0
1248;1249;1249;4.0957;5902.66487789154;4.0957;5902.66487789154;0
1249;1250;1250;4.7365;5906.76057767868;4.7365;5906.76057767868;0
1250;1251;1251;3.5876;5911.49707746506;3.5876;5911.49707746506;0
1251;1252;1252;4.1611;5915.08467745781;4.1611;5915.08467745781;0
1252;1253;1253;4.244;5919.24577736855;4.244;5919.24577736855;0
1253;1254;1254;4.4237;5923.48977732658;4.4237;5923.48977732658;0
1254;1255;1255;3.9652;5927.91347718239;3.9652;5927.91347718239;0
1255;1256;1256;3.6329;5931.87867712975;3.6329;5931.87867712975;0
1256;1257;1257;3.6866;5935.51157712936;3.6866;5935.51157712936;0
1257;1258;1258;3.9096;5939.19817709923;3.9096;5939.19817709923;0
1258;1259;1259;3.5998;5943.10777711868;3.5998;5943.10777711868;0
1259;1260;1260;3.7651;5946.70757722855;3.7651;5946.70757722855;0
1260;1261;1261;3.8086;5950.47267723083;3.8086;5950.47267723083;0
1261;1262;1262;4.4504;5954.28127717972;4.4504;5954.28127717972;0
1262;1263;1263;4.1857;5958.73167705536;4.1857;5958.73167705536;0
1263;1264;1264;4.2777;5962.91737699509;4.2777;5962.91737699509;0
1264;1265;1265;6.1583;5967.19507694244;6.1583;5967.19507694244;0
1265;1266;1266;4.4637;5973.35337686539;4.4637;5973.35337686539;0
1266;1267;1267;4.485;5977.81707668304;4.485;5977.81707668304;0
1267;1268;1268;3.6821;5982.30207681656;3.6821;5982.30207681656;0
1268;1269;1269;3.8117;5985.98417687416;3.8117;5985.98417687416;0
1269;1270;1270;3.9603;5989.79587697983;3.9603;5989.79587697983;0
1270;1271;1271;3.5122;5993.75617694855;3.5122;5993.75617694855;0
1271;1272;1272;4.1724;5997.26837682724;4.1724;5997.26837682724;0
1272;1273;1273;3.7965;6001.44077682495;3.7965;6001.44077682495;0
1273;1274;1274;3.5791;6005.23727679253;3.5791;6005.23727679253;0
1274;1275;1275;3.6435;6008.8163766861;3.6435;6008.8163766861;0
1275;1276;1276;5.6588;6012.45987677574;5.6588;6012.45987677574;0
1276;1277;1277;4.3005;6018.11867690086;4.3005;6018.11867690086;0
1277;1278;1278;4.5134;6022.41917681694;4.5134;6022.41917681694;0
1278;1279;1279;3.7854;6026.93257689476;3.7854;6026.93257689476;0
1279;1280;1280;5.3361;6030.71797680855;5.3361;6030.71797680855;0
1280;1281;1281;11.1661;6036.05407691002;11.1661;6036.05407691002;0
1281;1282;1282;4.1414;6047.22017645836;4.1414;6047.22017645836;0
1282;1283;1283;3.7031;6051.36157631874;3.7031;6051.36157631874;0
1283;1284;1284;3.8613;6055.06467628479;3.8613;6055.06467628479;0
1284;1285;1285;3.8963;6058.9259762764;3.8963;6058.9259762764;0
1285;1286;1286;3.8599;6062.82227635384;3.8599;6062.82227635384;0
1286;1287;1287;4.3152;6066.68217635155;4.3152;6066.68217635155;0
1287;1288;1288;4.7092;6070.99737620354;4.7092;6070.99737620354;0
1288;1289;1289;3.6816;6075.70657610893;3.6816;6075.70657610893;0
1289;1290;1290;3.856;6079.38817620277;3.856;6079.38817620277;0
1290;1291;1291;3.7189;6083.24417614937;3.7189;6083.24417614937;0
1291;1292;1292;5.4149;6086.96307611465;5.4149;6086.96307611465;0
1292;1293;1293;12.3111;6092.3779759407;12.3111;6092.3779759407;0
1293;1294;1294;5.3377;6104.68907594681;5.3377;6104.68907594681;0
1294;1295;1295;4.31;6110.02677583694;4.31;6110.02677583694;0
1295;1296;1296;34.0758;6114.33677577972;34.0758;6114.33677577972;0
1296;1297;1297;33.6812;6148.41257381439;33.6812;6148.41257381439;0
1297;1298;1298;32.5532;6182.09377193451;32.5532;6182.09377193451;0
1298;1299;1299;34.8307;6214.64697170258;34.8307;6214.64697170258;0
1299;1300;1300;32.2817;6249.47767162323;32.2817;6249.47767162323;0
1300;1301;1301;36.127;6281.75937175751;36.127;6281.75937175751;0
1301;1302;1302;27.9541;6317.88637065887;27.9541;6317.88637065887;0
1302;1303;1303;60.3557;6345.84047031403;60.3557;6345.84047031403;0
1303;1304;1304;57.631;6406.19617176056;57.631;6406.19617176056;0
1304;1305;1305;4.6161;6463.82717227936;4.6161;6463.82717227936;0
1305;1306;1306;53.4928;6468.4432721138;53.4928;6468.4432721138;0
1306;1307;1307;31.7213;6521.93607378006;31.7213;6521.93607378006;0
1307;1308;1308;29.8472;6553.65737390518;29.8472;6553.65737390518;0
1308;1309;1309;60.6724;6583.50457429886;60.6724;6583.50457429886;0
1309;1310;1310;4.9464;6644.17697572708;4.9464;6644.17697572708;0
1310;1311;1311;45.9633;6649.12337589264;45.9633;6649.12337589264;0
1311;1312;1312;31.4123;6695.08667469025;31.4123;6695.08667469025;0
1312;1313;1313;30.2013;6726.49897480011;30.2013;6726.49897480011;0
1313;1314;1314;30.2955;6756.70027446747;30.2955;6756.70027446747;0
1314;1315;1315;31.1471;6786.9957742691;31.1471;6786.9957742691;0
1315;1316;1316;30.351;6818.14287471771;30.351;6818.14287471771;0
1316;1317;1317;31.1974;6848.49387454987;31.1974;6848.49387454987;0
1317;1318;1318;29.8258;6879.69127368927;29.8258;6879.69127368927;0
1318;1319;1319;30.1008;6909.51707363129;30.1008;6909.51707363129;0
1319;1320;1320;30.2367;6939.61787319183;30.2367;6939.61787319183;0
1320;1321;1321;30.8013;6969.85457324982;30.8013;6969.85457324982;0
1321;1322;1322;32.2328;7000.65587329865;32.2328;7000.65587329865;0
1322;1323;1323;31.5143;7032.88867282867;31.5143;7032.88867282867;0
1323;1324;1324;60.9316;7064.40297222137;60.9316;7064.40297222137;0
1324;1325;1325;4.6006;7125.3345708847;4.6006;7125.3345708847;0
1325;1326;1326;51.5377;7129.93517065048;51.5377;7129.93517065048;0
1326;1327;1327;28.979;7181.47287130356;28.979;7181.47287130356;0
1327;1328;1328;31.0992;7210.45187139511;31.0992;7210.45187139511;0
1328;1329;1329;30.7338;7241.55107069016;30.7338;7241.55107069016;0
1329;1330;1330;60.9389;7272.28486967087;60.9389;7272.28486967087;0
1330;1331;1331;5.6278;7333.22376966476;5.6278;7333.22376966476;0
1331;1332;1332;50.1341;7338.85156965256;50.1341;7338.85156965256;0
1332;1333;1333;30.1632;7388.98566770554;30.1632;7388.98566770554;0
1333;1334;1334;58.8029;7419.14886808395;58.8029;7419.14886808395;0
1334;1335;1335;4.472;7477.95176649094;4.472;7477.95176649094;0
1335;1336;1336;51.2201;7482.42376661301;51.2201;7482.42376661301;0
1336;1337;1337;32.7227;7533.64386701584;32.7227;7533.64386701584;0
1337;1338;1338;29.6526;7566.36656522751;29.6526;7566.36656522751;0
1338;1339;1339;32.4483;7596.01916456223;32.4483;7596.01916456223;0
1339;1340;1340;30.2772;7628.46746397018;30.2772;7628.46746397018;0
1340;1341;1341;31.231;7658.74466466904;31.231;7658.74466466904;0
1341;1342;1342;29.4845;7689.97566366196;29.4845;7689.97566366196;0
1342;1343;1343;31.7172;7719.46016263962;31.7172;7719.46016263962;0
1343;1344;1344;38.5707;7751.17736196518;38.5707;7751.17736196518;0
1344;1345;1345;57.3482;7789.7480635643;57.3482;7789.7480635643;0
1345;1346;1346;4.1632;7847.09626531601;4.1632;7847.09626531601;0
1346;1347;1347;50.5317;7851.25946521759;50.5317;7851.25946521759;0
1347;1348;1348;30.3267;7901.79116535187;30.3267;7901.79116535187;0
1348;1349;1349;32.241;7932.11786556244;32.241;7932.11786556244;0
1349;1350;1350;30.6364;7964.35886669159;30.6364;7964.35886669159;0
1350;1351;1351;30.3847;7994.99526691437;30.3847;7994.99526691437;0
1351;1352;1352;31.7098;8025.37996768951;31.7098;8025.37996768951;0
1352;1353;1353;30.3366;8057.08976840973;30.3366;8057.08976840973;0
1353;1354;1354;32.8891;8087.4263677597;32.8891;8087.4263677597;0
1354;1355;1355;30.6443;8120.3154668808;30.6443;8120.3154668808;0
1355;1356;1356;30.54;8150.95976734161;30.54;8150.95976734161;0
1356;1357;1357;30.5519;8181.49976634979;30.5519;8181.49976634979;0
1357;1358;1358;33.2115;8212.05166721344;33.2115;8212.05166721344;0
1358;1359;1359;30.6309;8245.26316547394;30.6309;8245.26316547394;0
1359;1360;1360;30.5679;8275.89406490326;30.5679;8275.89406490326;0
1360;1361;1361;30.1685;8306.46196460724;30.1685;8306.46196460724;0
1361;1362;1362;33.0986;8336.63046360016;33.0986;8336.63046360016;0
1362;1363;1363;30.715;8369.72906208038;30.715;8369.72906208038;0
1363;1364;1364;29.8662;8400.44406223297;29.8662;8400.44406223297;0
1364;1365;1365;31.9321;8430.31026172638;31.9321;8430.31026172638;0
1365;1366;1366;30.742;8462.2423620224;30.742;8462.2423620224;0
1366;1367;1367;32.7492;8492.98436260223;32.7492;8492.98436260223;0
1367;1368;1368;29.469;8525.73356151581;29.469;8525.73356151581;0
1368;1369;1369;31.2615;8555.20256137848;31.2615;8555.20256137848;0
1369;1370;1370;32.5233;8586.46406078339;32.5233;8586.46406078339;0
1370;1371;1371;30.9246;8618.98736095428;30.9246;8618.98736095428;0
1371;1372;1372;30.1284;8649.91196155548;30.1284;8649.91196155548;0
1372;1373;1373;29.9998;8680.04036235809;29.9998;8680.04036235809;0
1373;1374;1374;30.7897;8710.04016208649;30.7897;8710.04016208649;0
1374;1375;1375;30.6536;8740.82986164093;30.6536;8740.82986164093;0
1375;1376;1376;31.5676;8771.48346233368;31.5676;8771.48346233368;0
1376;1377;1377;30.9101;8803.05106258392;30.9101;8803.05106258392;0
1377;1378;1378;31.0907;8833.96116161346;31.0907;8833.96116161346;0
1378;1379;1379;31.6903;8865.051861763;31.6903;8865.051861763;0
1379;1380;1380;31.1127;8896.74216175079;31.1127;8896.74216175079;0
1380;1381;1381;29.3468;8927.85486125946;29.3468;8927.85486125946;0
1381;1382;1382;32.9602;8957.20166110992;32.9602;8957.20166110992;0
1382;1383;1383;29.8207;8990.16186237335;29.8207;8990.16186237335;0
1383;1384;1384;32.1831;9019.98256206512;32.1831;9019.98256206512;0
1384;1385;1385;31.3572;9052.16566371918;31.3572;9052.16566371918;0
1385;1386;1386;31.926;9083.52286434174;31.926;9083.52286434174;0
1386;1387;1387;30.4982;9115.44886493683;30.4982;9115.44886493683;0
1387;1388;1388;30.9829;9145.94706439972;30.9829;9145.94706439972;0
1388;1389;1389;31.5609;9176.92996501923;31.5609;9176.92996501923;0
1389;1390;1390;30.2392;9208.49086475372;30.2392;9208.49086475372;0
1390;1391;1391;30.3826;9238.73006534576;30.3826;9238.73006534576;0
1391;1392;1392;31.1498;9269.11266613007;31.1498;9269.11266613007;0
1392;1393;1393;29.6221;9300.26246547699;29.6221;9300.26246547699;0
1393;1394;1394;30.8373;9329.88456630707;30.8373;9329.88456630707;0
1394;1395;1395;31.0387;9360.72186565399;31.0387;9360.72186565399;0
1395;1396;1396;31.1407;9391.76056575775;31.1407;9391.76056575775;0
1396;1397;1397;32.3875;9422.90126514435;32.3875;9422.90126514435;0
1397;1398;1398;29.8337;9455.28876590729;29.8337;9455.28876590729;0
1398;1399;1399;31.4215;9485.12246608734;31.4215;9485.12246608734;0
1399;1400;1400;30.8938;9516.54396533966;30.8938;9516.54396533966;0
1400;1401;1401;30.6913;9547.43776607513;30.6913;9547.43776607513;0
1401;1402;1402;31.5875;9578.12906551361;31.5875;9578.12906551361;0
1402;1403;1403;30.919;9609.71656513214;30.919;9609.71656513214;0
1403;1404;1404;29.9236;9640.63556575775;29.9236;9640.63556575775;0
1404;1405;1405;31.9352;9670.55916500092;31.9352;9670.55916500092;0
1405;1406;1406;30.8943;9702.49436473846;30.8943;9702.49436473846;0
1406;1407;1407;31.2224;9733.38866519928;31.2224;9733.38866519928;0
1407;1408;1408;29.611;9764.61106586456;29.611;9764.61106586456;0
1408;1409;1409;34.2229;9794.2220659256;34.2229;9794.2220659256;0
1409;1410;1410;29.0901;9828.44496631622;29.0901;9828.44496631622;0
1410;1411;1411;29.8708;9857.53506565094;29.8708;9857.53506565094;0
1411;1412;1412;33.1843;9887.40586566925;33.1843;9887.40586566925;0
1412;1413;1413;30.1846;9920.59016513824;30.1846;9920.59016513824;0
1413;1414;1414;30.9327;9950.77476596832;30.9327;9950.77476596832;0
1414;1415;1415;29.5895;9981.70746517181;29.5895;9981.70746517181;0
1415;1416;1416;30.9841;10011.2969655991;30.9841;10011.2969655991;0
1416;1417;1417;31.1994;10042.2810659409;31.1994;10042.2810659409;0
1417;1418;1418;32.5174;10073.480465889;32.5174;10073.480465889;0
1418;1419;1419;30.1524;10105.9978647232;30.1524;10105.9978647232;0
1419;1420;1420;31.2642;10136.1502637863;31.2642;10136.1502637863;0
1420;1421;1421;29.936;10167.4144639969;29.936;10167.4144639969;0
1421;1422;1422;30.7877;10197.3504648209;30.7877;10197.3504648209;0
1422;1423;1423;31.1029;10228.1381654739;31.1029;10228.1381654739;0
1423;1424;1424;30.5228;10259.2410650253;30.5228;10259.2410650253;0
1424;1425;1425;31.6167;10289.7638654709;31.6167;10289.7638654709;0
1425;1426;1426;31.1772;10321.3805646896;31.1772;10321.3805646896;0
1426;1427;1427;31.2945;10352.557765007;31.2945;10352.557765007;0
1427;1428;1428;29.8449;10383.852265358;29.8449;10383.852265358;0
1428;1429;1429;33.0187;10413.6971654892;33.0187;10413.6971654892;0
1429;1430;1430;29.5969;10446.7158651352;29.5969;10446.7158651352;0
1430;1431;1431;30.8403;10476.3127641678;30.8403;10476.3127641678;0
1431;1432;1432;31.2816;10507.1530637741;31.2816;10507.1530637741;0
1432;1433;1433;30.6223;10538.4346628189;30.6223;10538.4346628189;0
1433;1434;1434;30.9043;10569.0569620132;30.9043;10569.0569620132;0
1434;1435;1435;30.6647;10599.9612627029;30.6647;10599.9612627029;0
1435;1436;1436;33.1076;10630.6259622574;33.1076;10630.6259622574;0
1436;1437;1437;30.695;10663.7335634232;30.695;10663.7335634232;0
1437;1438;1438;30.6078;10694.428563118;30.6078;10694.428563118;0
1438;1439;1439;31.4632;10725.036362648;31.4632;10725.036362648;0
1439;1440;1440;30.6354;10756.4995622635;30.6354;10756.4995622635;0
1440;1441;1441;29.9151;10787.1349630356;29.9151;10787.1349630356;0
1441;1442;1442;31.2512;10817.0500631332;31.2512;10817.0500631332;0
1442;1443;1443;29.9758;10848.3012628555;29.9758;10848.3012628555;0
1443;1444;1444;31.7048;10878.2770624161;31.7048;10878.2770624161;0
1444;1445;1445;30.5873;10909.9818620682;30.5873;10909.9818620682;0
1445;1446;1446;31.1485;10940.5691614151;31.1485;10940.5691614151;0
1446;1447;1447;31.3711;10971.7176618576;31.3711;10971.7176618576;0
1447;1448;1448;30.817;11003.0887613297;30.817;11003.0887613297;0
1448;1449;1449;30.8553;11033.9057607651;30.8553;11033.9057607651;0
1449;1450;1450;30.8653;11064.761059761;30.8653;11064.761059761;0
1450;1451;1451;31.6215;11095.6263589859;31.6215;11095.6263589859;0
1451;1452;1452;31.2339;11127.2478590012;31.2339;11127.2478590012;0
1452;1453;1453;30.1244;11158.4817590714;30.1244;11158.4817590714;0
1453;1454;1454;31.243;11188.6061582565;31.243;11188.6061582565;0
1454;1455;1455;29.0257;11219.849158287;29.0257;11219.849158287;0
1455;1456;1456;31.021;11248.8748579025;31.021;11248.8748579025;0
1456;1457;1457;33.0207;11279.895857811;33.0207;11279.895857811;0
1457;1458;1458;31.663;11312.9165563583;31.663;11312.9165563583;0
1458;1459;1459;30.7438;11344.5795564651;30.7438;11344.5795564651;0
1459;1460;1460;28.9451;11375.3233556747;28.9451;11375.3233556747;0
1460;1461;1461;31.2652;11404.268456459;31.2652;11404.268456459;0
1461;1462;1462;31.2465;11435.5336561203;31.2465;11435.5336561203;0
1462;1463;1463;32.262;11466.7801561356;32.262;11466.7801561356;0
1463;1464;1464;28.6018;11499.0421571732;28.6018;11499.0421571732;0
1464;1465;1465;32.3735;11527.6439561844;32.3735;11527.6439561844;0
1465;1466;1466;30.0603;11560.0174570084;30.0603;11560.0174570084;0
1466;1467;1467;34.4806;11590.0777578354;34.4806;11590.0777578354;0
1467;1468;1468;29.9467;11624.5583562851;29.9467;11624.5583562851;0
1468;1469;1469;32.0802;11654.5050554276;32.0802;11654.5050554276;0
1469;1470;1470;29.3937;11686.5852556229;29.3937;11686.5852556229;0
1470;1471;1471;30.8172;11715.9789552689;30.8172;11715.9789552689;0
1471;1472;1472;30.307;11746.7961549759;30.307;11746.7961549759;0
1472;1473;1473;30.8805;11777.1031541824;30.8805;11777.1031541824;0
1473;1474;1474;30.2597;11807.9836549759;30.2597;11807.9836549759;0
1474;1475;1475;31.0515;11838.243355751;31.0515;11838.243355751;0
1475;1476;1476;30.4906;11869.2948560715;30.4906;11869.2948560715;0
1476;1477;1477;30.9139;11899.7854566574;30.9139;11899.7854566574;0
1477;1478;1478;33.0274;11930.6993570328;33.0274;11930.6993570328;0
1478;1479;1479;30.0882;11963.7267580032;30.0882;11963.7267580032;0
1479;1480;1480;29.9843;11993.8149576187;29.9843;11993.8149576187;0
1480;1481;1481;30.7787;12023.7992582321;30.7787;12023.7992582321;0
1481;1482;1482;30.5152;12054.577958107;30.5152;12054.577958107;0
1482;1483;1483;32.6343;12085.0931577682;32.6343;12085.0931577682;0
1483;1484;1484;30.6684;12117.7274580002;30.6684;12117.7274580002;0
1484;1485;1485;31.2827;12148.395857811;31.2827;12148.395857811;0
1485;1486;1486;30.5982;12179.6785573959;30.5982;12179.6785573959;0
1486;1487;1487;31.6971;12210.2767572403;31.6971;12210.2767572403;0
1487;1488;1488;30.1492;12241.973856926;30.1492;12241.973856926;0
1488;1489;1489;31.8289;12272.1230573654;31.8289;12272.1230573654;0
1489;1490;1490;30.298;12303.951956749;30.298;12303.951956749;0
1490;1491;1491;30.7118;12334.2499570847;30.7118;12334.2499570847;0
1491;1492;1492;30.0223;12364.9617567062;30.0223;12364.9617567062;0
1492;1493;1493;30.8435;12394.9840574265;30.8435;12394.9840574265;0
1493;1494;1494;30.5286;12425.8275575638;30.5286;12425.8275575638;0
1494;1495;1495;31.15;12456.3561582565;31.15;12456.3561582565;0
1495;1496;1496;29.9589;12487.5061578751;29.9589;12487.5061578751;0
1496;1497;1497;30.544;12517.4650583267;30.544;12517.4650583267;0
1497;1498;1498;31.3889;12548.0090589523;31.3889;12548.0090589523;0
1498;1499;1499;33.8793;12579.3979597092;33.8793;12579.3979597092;0
1499;1500;1500;30.9263;12613.277258873;30.9263;12613.277258873;0
1500;1501;1501;29.9547;12644.2035589218;29.9547;12644.2035589218;0
1501;1502;1502;34.7963;12674.1582593918;34.7963;12674.1582593918;0
1502;1503;1503;33.4779;12708.9545583725;33.4779;12708.9545583725;0
1503;1504;1504;30.8754;12742.4324598312;30.8754;12742.4324598312;0
1504;1505;1505;32.324;12773.3078603745;32.324;12773.3078603745;0
1505;1506;1506;30.1476;12805.6318616867;30.1476;12805.6318616867;0
1506;1507;1507;32.6922;12835.7794618607;32.6922;12835.7794618607;0
1507;1508;1508;31.0279;12868.4716615677;31.0279;12868.4716615677;0
1508;1509;1509;31.7238;12899.4995622635;31.7238;12899.4995622635;0
1509;1510;1510;32.4316;12931.2233629227;32.4316;12931.2233629227;0
1510;1511;1511;30.2218;12963.654961586;30.2218;12963.654961586;0
1511;1512;1512;30.2159;12993.8767614365;30.2159;12993.8767614365;0
1512;1513;1513;29.9351;13024.0926618576;29.9351;13024.0926618576;0
1513;1514;1514;30.9947;13054.027762413;30.9947;13054.027762413;0
1514;1515;1515;31.8017;13085.0224618912;31.8017;13085.0224618912;0
1515;1516;1516;30.7123;13116.8241624832;30.7123;13116.8241624832;0
1516;1517;1517;34.2696;13147.5364618301;34.2696;13147.5364618301;0
1517;1518;1518;33.8547;13181.8060617447;33.8547;13181.8060617447;0
1518;1519;1519;31.4088;13215.6607599258;31.4088;13215.6607599258;0
1519;1520;1520;30.2014;13247.069560051;30.2014;13247.069560051;0
1520;1521;1521;30.5033;13277.2709608078;30.5033;13277.2709608078;0
1521;1522;1522;30.5261;13307.7742605209;30.5261;13307.7742605209;0
1522;1523;1523;30.8332;13338.3003606796;30.8332;13338.3003606796;0
1523;1524;1524;30.8673;13369.1335611343;30.8673;13369.1335611343;0
1524;1525;1525;30.2329;13400.0008611679;30.2329;13400.0008611679;0
1525;1526;1526;31.0767;13430.2337617874;31.0767;13430.2337617874;0
1526;1527;1527;30.3681;13461.310461998;30.3681;13461.310461998;0
1527;1528;1528;31.3459;13491.6785612106;31.3459;13491.6785612106;0
1528;1529;1529;30.5961;13523.0244607925;30.5961;13523.0244607925;0
1529;1530;1530;30.6002;13553.6205606461;30.6002;13553.6205606461;0
1530;1531;1531;31.0564;13584.2207612991;31.0564;13584.2207612991;0
1531;1532;1532;32.9911;13615.2771615982;32.9911;13615.2771615982;0
1532;1533;1533;28.3993;13648.2682619095;28.3993;13648.2682619095;0
1533;1534;1534;31.2148;13676.6675615311;31.2148;13676.6675615311;0
1534;1535;1535;30.4938;13707.882361412;30.4938;13707.882361412;0
1535;1536;1536;30.3118;13738.3761606216;30.3118;13738.3761606216;0
1536;1537;1537;32.4649;13768.6879606247;32.4649;13768.6879606247;0
1537;1538;1538;30.2226;13801.1528615952;30.2226;13801.1528615952;0
1538;1539;1539;33.262;13831.3754606247;33.262;13831.3754606247;0
1539;1540;1540;32.6372;13864.6374616623;32.6372;13864.6374616623;0
1540;1541;1541;41.2197;13897.2746610641;41.2197;13897.2746610641;0
1541;1542;1542;35.884;13938.4943609238;35.884;13938.4943609238;0
1542;1543;1543;36.0344;13974.3783597946;36.0344;13974.3783597946;0
1543;1544;1544;29.1014;14010.4127607346;29.1014;14010.4127607346;0
1544;1545;1545;31.9957;14039.5141611099;31.9957;14039.5141611099;0
1545;1546;1546;30.1867;14071.5098619461;30.1867;14071.5098619461;0
1546;1547;1547;30.5874;14101.696562767;30.5874;14101.696562767;0
1547;1548;1548;31.8836;14132.2839632034;31.8836;14132.2839632034;0
1548;1549;1549;31.494;14164.1675634384;31.494;14164.1675634384;0
1549;1550;1550;30.7334;14195.6615629196;30.7334;14195.6615629196;0
1550;1551;1551;30.6135;14226.3949632645;30.6135;14226.3949632645;0
1551;1552;1552;31.2151;14257.0084638596;31.2151;14257.0084638596;0
1552;1553;1553;30.8907;14288.2235631943;30.8907;14288.2235631943;0
1553;1554;1554;31.1579;14319.1142625809;31.1579;14319.1142625809;0
1554;1555;1555;30.8038;14350.2721624374;30.8038;14350.2721624374;0
1555;1556;1556;30.1146;14381.0759630203;30.1146;14381.0759630203;0
1556;1557;1557;31.5659;14411.1905622482;31.5659;14411.1905622482;0
1557;1558;1558;30.0831;14442.7564630508;30.0831;14442.7564630508;0
1558;1559;1559;31.3847;14472.8395624161;31.3847;14472.8395624161;0
1559;1560;1560;31.1573;14504.2242631912;31.1573;14504.2242631912;0
1560;1561;1561;30.4031;14535.381562233;30.4031;14535.381562233;0
1561;1562;1562;31.9406;14565.784661293;31.9406;14565.784661293;0
1562;1563;1563;31.8285;14597.7252607346;31.8285;14597.7252607346;0
1563;1564;1564;32.0071;14629.5537614822;32.0071;14629.5537614822;0
1564;1565;1565;30.609;14661.5608606339;30.609;14661.5608606339;0
1565;1566;1566;33.9993;14692.1698598862;33.9993;14692.1698598862;0
1566;1567;1567;30.4137;14726.1691579819;30.4137;14726.1691579819;0
1567;1568;1568;31.9169;14756.5828580856;31.9169;14756.5828580856;0
1568;1569;1569;31.6956;14788.4997587204;31.6956;14788.4997587204;0
1569;1570;1570;31.4684;14820.19535923;31.4684;14820.19535923;0
1570;1571;1571;30.7438;14851.6637582779;30.7438;14851.6637582779;0
1571;1572;1572;29.855;14882.4075574875;29.855;14882.4075574875;0
1572;1573;1573;31.29;14912.2625570297;31.29;14912.2625570297;0
1573;1574;1574;31.4839;14943.5525560379;31.4839;14943.5525560379;0
1574;1575;1575;31.5354;14975.0364561081;31.5354;14975.0364561081;0
1575;1576;1576;30.1638;15006.5718564987;30.1638;15006.5718564987;0
1576;1577;1577;33.084;15036.7356557846;33.084;15036.7356557846;0
1577;1578;1578;30.4401;15069.8196554184;30.4401;15069.8196554184;0
1578;1579;1579;31.6489;15100.2597551346;31.6489;15100.2597551346;0
1579;1580;1580;31.71;15131.908654213;31.71;15131.908654213;0
1580;1581;1581;31.7979;15163.6186532974;31.7979;15163.6186532974;0
1581;1582;1582;32.9656;15195.4165525436;32.9656;15195.4165525436;0
1582;1583;1583;31.4741;15228.3821516037;31.4741;15228.3821516037;0
1583;1584;1584;29.8772;15259.8562517166;29.8772;15259.8562517166;0
1584;1585;1585;32.1087;15289.7334508896;32.1087;15289.7334508896;0
1585;1586;1586;30.0635;15321.8421506882;30.0635;15321.8421506882;0
1586;1587;1587;30.9438;15351.9056501389;30.9438;15351.9056501389;0
1587;1588;1588;30.8094;15382.8494501114;30.8094;15382.8494501114;0
1588;1589;1589;31.8967;15413.6588506699;31.8967;15413.6588506699;0
1589;1590;1590;31.691;15445.5555505753;31.691;15445.5555505753;0
1590;1591;1591;29.7388;15477.24655056;29.7388;15477.24655056;0
1591;1592;1592;32.1458;15506.9853506088;32.1458;15506.9853506088;0
1592;1593;1593;30.0723;15539.131152153;30.0723;15539.131152153;0
1593;1594;1594;31.469;15569.2034521103;31.469;15569.2034521103;0
1594;1595;1595;29.1281;15600.672451973;29.1281;15600.672451973;0
1595;1596;1596;31.8034;15629.8005514145;31.8034;15629.8005514145;0
1596;1597;1597;30.8627;15661.6039514542;30.8627;15661.6039514542;0
1597;1598;1598;32.9526;15692.4666509628;32.9526;15692.4666509628;0
1598;1599;1599;30.4048;15725.4192495346;30.4048;15725.4192495346;0
1599;1600;1600;31.074;15755.8240499496;31.074;15755.8240499496;0
1600;1601;1601;30.9575;15786.8980493546;30.9575;15786.8980493546;0
1601;1602;1602;30.6829;15817.8555498123;30.6829;15817.8555498123;0
1602;1603;1603;31.287;15848.5384492874;31.287;15848.5384492874;0
1603;1604;1604;30.6854;15879.8254499435;30.6854;15879.8254499435;0
1604;1605;1605;32.0245;15910.5108499527;32.0245;15910.5108499527;0
1605;1606;1606;30.4637;15942.5353517532;30.4637;15942.5353517532;0
1606;1607;1607;31.3436;15972.9990510941;31.3436;15972.9990510941;0
1607;1608;1608;31.5576;16004.3426504135;31.5576;16004.3426504135;0
1608;1609;1609;31.6695;16035.9002504349;31.6695;16035.9002504349;0
1609;1610;1610;31.6521;16067.5697507858;31.6521;16067.5697507858;0
1610;1611;1611;32.3187;16099.2218503952;32.3187;16099.2218503952;0
1611;1612;1612;30.8247;16131.5405492783;30.8247;16131.5405492783;0
1612;1613;1613;30.4178;16162.3652486801;30.4178;16162.3652486801;0
1613;1614;1614;33.3505;16192.7830476761;33.3505;16192.7830476761;0
1614;1615;1615;30.4085;16226.1335458755;30.4085;16226.1335458755;0
1615;1616;1616;30.1879;16256.5420465469;30.1879;16256.5420465469;0
1616;1617;1617;31.1324;16286.7299470901;31.1324;16286.7299470901;0
1617;1618;1618;31.0713;16317.8623476028;31.0713;16317.8623476028;0
1618;1619;1619;31.7585;16348.9336481094;31.7585;16348.9336481094;0
1619;1620;1620;29.8296;16380.6921472549;29.8296;16380.6921472549;0
1620;1621;1621;31.3977;16410.5217466354;31.3977;16410.5217466354;0
1621;1622;1622;32.5268;16441.9194459915;32.5268;16441.9194459915;0
1622;1623;1623;29.8829;16474.4462442398;29.8829;16474.4462442398;0
1623;1624;1624;31.1711;16504.3291444778;31.1711;16504.3291444778;0
1624;1625;1625;30.2502;16535.5002450943;30.2502;16535.5002450943;0
1625;1626;1626;31.1392;16565.7504453659;31.1392;16565.7504453659;0
1626;1627;1627;31.4815;16596.8896455765;31.4815;16596.8896455765;0
1627;1628;1628;30.1204;16628.3711462021;30.1204;16628.3711462021;0
1628;1629;1629;30.827;16658.4915456772;30.827;16658.4915456772;0
1629;1630;1630;34.0067;16689.3185453415;34.0067;16689.3185453415;0
1630;1631;1631;30.2282;16723.3252439499;30.2282;16723.3252439499;0
1631;1632;1632;31.8731;16753.553442955;31.8731;16753.553442955;0
1632;1633;1633;31.1949;16785.4265432358;31.1949;16785.4265432358;0
1633;1634;1634;30.1802;16816.6214437485;30.1802;16816.6214437485;0
1634;1635;1635;30.1554;16846.8016443253;30.1554;16846.8016443253;0
1635;1636;1636;30.5455;16876.9570436478;30.5455;16876.9570436478;0
1636;1637;1637;31.743;16907.5025434494;31.743;16907.5025434494;0
1637;1638;1638;30.3162;16939.2455434799;30.3162;16939.2455434799;0
1638;1639;1639;32.6751;16969.5617437363;32.6751;16969.5617437363;0
1639;1640;1640;30.7245;17002.2368421555;30.7245;17002.2368421555;0
1640;1641;1641;31.7899;17032.9613428116;31.7899;17032.9613428116;0
1641;1642;1642;30.6782;17064.7512426376;30.6782;17064.7512426376;0
1642;1643;1643;31.1759;17095.4294424057;31.1759;17095.4294424057;0
1643;1644;1644;30.8579;17126.6053419113;30.8579;17126.6053419113;0
1644;1645;1645;30.6124;17157.4632425308;30.6124;17157.4632425308;0
1645;1646;1646;33.8058;17188.0756425858;33.8058;17188.0756425858;0
1646;1647;1647;30.2333;17221.8814439774;30.2333;17221.8814439774;0
1647;1648;1648;30.4901;17252.1147432327;30.4901;17252.1147432327;0
1648;1649;1649;30.9947;17282.6048440933;30.9947;17282.6048440933;0
1649;1650;1650;31.0613;17313.5995435715;31.0613;17313.5995435715;0
1650;1651;1651;30.8782;17344.6608438492;30.8782;17344.6608438492;0
1651;1652;1652;32.7358;17375.5390443802;32.7358;17375.5390443802;0
1652;1653;1653;29.8251;17408.274846077;29.8251;17408.274846077;0
1653;1654;1654;30.8865;17438.099946022;30.8865;17438.099946022;0
1654;1655;1655;30.9794;17468.9864454269;30.9794;17468.9864454269;0
1655;1656;1656;30.3765;17499.9658460617;30.3765;17499.9658460617;0
1656;1657;1657;31.3578;17530.3423452377;31.3578;17530.3423452377;0
1657;1658;1658;30.7677;17561.7001447678;30.7677;17561.7001447678;0
1658;1659;1659;30.4299;17592.4678449631;30.4299;17592.4678449631;0
1659;1660;1660;29.8237;17622.8977441788;29.8237;17622.8977441788;0
1660;1661;1661;31.4537;17652.7214441299;31.4537;17652.7214441299;0
1661;1662;1662;31.6776;17684.1751432419;31.6776;17684.1751432419;0
1662;1663;1663;32.0647;17715.8527441025;32.0647;17715.8527441025;0
1663;1664;1664;32.0712;17747.9174451828;32.0712;17747.9174451828;0
1664;1665;1665;30.4863;17779.9886465073;30.4863;17779.9886465073;0
1665;1666;1666;31.0323;17810.474946022;31.0323;17810.474946022;0
1666;1667;1667;31.055;17841.5072450638;31.055;17841.5072450638;0
1667;1668;1668;31.5918;17872.562245369;31.5918;17872.562245369;0
1668;1669;1669;29.7374;17904.1540460587;29.7374;17904.1540460587;0
1669;1670;1670;30.8688;17933.8914461136;30.8688;17933.8914461136;0
1670;1671;1671;30.6846;17964.7602453232;30.6846;17964.7602453232;0
1671;1672;1672;31.2431;17995.4448461533;31.2431;17995.4448461533;0
1672;1673;1673;30.8489;18026.6879453659;30.8489;18026.6879453659;0
1673;1674;1674;30.2241;18057.5368452072;30.2241;18057.5368452072;0
1674;1675;1675;31.7735;18087.7609453201;31.7735;18087.7609453201;0
1675;1676;1676;30.0081;18119.5344457626;30.0081;18119.5344457626;0
1676;1677;1677;31.5052;18149.5425462723;31.5052;18149.5425462723;0
1677;1678;1678;31.1791;18181.0477457047;31.1791;18181.0477457047;0
1678;1679;1679;32.8496;18212.2268457413;32.8496;18212.2268457413;0
1679;1680;1680;31.3148;18245.0764474869;31.3148;18245.0764474869;0
1680;1681;1681;31.4962;18276.3912477493;31.4962;18276.3912477493;0
1681;1682;1682;31.1374;18307.8874483109;31.1374;18307.8874483109;0
1682;1683;1683;31.2537;18339.0248479843;31.2537;18339.0248479843;0
1683;1684;1684;31.3526;18370.2785482407;31.3526;18370.2785482407;0
1684;1685;1685;30.9029;18401.6311483383;30.9029;18401.6311483383;0
1685;1686;1686;32.5495;18432.5340490341;32.5495;18432.5340490341;0
1686;1687;1687;28.8092;18465.0835485458;28.8092;18465.0835485458;0
1687;1688;1688;30.9893;18493.8927488327;30.9893;18493.8927488327;0
1688;1689;1689;30.4387;18524.8820486069;30.4387;18524.8820486069;0
1689;1690;1690;30.3717;18555.3207483292;30.3717;18555.3207483292;0
1690;1691;1691;31.0032;18585.692448616;31.0032;18585.692448616;0
1691;1692;1692;30.9859;18616.695649147;30.9859;18616.695649147;0
1692;1693;1693;31.6904;18647.6815481186;31.6904;18647.6815481186;0
1693;1694;1694;30.4992;18679.3719472885;30.4992;18679.3719472885;0
1694;1695;1695;33.1127;18709.8711481094;33.1127;18709.8711481094;0
1695;1696;1696;31.618;18742.9838495255;31.618;18742.9838495255;0
1696;1697;1697;33.2625;18774.601849556;33.2625;18774.601849556;0
1697;1698;1698;30.175;18807.8643503189;30.175;18807.8643503189;0
1698;1699;1699;30.5745;18838.039349556;30.5745;18838.039349556;0
1699;1700;1700;31.5091;18868.6138486862;31.5091;18868.6138486862;0
1700;1701;1701;30.5245;18900.1229486465;30.5245;18900.1229486465;0
1701;1702;1702;31.87;18930.6474485397;31.87;18930.6474485397;0
1702;1703;1703;29.7894;18962.517449379;29.7894;18962.517449379;0
1703;1704;1704;31.134;18992.3068494797;31.134;18992.3068494797;0
1704;1705;1705;31.4228;19023.4408502579;31.4228;19023.4408502579;0
1705;1706;1706;31.8845;19054.863650322;31.8845;19054.863650322;0
1706;1707;1707;32.8908;19086.7481508255;32.8908;19086.7481508255;0
1707;1708;1708;30.5186;19119.6389513016;30.5186;19119.6389513016;0
1708;1709;1709;31.8601;19150.1575517654;31.8601;19150.1575517654;0
1709;1710;1710;30.5694;19182.0176515579;30.5694;19182.0176515579;0
1710;1711;1711;32.6344;19212.5870523453;32.6344;19212.5870523453;0
1711;1712;1712;32.3615;19245.2214517593;32.3615;19245.2214517593;0
1712;1713;1713;30.0864;19277.5829515457;30.0864;19277.5829515457;0
1713;1714;1714;32.6297;19307.6693506241;32.6297;19307.6693506241;0
1714;1715;1715;29.9127;19340.2990503311;29.9127;19340.2990503311;0
1715;1716;1716;33.2539;19370.2117509842;33.2539;19370.2117509842;0
1716;1717;1717;32.2919;19403.4656496048;32.2919;19403.4656496048;0
1717;1718;1718;29.2989;19435.7575502396;29.2989;19435.7575502396;0
1718;1719;1719;31.1797;19465.0564508438;31.1797;19465.0564508438;0
1719;1720;1720;30.5386;19496.2361516953;30.5386;19496.2361516953;0
1720;1721;1721;32.1753;19526.7747507095;32.1753;19526.7747507095;0
1721;1722;1722;29.5989;19558.9500513077;29.5989;19558.9500513077;0
1722;1723;1723;31.4083;19588.548951149;31.4083;19588.548951149;0
1723;1724;1724;31.6587;19619.9572515488;31.6587;19619.9572515488;0
1724;1725;1725;32.5535;19651.6159505844;32.5535;19651.6159505844;0
1725;1726;1726;31.8119;19684.1694517136;31.8119;19684.1694517136;0
1726;1727;1727;34.9003;19715.9813508987;34.9003;19715.9813508987;0
1727;1728;1728;29.67;19750.881649971;29.67;19750.881649971;0
1728;1729;1729;31.3671;19780.5516500473;31.3671;19780.5516500473;0
1729;1730;1730;31.0072;19811.9187498093;31.0072;19811.9187498093;0
1730;1731;1731;30.8991;19842.9259500504;30.8991;19842.9259500504;0
1731;1732;1732;31.5537;19873.8250494003;31.5537;19873.8250494003;0
1732;1733;1733;30.2868;19905.3787488937;30.2868;19905.3787488937;0
1733;1734;1734;30.6249;19935.6655492783;30.6249;19935.6655492783;0
1734;1735;1735;31.3597;19966.2904500961;31.3597;19966.2904500961;0
1735;1736;1736;30.4758;19997.6501493454;30.4758;19997.6501493454;0
1736;1737;1737;33.2674;20028.1259489059;33.2674;20028.1259489059;0
1737;1738;1738;31.0572;20061.3933477402;31.0572;20061.3933477402;0
1738;1739;1739;30.9967;20092.4505472183;30.9967;20092.4505472183;0
1739;1740;1740;31.2573;20123.4472475052;31.2573;20123.4472475052;0
1740;1741;1741;29.6852;20154.7045469284;29.6852;20154.7045469284;0
1741;1742;1742;32.6557;20184.389746666;32.6557;20184.389746666;0
1742;1743;1743;30.6837;20217.0454473495;30.6837;20217.0454473495;0
1743;1744;1744;33.6636;20247.7291479111;33.6636;20247.7291479111;0
1744;1745;1745;30.9265;20281.3927488327;30.9265;20281.3927488327;0
1745;1746;1746;32.3353;20312.3192491531;32.3353;20312.3192491531;0
1746;1747;1747;30.6446;20344.6545495987;30.6446;20344.6545495987;0
1747;1748;1748;30.801;20375.2991495132;30.801;20375.2991495132;0
1748;1749;1749;31.6934;20406.1001501083;31.6934;20406.1001501083;0
1749;1750;1750;30.8581;20437.7935495377;30.8581;20437.7935495377;0
1750;1751;1751;30.2168;20468.6516485214;30.2168;20468.6516485214;0
1751;1752;1752;30.7546;20498.8684492111;30.7546;20498.8684492111;0
1752;1753;1753;31.2583;20529.623049736;31.2583;20529.623049736;0
1753;1754;1754;30.401;20560.8813505173;30.401;20560.8813505173;0
1754;1755;1755;31.0459;20591.2823495865;31.0459;20591.2823495865;0
1755;1756;1756;30.5657;20622.3282499313;30.5657;20622.3282499313;0
1756;1757;1757;32.0588;20652.8939504623;32.0588;20652.8939504623;0
1757;1758;1758;30.007;20684.952750206;30.007;20684.952750206;0
1758;1759;1759;31.2702;20714.9597501755;31.2702;20714.9597501755;0
1759;1760;1760;31.7948;20746.2299509048;31.7948;20746.2299509048;0
1760;1761;1761;30.9628;20778.0247507095;30.9628;20778.0247507095;0
1761;1762;1762;30.8482;20808.9875497818;30.8482;20808.9875497818;0
1762;1763;1763;30.9116;20839.8357496262;30.9116;20839.8357496262;0
1763;1764;1764;31.257;20870.7473497391;31.257;20870.7473497391;0
1764;1765;1765;30.2681;20902.0043497086;30.2681;20902.0043497086;0
1765;1766;1766;30.9597;20932.2724504471;30.9597;20932.2724504471;0
1766;1767;1767;31.2441;20963.2321500778;31.2441;20963.2321500778;0
1767;1768;1768;30.3571;20994.4762506485;30.3571;20994.4762506485;0
1768;1769;1769;30.2977;21024.8333501816;30.2977;21024.8333501816;0
1769;1770;1770;30.5491;21055.1310491562;30.5491;21055.1310491562;0
1770;1771;1771;31.0216;21085.680150032;31.0216;21085.680150032;0
1771;1772;1772;31.5012;21116.7017507553;31.5012;21116.7017507553;0
1772;1773;1773;30.7674;21148.2029504776;30.7674;21148.2029504776;0
1773;1774;1774;31.1355;21178.9703512192;31.1355;21178.9703512192;0
1774;1775;1775;32.2627;21210.1058511734;32.2627;21210.1058511734;0
1775;1776;1776;31.7703;21242.3685503006;31.7703;21242.3685503006;0
1776;1777;1777;30.5958;21274.1388502121;30.5958;21274.1388502121;0
1777;1778;1778;31.0962;21304.7346506119;31.0962;21304.7346506119;0
1778;1779;1779;30.6859;21335.8308496475;30.6859;21335.8308496475;0
1779;1780;1780;30.525;21366.516749382;30.525;21366.516749382;0
1780;1781;1781;31.1348;21397.0417490005;31.1348;21397.0417490005;0
1781;1782;1782;31.3065;21428.1765489578;31.3065;21428.1765489578;0
1782;1783;1783;31.0499;21459.483048439;31.0499;21459.483048439;0
1783;1784;1784;31.2509;21490.532948494;31.2509;21490.532948494;0
1784;1785;1785;30.017;21521.7838487625;30.017;21521.7838487625;0
1785;1786;1786;31.6166;21551.8008489609;31.6166;21551.8008489609;0
1786;1787;1787;30.6426;21583.4174489975;30.6426;21583.4174489975;0
1787;1788;1788;30.4725;21614.0600481033;30.4725;21614.0600481033;0
1788;1789;1789;30.8513;21644.5325479507;30.8513;21644.5325479507;0
1789;1790;1790;31.0577;21675.3838472366;31.0577;21675.3838472366;0
1790;1791;1791;33.0771;21706.4415464401;33.0771;21706.4415464401;0
1791;1792;1792;30.539;21739.5186452866;30.539;21739.5186452866;0
1792;1793;1793;31;21770.0576448441;31;21770.0576448441;0
1793;1794;1794;30.8055;21801.0576448441;30.8055;21801.0576448441;0
1794;1795;1795;31.4757;21831.8631448746;31.4757;21831.8631448746;0
1795;1796;1796;30.0834;21863.338845253;30.0834;21863.338845253;0
1796;1797;1797;31.9281;21893.4222459793;31.9281;21893.4222459793;0
1797;1798;1798;30.1151;21925.3503465652;30.1151;21925.3503465652;0
1798;1799;1799;30.9953;21955.4654474258;30.9953;21955.4654474258;0
1799;1800;1800;31.9217;21986.4607477188;31.9217;21986.4607477188;0
1800;1801;1801;29.832;22018.3824472427;29.832;22018.3824472427;0
1801;1802;1802;31.7353;22048.2144479752;31.7353;22048.2144479752;0
1802;1803;1803;31.0942;22079.9497480392;31.0942;22079.9497480392;0
1803;1804;1804;30.7647;22111.0439481735;30.7647;22111.0439481735;0
1804;1805;1805;30.5668;22141.8086481094;30.5668;22141.8086481094;0
1805;1806;1806;31.2747;22172.3754472733;31.2747;22172.3754472733;0
1806;1807;1807;30.8856;22203.650147438;30.8856;22203.650147438;0
1807;1808;1808;29.8083;22234.5357465744;29.8083;22234.5357465744;0
1808;1809;1809;32.5399;22264.3440465927;32.5399;22264.3440465927;0
1809;1810;1810;31.2242;22296.8839483261;31.2242;22296.8839483261;0
1810;1811;1811;31.95;22328.1081476212;31.95;22328.1081476212;0
1811;1812;1812;30.9104;22360.0581483841;30.9104;22360.0581483841;0
1812;1813;1813;32.4519;22390.9685487747;32.4519;22390.9685487747;0
1813;1814;1814;29.7872;22423.4204492569;29.7872;22423.4204492569;0
1814;1815;1815;30.7435;22453.2076482773;30.7435;22453.2076482773;0
1815;1816;1816;31.0278;22483.9511480331;31.0278;22483.9511480331;0
1816;1817;1817;31.4648;22514.9789476395;31.4648;22514.9789476395;0
1817;1818;1818;31.4293;22546.4437475204;31.4293;22546.4437475204;0
1818;1819;1819;30.479;22577.8730478287;30.479;22577.8730478287;0
1819;1820;1820;31.276;22608.3520479202;31.276;22608.3520479202;0
1820;1821;1821;31.2007;22639.6280469894;31.2007;22639.6280469894;0
1821;1822;1822;33.5931;22670.8287477493;33.5931;22670.8287477493;0
1822;1823;1823;30.3455;22704.4218492508;30.3455;22704.4218492508;0
1823;1824;1824;30.5388;22734.7673482895;30.5388;22734.7673482895;0
1824;1825;1825;32.2758;22765.3061475754;32.2758;22765.3061475754;0
1825;1826;1826;31.4694;22797.581946373;31.4694;22797.581946373;0
1826;1827;1827;31.922;22829.0513467789;31.922;22829.0513467789;0
1827;1828;1828;30.5992;22860.9733457565;30.5992;22860.9733457565;0
1828;1829;1829;30.4491;22891.5725450516;30.4491;22891.5725450516;0
1829;1830;1830;30.2219;22922.021645546;30.2219;22922.021645546;0
1830;1831;1831;32.1531;22952.2435445786;32.1531;22952.2435445786;0
1831;1832;1832;30.9098;22984.3966436386;30.9098;22984.3966436386;0
1832;1833;1833;31.0919;23015.3064432144;31.0919;23015.3064432144;0
1833;1834;1834;30.8499;23046.3983430862;30.8499;23046.3983430862;0
1834;1835;1835;30.4093;23077.2482423782;30.4093;23077.2482423782;0
1835;1836;1836;32.1807;23107.6575422287;32.1807;23107.6575422287;0
1836;1837;1837;30.5822;23139.8382406235;30.5822;23139.8382406235;0
1837;1838;1838;32.3636;23170.4204397202;32.3636;23170.4204397202;0
1838;1839;1839;30.9076;23202.7840414047;30.9076;23202.7840414047;0
1839;1840;1840;31.017;23233.6916418076;31.017;23233.6916418076;0
1840;1841;1841;32.5216;23264.7086420059;32.5216;23264.7086420059;0
1841;1842;1842;32.6957;23297.2302408218;32.6957;23297.2302408218;0
1842;1843;1843;31.4755;23329.925942421;31.4755;23329.925942421;0
1843;1844;1844;30.2734;23361.4014425278;30.2734;23361.4014425278;0
1844;1845;1845;31.6104;23391.6748418808;31.6104;23391.6748418808;0
1845;1846;1846;30.2406;23423.285241127;30.2406;23423.285241127;0
1846;1847;1847;31.7158;23453.525841713;31.7158;23453.525841713;0
1847;1848;1848;31.4779;23485.2416410446;31.4779;23485.2416410446;0
1848;1849;1849;30.1793;23516.719540596;30.1793;23516.719540596;0
1849;1850;1850;32.0194;23546.8988409042;32.0194;23546.8988409042;0
1850;1851;1851;31.0966;23578.9182424545;31.0966;23578.9182424545;0
1851;1852;1852;31.122;23610.0148420334;31.122;23610.0148420334;0
1852;1853;1853;30.5332;23641.136841774;30.5332;23641.136841774;0
1853;1854;1854;31.6911;23671.6700410843;31.6911;23671.6700410843;0
1854;1855;1855;30.5615;23703.3611402512;30.5615;23703.3611402512;0
1855;1856;1856;31.5306;23733.9226408005;31.5306;23733.9226408005;0
1856;1857;1857;33.0763;23765.4532403946;33.0763;23765.4532403946;0
1857;1858;1858;30.3767;23798.5295419693;30.3767;23798.5295419693;0
1858;1859;1859;32.2256;23828.9062414169;32.2256;23828.9062414169;0
1859;1860;1860;31.417;23861.1318426132;31.417;23861.1318426132;0
1860;1861;1861;31.0934;23892.5488424301;31.0934;23892.5488424301;0
1861;1862;1862;30.9344;23923.642241478;30.9344;23923.642241478;0
1862;1863;1863;30.7372;23954.5766420364;30.7372;23954.5766420364;0
1863;1864;1864;31.9854;23985.3138418198;31.9854;23985.3138418198;0
1864;1865;1865;32.8696;24017.299241066;32.8696;24017.299241066;0
1865;1866;1866;28.5644;24050.1688394547;28.5644;24050.1688394547;0
1866;1867;1867;31.8814;24078.7332391739;31.8814;24078.7332391739;0
1867;1868;1868;31.0464;24110.6146383286;31.0464;24110.6146383286;0
1868;1869;1869;30.6825;24141.6610383987;30.6825;24141.6610383987;0
1869;1870;1870;31.7052;24172.343539238;31.7052;24172.343539238;0
1870;1871;1871;31.0911;24204.0487394333;31.0911;24204.0487394333;0
1871;1872;1872;30.0899;24235.139840126;30.0899;24235.139840126;0
1872;1873;1873;34.4475;24265.2297391891;34.4475;24265.2297391891;0
1873;1874;1874;29.4871;24299.6772375107;29.4871;24299.6772375107;0
1874;1875;1875;33.3597;24329.1643381119;33.3597;24329.1643381119;0
1875;1876;1876;29.0076;24362.5240373611;29.0076;24362.5240373611;0
1876;1877;1877;33.6275;24391.5316381454;33.6275;24391.5316381454;0
1877;1878;1878;30.4372;24425.1591367722;30.4372;24425.1591367722;0
1878;1879;1879;29.4606;24455.5963373184;29.4606;24455.5963373184;0
1879;1880;1880;31.408;24485.0569372177;31.408;24485.0569372177;0
1880;1881;1881;30.5234;24516.4649362564;30.5234;24516.4649362564;0
1881;1882;1882;32.64;24546.9883356094;32.64;24546.9883356094;0
1882;1883;1883;31.2662;24579.6283349991;31.2662;24579.6283349991;0
1883;1884;1884;30.4987;24610.894534111;30.4987;24610.894534111;0
1884;1885;1885;32.3248;24641.3932332993;32.3248;24641.3932332993;0
1885;1886;1886;30.6036;24673.7180318832;30.6036;24673.7180318832;0
1886;1887;1887;32.1399;24704.3216314316;32.1399;24704.3216314316;0
1887;1888;1888;30.7332;24736.4615316391;30.7332;24736.4615316391;0
1888;1889;1889;33.2757;24767.1947317123;33.2757;24767.1947317123;0
1889;1890;1890;30.5014;24800.4704313278;30.5014;24800.4704313278;0
1890;1891;1891;32.3244;24830.9718313217;32.3244;24830.9718313217;0
1891;1892;1892;30.4099;24863.2962293625;30.4099;24863.2962293625;0
1892;1893;1893;30.9347;24893.7061300278;30.9347;24893.7061300278;0
1893;1894;1894;31.8071;24924.64083004;31.8071;24924.64083004;0
1894;1895;1895;30.9361;24956.447930336;30.9361;24956.447930336;0
1895;1896;1896;32.2014;24987.3840303421;32.2014;24987.3840303421;0
1896;1897;1897;31.5417;25019.5854310989;31.5417;25019.5854310989;0
1897;1898;1898;29.6773;25051.1271314621;29.6773;25051.1271314621;0
1898;1899;1899;32.4213;25080.8044309616;32.4213;25080.8044309616;0
1899;1900;1900;32.2793;25113.2257299423;32.2793;25113.2257299423;0
1900;1901;1901;31.5941;25145.505030632;31.5941;25145.505030632;0
1901;1902;1902;31.4591;25177.0991296768;31.4591;25177.0991296768;0
1902;1903;1903;31.6409;25208.5582304001;31.6409;25208.5582304001;0
1903;1904;1904;30.9665;25240.1991300583;30.9665;25240.1991300583;0
1904;1905;1905;32.9631;25271.1656293869;32.9631;25271.1656293869;0
1905;1906;1906;30.3935;25304.1287298203;30.3935;25304.1287298203;0
1906;1907;1907;31.5846;25334.5222291946;31.5846;25334.5222291946;0
1907;1908;1908;32.1445;25366.1068296432;32.1445;25366.1068296432;0
1908;1909;1909;30.3928;25398.2513303757;30.3928;25398.2513303757;0
1909;1910;1910;32.7467;25428.6441297531;32.7467;25428.6441297531;0
1910;1911;1911;29.9067;25461.39083004;29.9067;25461.39083004;0
1911;1912;1912;31.0006;25491.2975301743;31.0006;25491.2975301743;0
1912;1913;1913;31.567;25522.2981309891;31.567;25522.2981309891;0
1913;1914;1914;32.4472;25553.8651304245;32.4472;25553.8651304245;0
1914;1915;1915;30.1905;25586.3123311996;30.1905;25586.3123311996;0
1915;1916;1916;30.4126;25616.502831459;30.4126;25616.502831459;0
1916;1917;1917;30.6042;25646.9154310226;30.6042;25646.9154310226;0
1917;1918;1918;31.6649;25677.5196313858;31.6649;25677.5196313858;0
1918;1919;1919;30.4345;25709.1845312119;30.4345;25709.1845312119;0
1919;1920;1920;31.1432;25739.6190309525;31.1432;25739.6190309525;0
1920;1921;1921;33.2362;25770.7622308731;33.2362;25770.7622308731;0
1921;1922;1922;31.7116;25803.9984292984;31.7116;25803.9984292984;0
1922;1923;1923;30.2671;25835.7100286484;30.2671;25835.7100286484;0
1923;1924;1924;32.0195;25865.9771280289;32.0195;25865.9771280289;0
1924;1925;1925;31.4344;25897.9966287613;31.4344;25897.9966287613;0
1925;1926;1926;30.972;25929.4310293198;30.972;25929.4310293198;0
1926;1927;1927;30.1703;25960.4030294418;30.1703;25960.4030294418;0
1927;1928;1928;31.837;25990.5733289719;31.837;25990.5733289719;0
1928;1929;1929;29.4551;26022.4103288651;29.4551;26022.4103288651;0
1929;1930;1930;31.57;26051.8654279709;31.57;26051.8654279709;0
1930;1931;1931;31.0354;26083.4354276657;31.0354;26083.4354276657;0
1931;1932;1932;31.077;26114.4708280563;31.077;26114.4708280563;0
1932;1933;1933;31.25;26145.5478277206;31.25;26145.5478277206;0
1933;1934;1934;30.5318;26176.7978277206;30.5318;26176.7978277206;0
1934;1935;1935;31.551;26207.329627037;31.551;26207.329627037;0
1935;1936;1936;30.8598;26238.8806276321;30.8598;26238.8806276321;0
1936;1937;1937;34.7564;26269.7404279709;34.7564;26269.7404279709;0
1937;1938;1938;30.2859;26304.4968290329;30.2859;26304.4968290329;0
1938;1939;1939;31.081;26334.7827291489;31.081;26334.7827291489;0
1939;1940;1940;31.0843;26365.8637285233;31.0843;26365.8637285233;0
1940;1941;1941;30.5739;26396.9480276108;30.5739;26396.9480276108;0
1941;1942;1942;30.9854;26427.5219278336;30.9854;26427.5219278336;0
1942;1943;1943;30.5672;26458.5073270798;30.5672;26458.5073270798;0
1943;1944;1944;30.9019;26489.0745267868;30.9019;26489.0745267868;0
1944;1945;1945;31.1023;26519.9764261246;31.1023;26519.9764261246;0
1945;1946;1946;31.0458;26551.0787267685;31.0458;26551.0787267685;0
1946;1947;1947;30.1481;26582.1245260239;30.1481;26582.1245260239;0
1947;1948;1948;30.8923;26612.2726259232;30.8923;26612.2726259232;0
1948;1949;1949;32.0294;26643.1649255753;32.0294;26643.1649255753;0
1949;1950;1950;30.4076;26675.1943254471;30.4076;26675.1943254471;0
1950;1951;1951;30.6771;26705.6019258499;30.6771;26705.6019258499;0
1951;1952;1952;31.8755;26736.2790250778;31.8755;26736.2790250778;0
1952;1953;1953;30.1354;26768.1545248032;30.1354;26768.1545248032;0
1953;1954;1954;30.344;26798.2899255753;30.344;26798.2899255753;0
1954;1955;1955;30.6219;26828.6339254379;30.6219;26828.6339254379;0
1955;1956;1956;29.9339;26859.2558259964;29.9339;26859.2558259964;0
1956;1957;1957;30.7991;26889.1897268295;30.7991;26889.1897268295;0
1957;1958;1958;30.2791;26919.9888277054;30.2791;26919.9888277054;0
1958;1959;1959;30.1185;26950.2679281235;30.1185;26950.2679281235;0
1959;1960;1960;30.0447;26980.3864278793;30.0447;26980.3864278793;0
1960;1961;1961;29.5377;27010.4311285019;29.5377;27010.4311285019;0
1961;1962;1962;29.8881;27039.968829155;29.8881;27039.968829155;0
1962;1963;1963;30.4076;27069.8569288254;30.4076;27069.8569288254;0
1963;1964;1964;29.5501;27100.2645292282;29.5501;27100.2645292282;0
1964;1965;1965;31.4036;27129.8146295547;31.4036;27129.8146295547;0
1965;1966;1966;30.5171;27161.2182302475;30.5171;27161.2182302475;0
1966;1967;1967;34.7831;27191.735329628;34.7831;27191.735329628;0
1967;1968;1968;28.8566;27226.5184297562;28.8566;27226.5184297562;0
1968;1969;1969;30.725;27255.3750295639;30.725;27255.3750295639;0
1969;1970;1970;30.5509;27286.1000299454;30.5509;27286.1000299454;0
1970;1971;1971;29.9529;27316.650929451;29.9529;27316.650929451;0
1971;1972;1972;30.1502;27346.6038293839;30.1502;27346.6038293839;0
1972;1973;1973;29.1185;27376.754029274;29.1185;27376.754029274;0
1973;1974;1974;31.1521;27405.8725290298;31.1521;27405.8725290298;0
1974;1975;1975;29.1074;27437.0246286392;29.1074;27437.0246286392;0
1975;1976;1976;30.1964;27466.132027626;30.1964;27466.132027626;0
1976;1977;1977;31.3654;27496.3284273148;31.3654;27496.3284273148;0
1977;1978;1978;29.6041;27527.6938276291;29.6041;27527.6938276291;0
1978;1979;1979;31.197;27557.2979269028;31.197;27557.2979269028;0
1979;1980;1980;28.9575;27588.4949274063;28.9575;27588.4949274063;0
1980;1981;1981;30.5637;27617.4524278641;30.5637;27617.4524278641;0
1981;1982;1982;33.2567;27648.0161275864;33.2567;27648.0161275864;0
1982;1983;1983;29.4883;27681.2728261948;29.4883;27681.2728261948;0
1983;1984;1984;31.3012;27710.7611265182;31.3012;27710.7611265182;0
1984;1985;1985;31.3243;27742.0623273849;31.3243;27742.0623273849;0
1985;1986;1986;29.5005;27773.3866281509;29.5005;27773.3866281509;0
1986;1987;1987;29.5541;27802.8871278763;29.5541;27802.8871278763;0
1987;1988;1988;30.9077;27832.4412279129;30.9077;27832.4412279129;0
1988;1989;1989;31.3458;27863.3489274979;31.3458;27863.3489274979;0
1989;1990;1990;30.162;27894.6947278976;30.162;27894.6947278976;0
1990;1991;1991;30.1441;27924.8567285538;30.1441;27924.8567285538;0
1991;1992;1992;30.2578;27955.000828743;30.2578;27955.000828743;0
1992;1993;1993;30.5732;27985.2586278915;30.5732;27985.2586278915;0
1993;1994;1994;30.5825;28015.8318281174;30.5825;28015.8318281174;0
1994;1995;1995;31.035;28046.4143285751;31.035;28046.4143285751;0
1995;1996;1996;29.9087;28077.4493284225;29.9087;28077.4493284225;0
1996;1997;1997;34.0922;28107.3580274582;34.0922;28107.3580274582;0
1997;1998;1998;31.4736;28141.4502286911;31.4736;28141.4502286911;0
1998;1999;1999;31.8964;28172.9238290787;31.8964;28172.9238290787;0
1999;2000;2000;34.2506;28204.8202295303;34.2506;28204.8202295303;0
